Date,Close
2011-01-03,96.67908477783203
2011-01-04,96.62584686279297
2011-01-05,97.12804412841797
2011-01-06,96.93779754638672
2011-01-07,96.74758911132812
2011-01-10,96.62584686279297
2011-01-11,96.96829223632812
2011-01-12,97.8433609008789
2011-01-13,97.68355560302734
2011-01-14,98.39124298095703
2011-01-18,98.55867004394531
2011-01-19,97.59223937988281
2011-01-20,97.46288299560547
2011-01-21,97.68355560302734
2011-01-24,98.23904418945312
2011-01-25,98.29229736328125
2011-01-26,98.67281341552734
2011-01-27,98.91634368896484
2011-01-28,97.18892669677734
2011-01-31,97.91944885253906
2011-02-01,99.48705291748047
2011-02-02,99.29676818847656
2011-02-03,99.51747131347656
2011-02-04,99.79903411865234
2011-02-07,100.42298126220703
2011-02-08,100.87957763671875
2011-02-09,100.65129852294922
2011-02-10,100.68934631347656
2011-02-11,101.29045104980469
2011-02-14,101.53399658203125
2011-02-15,101.2143783569336
2011-02-16,101.85357666015625
2011-02-17,102.15796661376953
2011-02-18,102.37102508544922
2011-02-22,100.31645202636719
2011-02-23,99.70008850097656
2011-02-24,99.6315689086914
2011-02-25,100.69692993164062
2011-02-28,101.32091522216797
2011-03-01,99.6315689086914
2011-03-02,99.84465026855469
2011-03-03,101.56441497802734
2011-03-04,100.80348205566406
2011-03-07,100.01206970214844
2011-03-08,100.88721466064453
2011-03-09,100.74260711669922
2011-03-10,98.87825775146484
2011-03-11,99.56311798095703
2011-03-14,98.96195220947266
2011-03-15,97.82817077636719
2011-03-16,96.01705932617188
2011-03-17,97.2878646850586
2011-03-18,97.64173126220703
2011-03-21,99.15493774414062
2011-03-22,98.8110580444336
2011-03-23,99.09378814697266
2011-03-24,100.04149627685547
2011-03-25,100.3471908569336
2011-03-28,100.1026382446289
2011-03-29,100.77519989013672
2011-03-30,101.47061920166016
2011-03-31,101.33307647705078
2011-04-01,101.7611083984375
2011-04-04,101.84516143798828
2011-04-05,101.82988739013672
2011-04-06,102.15081787109375
2011-04-07,101.8910140991211
2011-04-08,101.53941345214844
2011-04-11,101.23375701904297
2011-04-12,100.47710418701172
2011-04-13,100.46949005126953
2011-04-14,100.54589080810547
2011-04-15,100.91275787353516
2011-04-18,99.78164672851562
2011-04-19,100.35485076904297
2011-04-20,101.72286987304688
2011-04-21,102.24256896972656
2011-04-25,102.13555145263672
2011-04-26,103.01445770263672
2011-04-27,103.68702697753906
2011-04-28,104.02332305908203
2011-04-29,104.26783752441406
2011-05-02,104.10733795166016
2011-05-03,103.7328872680664
2011-05-04,103.04502868652344
2011-05-05,102.11265563964844
2011-05-06,102.56354522705078
2011-05-09,102.9609603881836
2011-05-10,103.83987426757812
2011-05-11,102.74698638916016
2011-05-12,103.23609161376953
2011-05-13,102.44125366210938
2011-05-16,101.79161834716797
2011-05-17,101.77635192871094
2011-05-18,102.68582916259766
2011-05-19,102.93037414550781
2011-05-20,102.11265563964844
2011-05-23,100.92801666259766
2011-05-24,100.84395599365234
2011-05-25,101.18024444580078
2011-05-26,101.64640045166016
2011-05-27,102.03621673583984
2011-05-31,103.0985107421875
2011-06-01,100.78282928466797
2011-06-02,100.67581176757812
2011-06-03,99.67462921142578
2011-06-06,98.61995697021484
2011-06-07,98.558837890625
2011-06-08,98.1461181640625
2011-06-09,98.8951187133789
2011-06-10,97.51942443847656
2011-06-13,97.59585571289062
2011-06-14,98.83396911621094
2011-06-15,97.07618713378906
2011-06-16,97.29015350341797
2011-06-17,97.58049011230469
2011-06-20,98.07970428466797
2011-06-21,99.42375946044922
2011-06-22,98.82472229003906
2011-06-23,98.54053497314453
2011-06-24,97.39614868164062
2011-06-27,98.2640380859375
2011-06-28,99.54668426513672
2011-06-29,100.39922332763672
2011-06-30,101.3592758178711
2011-07-01,102.85693359375
2011-07-05,102.77251434326172
2011-07-06,102.89540100097656
2011-07-07,103.96296691894531
2011-07-08,103.22562408447266
2011-07-11,101.3592758178711
2011-07-12,100.92147827148438
2011-07-13,101.25945281982422
2011-07-14,100.56048583984375
2011-07-15,101.14419555664062
2011-07-18,100.31472778320312
2011-07-19,101.94300079345703
2011-07-20,101.88153839111328
2011-07-21,103.29475402832031
2011-07-22,103.36385345458984
2011-07-25,102.7878189086914
2011-07-26,102.40382385253906
2011-07-27,100.30707550048828
2011-07-28,100.01521301269531
2011-07-29,99.33161926269531
2011-08-01,98.90921020507812
2011-08-02,96.38233184814453
2011-08-03,96.90460968017578
2011-08-04,92.36543273925781
2011-08-05,92.22720336914062
2011-08-08,86.22105407714844
2011-08-09,90.23026275634766
2011-08-10,86.24408721923828
2011-08-11,90.11507415771484
2011-08-12,90.72180938720703
2011-08-15,92.64195251464844
2011-08-16,91.85083770751953
2011-08-17,91.91230010986328
2011-08-18,87.94915771484375
2011-08-19,86.51289367675781
2011-08-22,86.58201599121094
2011-08-23,89.43147277832031
2011-08-24,90.69108581542969
2011-08-25,89.30860900878906
2011-08-26,90.60661315917969
2011-08-29,93.21026611328125
2011-08-30,93.45606994628906
2011-08-31,93.87081146240234
2011-09-01,92.8876953125
2011-09-02,90.51443481445312
2011-09-06,89.85388946533203
2011-09-07,92.38845825195312
2011-09-08,91.42843627929688
2011-09-09,89.03208923339844
2011-09-12,89.60812377929688
2011-09-13,90.42996215820312
2011-09-14,91.68189239501953
2011-09-15,93.26404571533203
2011-09-16,93.8160400390625
2011-09-19,92.88188934326172
2011-09-20,92.77381896972656
2011-09-21,90.0408706665039
2011-09-22,87.13033294677734
2011-09-23,87.65531921386719
2011-09-26,89.73976135253906
2011-09-27,90.74339294433594
2011-09-28,88.89055633544922
2011-09-29,89.59308624267578
2011-09-30,87.35420989990234
2011-10-03,84.86831665039062
2011-10-04,86.72889709472656
2011-10-05,88.33468627929688
2011-10-06,89.93277740478516
2011-10-07,89.33059692382812
2011-10-10,92.31831359863281
2011-10-11,92.41096496582031
2011-10-12,93.22158813476562
2011-10-13,93.03629302978516
2011-10-14,94.62666320800781
2011-10-17,92.8201904296875
2011-10-18,94.63440704345703
2011-10-19,93.51494598388672
2011-10-20,93.92413330078125
2011-10-21,95.70746612548828
2011-10-24,96.88097381591797
2011-10-25,94.99723052978516
2011-10-26,95.96227264404297
2011-10-27,99.30513000488281
2011-10-28,99.28195190429688
2011-10-31,96.88868713378906
2011-11-01,94.18663787841797
2011-11-02,95.72291564941406
2011-11-03,97.46772003173828
2011-11-04,96.8732681274414
2011-11-07,97.4754409790039
2011-11-08,98.72608184814453
2011-11-09,95.0821533203125
2011-11-10,95.97769165039062
2011-11-11,97.78422546386719
2011-11-14,96.85779571533203
2011-11-15,97.33647918701172
2011-11-16,95.79243469238281
2011-11-17,94.27153778076172
2011-11-18,94.17119598388672
2011-11-21,92.38011932373047
2011-11-22,92.01722717285156
2011-11-23,89.98682403564453
2011-11-25,89.81694793701172
2011-11-28,92.41868591308594
2011-11-29,92.68118286132812
2011-11-30,96.49496459960938
2011-12-01,96.4795150756836
2011-12-02,96.39460754394531
2011-12-05,97.44454193115234
2011-12-06,97.4754409790039
2011-12-07,97.8382797241211
2011-12-08,95.69206237792969
2011-12-09,97.31329345703125
2011-12-12,95.89277648925781
2011-12-13,94.99723052978516
2011-12-14,93.98592376708984
2011-12-15,94.32557678222656
2011-12-16,94.46540832519531
2011-12-19,93.4554443359375
2011-12-20,96.28343200683594
2011-12-21,96.4698715209961
2011-12-22,97.3244857788086
2011-12-23,98.19462585449219
2011-12-27,98.2723388671875
2011-12-28,96.982666015625
2011-12-29,97.98486328125
2011-12-30,97.5031509399414
2012-01-03,99.0570068359375
2012-01-04,99.2123794555664
2012-01-05,99.47653198242188
2012-01-06,99.22014617919922
2012-01-09,99.46099853515625
2012-01-10,100.32340240478516
2012-01-11,100.37777709960938
2012-01-12,100.61861419677734
2012-01-13,100.09806060791016
2012-01-17,100.48654174804688
2012-01-18,101.59752655029297
2012-01-19,102.13361358642578
2012-01-20,102.5143051147461
2012-01-23,102.25012969970703
2012-01-24,102.13361358642578
2012-01-25,102.98823547363281
2012-01-26,102.45992279052734
2012-01-27,102.41329193115234
2012-01-30,102.06366729736328
2012-01-31,102.02481079101562
2012-02-01,102.91827392578125
2012-02-02,103.08145904541016
2012-02-03,104.52649688720703
2012-02-06,104.45658874511719
2012-02-07,104.72074127197266
2012-02-08,105.031494140625
2012-02-09,105.16355895996094
2012-02-10,104.38667297363281
2012-02-13,105.16355895996094
2012-02-14,105.031494140625
2012-02-15,104.54203796386719
2012-02-16,105.69965362548828
2012-02-17,105.97933197021484
2012-02-21,106.0259780883789
2012-02-22,105.68409729003906
2012-02-23,106.1502685546875
2012-02-24,106.38333129882812
2012-02-27,106.56207275390625
2012-02-28,106.87278747558594
2012-02-29,106.4532241821289
2012-03-01,107.0048599243164
2012-03-02,106.6785659790039
2012-03-05,106.24349975585938
2012-03-06,104.68966674804688
2012-03-07,105.41998291015625
2012-03-08,106.46878814697266
2012-03-09,106.88056182861328
2012-03-12,106.88833618164062
2012-03-13,108.81507873535156
2012-03-14,108.69857788085938
2012-03-15,109.32785034179688
2012-03-16,109.47926330566406
2012-03-19,109.90846252441406
2012-03-20,109.5884780883789
2012-03-21,109.40901184082031
2012-03-22,108.62091064453125
2012-03-23,108.97205352783203
2012-03-26,110.50141906738281
2012-03-27,110.15814208984375
2012-03-28,109.61189270019531
2012-03-29,109.42462158203125
2012-03-30,109.87725067138672
2012-04-02,110.68097686767578
2012-04-03,110.22834777832031
2012-04-04,109.1358642578125
2012-04-05,109.08129119873047
2012-04-09,107.85618591308594
2012-04-10,106.04581451416016
2012-04-11,106.9041519165039
2012-04-12,108.30091094970703
2012-04-13,107.01346588134766
2012-04-16,106.94317626953125
2012-04-17,108.52727508544922
2012-04-18,108.16050720214844
2012-04-19,107.46601104736328
2012-04-20,107.64550018310547
2012-04-23,106.74028015136719
2012-04-24,107.14606475830078
2012-04-25,108.61307525634766
2012-04-26,109.36997985839844
2012-04-27,109.54947662353516
2012-04-30,109.14374542236328
2012-05-01,109.8226089477539
2012-05-02,109.494873046875
2012-05-03,108.659912109375
2012-05-04,106.9041519165039
2012-05-07,106.98223876953125
2012-05-08,106.55307006835938
2012-05-09,105.92097473144531
2012-05-10,106.13945770263672
2012-05-11,105.81953430175781
2012-05-14,104.64905548095703
2012-05-15,104.0482177734375
2012-05-16,103.65022277832031
2012-05-17,102.11299133300781
2012-05-18,101.23902893066406
2012-05-21,102.97917938232422
2012-05-22,103.15866088867188
2012-05-23,103.21326446533203
2012-05-24,103.4161605834961
2012-05-25,103.08059692382812
2012-05-29,104.3291015625
2012-05-30,102.81529235839844
2012-05-31,102.5890121459961
2012-06-01,100.0061264038086
2012-06-04,99.9593276977539
2012-06-05,100.71621704101562
2012-06-06,102.97917938232422
2012-06-07,103.04157257080078
2012-06-08,103.86091613769531
2012-06-11,102.54216766357422
2012-06-12,103.7204818725586
2012-06-13,103.05721282958984
2012-06-14,104.14964294433594
2012-06-15,105.21484375
2012-06-18,105.41869354248047
2012-06-19,106.43841552734375
2012-06-20,106.26586151123047
2012-06-21,103.88141632080078
2012-06-22,104.68146514892578
2012-06-25,103.00287628173828
2012-06-26,103.52059173583984
2012-06-27,104.4540023803711
2012-06-28,104.15592193603516
2012-06-29,106.75216674804688
2012-07-02,107.0737533569336
2012-07-03,107.7796630859375
2012-07-05,107.29334259033203
2012-07-06,106.27371215820312
2012-07-09,106.14039611816406
2012-07-10,105.21484375
2012-07-11,105.23052215576172
2012-07-12,104.72067260742188
2012-07-13,106.4776382446289
2012-07-16,106.22664642333984
2012-07-17,106.95609283447266
2012-07-18,107.74829864501953
2012-07-19,108.0306625366211
2012-07-20,107.04241180419922
2012-07-23,105.9599609375
2012-07-24,105.05007934570312
2012-07-25,105.0736312866211
2012-07-26,106.80706787109375
2012-07-27,108.77580261230469
2012-07-30,108.77580261230469
2012-07-31,108.0150146484375
2012-08-01,107.92086029052734
2012-08-02,107.1757583618164
2012-08-03,109.30138397216797
2012-08-06,109.51314544677734
2012-08-07,110.06221008300781
2012-08-08,110.19554901123047
2012-08-09,110.28968048095703
2012-08-10,110.47003173828125
2012-08-13,110.4151840209961
2012-08-14,110.43084716796875
2012-08-15,110.55633544921875
2012-08-16,111.37210845947266
2012-08-17,111.52105712890625
2012-08-20,111.52900695800781
2012-08-21,111.19168090820312
2012-08-22,111.23873138427734
2012-08-23,110.32889556884766
2012-08-24,110.99553680419922
2012-08-27,111.01909637451172
2012-08-28,110.9093246459961
2012-08-29,110.99553680419922
2012-08-30,110.19554901123047
2012-08-31,110.7210922241211
2012-09-04,110.61906433105469
2012-09-05,110.52496337890625
2012-09-06,112.76824951171875
2012-09-07,113.20751953125
2012-09-10,112.56427764892578
2012-09-11,112.8780746459961
2012-09-12,113.25460815429688
2012-09-13,114.98013305664062
2012-09-14,115.49000549316406
2012-09-17,115.0978012084961
2012-09-18,115.00364685058594
2012-09-19,115.0664291381836
2012-09-20,115.07429504394531
2012-09-21,115.02619171142578
2012-09-24,114.85269165039062
2012-09-25,113.63044738769531
2012-09-26,112.99173736572266
2012-09-27,114.05626678466797
2012-09-28,113.52798461914062
2012-10-01,113.82759094238281
2012-10-02,113.94586181640625
2012-10-03,114.41111755371094
2012-10-04,115.23120880126953
2012-10-05,115.23909759521484
2012-10-08,114.8448257446289
2012-10-09,113.70931243896484
2012-10-10,112.98381042480469
2012-10-11,113.04691314697266
2012-10-12,112.67633819580078
2012-10-15,113.61470794677734
2012-10-16,114.7659912109375
2012-10-17,115.28640747070312
2012-10-18,114.98674011230469
2012-10-19,113.07060241699219
2012-10-22,113.08634948730469
2012-10-23,111.51709747314453
2012-10-24,111.20169067382812
2012-10-25,111.5250244140625
2012-10-26,111.4619140625
2012-10-31,111.4619140625
2012-11-01,112.62897491455078
2012-11-02,111.62750244140625
2012-11-05,111.85623931884766
2012-11-06,112.73149108886719
2012-11-07,110.1766357421875
2012-11-08,108.8518295288086
2012-11-09,108.94645690917969
2012-11-12,109.03316497802734
2012-11-13,108.6546630859375
2012-11-14,107.1880111694336
2012-11-15,107.00659942626953
2012-11-16,107.53495025634766
2012-11-19,109.7113037109375
2012-11-20,109.75863647460938
2012-11-21,109.96368408203125
2012-11-23,111.4619140625
2012-11-26,111.22534942626953
2012-11-27,110.65762329101562
2012-11-28,111.54871368408203
2012-11-29,112.0691146850586
2012-11-30,112.09280395507812
2012-12-03,111.54080200195312
2012-12-04,111.38304901123047
2012-12-05,111.58019256591797
2012-12-06,111.95870971679688
2012-12-07,112.29781341552734
2012-12-10,112.34507751464844
2012-12-11,113.11001586914062
2012-12-12,113.1651611328125
2012-12-13,112.4712905883789
2012-12-14,112.05332946777344
2012-12-17,113.37022399902344
2012-12-18,114.6319351196289
2012-12-19,113.78025817871094
2012-12-20,114.43478393554688
2012-12-21,113.39605712890625
2012-12-24,113.04661560058594
2012-12-26,112.570068359375
2012-12-27,112.41919708251953
2012-12-28,111.20421600341797
2012-12-31,113.09427642822266
2013-01-02,115.99288940429688
2013-01-03,115.73089599609375
2013-01-04,116.23906707763672
2013-01-07,115.92139434814453
2013-01-08,115.58783721923828
2013-01-09,115.8817138671875
2013-01-10,116.80289459228516
2013-01-11,116.79500579833984
2013-01-14,116.715576171875
2013-01-15,116.79500579833984
2013-01-16,116.77911376953125
2013-01-17,117.53353118896484
2013-01-18,117.79560089111328
2013-01-22,118.4309310913086
2013-01-23,118.62146759033203
2013-01-24,118.65331268310547
2013-01-25,119.32040405273438
2013-01-28,119.17743682861328
2013-01-29,119.64598083496094
2013-01-30,119.17743682861328
2013-01-31,118.88357543945312
2013-02-01,120.10658264160156
2013-02-04,118.7564697265625
2013-02-05,119.95569610595703
2013-02-06,120.04306030273438
2013-02-07,119.8841781616211
2013-02-08,120.55128479003906
2013-02-11,120.5274658203125
2013-02-12,120.72598266601562
2013-02-13,120.82920837402344
2013-02-14,120.94042205810547
2013-02-15,120.79749298095703
2013-02-19,121.70280456542969
2013-02-20,120.18592834472656
2013-02-21,119.45535278320312
2013-02-22,120.62271881103516
2013-02-25,118.3276596069336
2013-02-26,119.13768768310547
2013-02-27,120.63865661621094
2013-02-28,120.40044403076172
2013-03-01,120.79749298095703
2013-03-04,121.44071960449219
2013-03-05,122.52869415283203
2013-03-06,122.69548034667969
2013-03-07,122.91780853271484
2013-03-08,123.44198608398438
2013-03-11,123.91048431396484
2013-03-12,123.63257598876953
2013-03-13,123.80728149414062
2013-03-14,124.4664077758789
2013-03-15,124.30215454101562
2013-03-18,123.61615753173828
2013-03-19,123.32890319824219
2013-03-20,124.19046783447266
2013-03-21,123.12947845458984
2013-03-22,124.11862182617188
2013-03-25,123.60011291503906
2013-03-26,124.58932495117188
2013-03-27,124.58932495117188
2013-03-28,124.97212219238281
2013-04-01,124.47756958007812
2013-04-02,125.09178924560547
2013-04-03,123.8235092163086
2013-04-04,124.32610321044922
2013-04-05,123.76762390136719
2013-04-08,124.6052017211914
2013-04-09,125.0359878540039
2013-04-10,126.56745147705078
2013-04-11,126.98223114013672
2013-04-12,126.67117309570312
2013-04-15,123.73570251464844
2013-04-16,125.56244659423828
2013-04-17,123.72775268554688
2013-04-18,122.95404052734375
2013-04-19,124.02294158935547
2013-04-22,124.57328033447266
2013-04-23,125.85759735107422
2013-04-24,125.93730163574219
2013-04-25,126.44783782958984
2013-04-26,126.22457122802734
2013-04-29,127.070068359375
2013-04-30,127.37316131591797
2013-05-01,126.25642395019531
2013-05-02,127.42901611328125
2013-05-03,128.72125244140625
2013-05-06,129.0482940673828
2013-05-07,129.70242309570312
2013-05-08,130.29263305664062
2013-05-09,129.92572021484375
2013-05-10,130.34848022460938
2013-05-13,130.45213317871094
2013-05-14,131.80030822753906
2013-05-15,132.5101318359375
2013-05-16,131.88800048828125
2013-05-17,133.16429138183594
2013-05-20,133.1563262939453
2013-05-21,133.34774780273438
2013-05-22,132.35862731933594
2013-05-23,131.97573852539062
2013-05-24,131.86407470703125
2013-05-28,132.65374755859375
2013-05-29,131.79229736328125
2013-05-30,132.27890014648438
2013-05-31,130.3804168701172
2013-06-03,131.0982666015625
2013-06-04,130.46812438964844
2013-06-05,128.6414794921875
2013-06-06,129.80604553222656
2013-06-07,131.45726013183594
2013-06-10,131.45726013183594
2013-06-11,130.10125732421875
2013-06-12,129.02435302734375
2013-06-13,130.98667907714844
2013-06-14,130.1650390625
2013-06-17,131.17010498046875
2013-06-18,132.2071075439453
2013-06-19,130.3804168701172
2013-06-20,127.14981079101562
2013-06-21,127.55801391601562
2013-06-24,125.94621276855469
2013-06-25,127.15699768066406
2013-06-26,128.41600036621094
2013-06-27,129.1697540283203
2013-06-28,128.64051818847656
2013-07-01,129.3943328857422
2013-07-02,129.27403259277344
2013-07-03,129.33018493652344
2013-07-05,130.7254638671875
2013-07-08,131.4712371826172
2013-07-09,132.41749572753906
2013-07-10,132.4656219482422
2013-07-11,134.26986694335938
2013-07-12,134.3259735107422
2013-07-15,134.83921813964844
2013-07-16,134.3340301513672
2013-07-17,134.67881774902344
2013-07-18,135.41659545898438
2013-07-19,135.65716552734375
2013-07-22,135.9217529296875
2013-07-23,135.6331024169922
2013-07-24,135.13597106933594
2013-07-25,135.4646759033203
2013-07-26,135.60903930664062
2013-07-29,135.19207763671875
2013-07-30,135.19207763671875
2013-07-31,135.2882843017578
2013-08-01,136.85195922851562
2013-08-02,137.08456420898438
2013-08-05,136.8840789794922
2013-08-06,136.10626220703125
2013-08-07,135.66513061523438
2013-08-08,136.1623992919922
2013-08-09,135.76943969726562
2013-08-12,135.60903930664062
2013-08-13,136.00994873046875
2013-08-14,135.31231689453125
2013-08-15,133.41986083984375
2013-08-16,132.9788360595703
2013-08-19,132.12879943847656
2013-08-20,132.77828979492188
2013-08-21,131.9604034423828
2013-08-22,133.1632843017578
2013-08-23,133.61228942871094
2013-08-26,133.1151123046875
2013-08-27,130.9740753173828
2013-08-28,131.43914794921875
2013-08-29,131.6476287841797
2013-08-30,131.2306671142578
2013-09-03,131.82412719726562
2013-09-04,132.91465759277344
2013-09-05,133.08306884765625
2013-09-06,133.1471710205078
2013-09-09,134.42227172851562
2013-09-10,135.41659545898438
2013-09-11,135.84158325195312
2013-09-12,135.480712890625
2013-09-13,135.78549194335938
2013-09-16,136.57131958007812
2013-09-17,137.18077087402344
2013-09-18,138.7685089111328
2013-09-19,138.53598022460938
2013-09-20,137.5673370361328
2013-09-23,136.9308319091797
2013-09-24,136.60848999023438
2013-09-25,136.21365356445312
2013-09-26,136.7374267578125
2013-09-27,136.10888671875
2013-09-30,135.38365173339844
2013-10-01,136.45538330078125
2013-10-02,136.32644653320312
2013-10-03,135.0693817138672
2013-10-04,136.09274291992188
2013-10-07,134.91629028320312
2013-10-08,133.344970703125
2013-10-09,133.44166564941406
2013-10-10,136.31837463378906
2013-10-11,137.1967315673828
2013-10-14,137.7446746826172
2013-10-15,136.74546813964844
2013-10-16,138.65521240234375
2013-10-17,139.58193969726562
2013-10-18,140.5247039794922
2013-10-21,140.53271484375
2013-10-22,141.34664916992188
2013-10-23,140.66978454589844
2013-10-24,141.13714599609375
2013-10-25,141.78173828125
2013-10-28,142.00738525390625
2013-10-29,142.76487731933594
2013-10-30,142.0557403564453
2013-10-31,141.65280151367188
2013-11-01,141.99127197265625
2013-11-04,142.49087524414062
2013-11-05,142.03961181640625
2013-11-06,142.76487731933594
2013-11-07,140.95982360839844
2013-11-08,142.86155700683594
2013-11-11,142.88572692871094
2013-11-12,142.59564208984375
2013-11-13,143.7399139404297
2013-11-14,144.45700073242188
2013-11-15,145.0855712890625
2013-11-18,144.5779571533203
2013-11-19,144.2636260986328
2013-11-20,143.81239318847656
2013-11-21,144.9727783203125
2013-11-22,145.69798278808594
2013-11-25,145.552978515625
2013-11-26,145.59323120117188
2013-11-27,145.94778442382812
2013-11-29,145.85110473632812
2013-12-02,145.4722900390625
2013-12-03,144.8438262939453
2013-12-04,144.82774353027344
2013-12-05,144.19113159179688
2013-12-06,145.80274963378906
2013-12-09,146.17337036132812
2013-12-10,145.6496124267578
2013-12-11,144.01382446289062
2013-12-12,143.5384063720703
2013-12-13,143.52232360839844
2013-12-16,144.41677856445312
2013-12-17,143.9574432373047
2013-12-18,146.41514587402344
2013-12-19,146.24594116210938
2013-12-20,147.0966033935547
2013-12-23,147.8825225830078
2013-12-24,148.20663452148438
2013-12-26,148.96005249023438
2013-12-27,148.95193481445312
2013-12-30,148.9276885986328
2013-12-31,149.63246154785156
2014-01-02,148.19845581054688
2014-01-03,148.17420959472656
2014-01-06,147.74476623535156
2014-01-07,148.65219116210938
2014-01-08,148.68460083007812
2014-01-09,148.78179931640625
2014-01-10,149.18692016601562
2014-01-13,147.2019500732422
2014-01-14,148.8060760498047
2014-01-15,149.608154296875
2014-01-16,149.4137725830078
2014-01-17,148.78179931640625
2014-01-21,149.2192840576172
2014-01-22,149.31655883789062
2014-01-23,148.09317016601562
2014-01-24,144.9334716796875
2014-01-27,144.22044372558594
2014-01-28,145.07931518554688
2014-01-29,143.68577575683594
2014-01-30,145.20892333984375
2014-01-31,144.35821533203125
2014-02-03,141.10935974121094
2014-02-04,142.09776306152344
2014-02-05,141.91957092285156
2014-02-06,143.7910614013672
2014-02-07,145.5734405517578
2014-02-10,145.84080505371094
2014-02-11,147.43687438964844
2014-02-12,147.5098419189453
2014-02-13,148.2714080810547
2014-02-14,149.08966064453125
2014-02-18,149.2678985595703
2014-02-19,148.27947998046875
2014-02-20,149.15447998046875
2014-02-21,148.98435974121094
2014-02-24,149.8107452392578
2014-02-25,149.75405883789062
2014-02-26,149.76205444335938
2014-02-27,150.54800415039062
2014-02-28,150.92880249023438
2014-03-03,149.8675079345703
2014-03-04,151.973876953125
2014-03-05,152.11170959472656
2014-03-06,152.46005249023438
2014-03-07,152.5248260498047
2014-03-10,152.44384765625
2014-03-11,151.69033813476562
2014-03-12,151.7309112548828
2014-03-13,150.02943420410156
2014-03-14,149.608154296875
2014-03-17,150.961181640625
2014-03-18,152.03868103027344
2014-03-19,151.2285919189453
2014-03-20,152.11170959472656
2014-03-21,151.5216827392578
2014-03-24,150.8950958251953
2014-03-25,151.6112060546875
2014-03-26,150.52076721191406
2014-03-27,150.2034454345703
2014-03-28,150.9438934326172
2014-03-31,152.18075561523438
2014-04-01,153.18988037109375
2014-04-02,153.70254516601562
2014-04-03,153.4990692138672
2014-04-04,151.68441772460938
2014-04-07,150.00808715820312
2014-04-08,150.6265106201172
2014-04-09,152.24595642089844
2014-04-10,149.0478515625
2014-04-11,147.7051239013672
2014-04-14,148.8688507080078
2014-04-15,149.89413452148438
2014-04-16,151.46475219726562
2014-04-17,151.67625427246094
2014-04-21,152.20526123046875
2014-04-22,152.89694213867188
2014-04-23,152.5388641357422
2014-04-24,152.84811401367188
2014-04-25,151.59487915039062
2014-04-28,152.0750732421875
2014-04-29,152.78302001953125
2014-04-30,153.2386932373047
2014-05-01,153.2549591064453
2014-05-02,153.03526306152344
2014-05-05,153.32821655273438
2014-05-06,151.99363708496094
2014-05-07,152.8887939453125
2014-05-08,152.7260284423828
2014-05-09,152.95391845703125
2014-05-12,154.44308471679688
2014-05-13,154.58143615722656
2014-05-14,153.8490447998047
2014-05-15,152.49818420410156
2014-05-16,153.027099609375
2014-05-19,153.5885772705078
2014-05-20,152.62022399902344
2014-05-21,153.9059600830078
2014-05-22,154.28028869628906
2014-05-23,154.8988037109375
2014-05-27,155.85089111328125
2014-05-28,155.7369842529297
2014-05-29,156.5425567626953
2014-05-30,156.79478454589844
2014-06-02,156.973876953125
2014-06-03,156.8925018310547
2014-06-04,157.2098388671875
2014-06-05,158.2351531982422
2014-06-06,158.991943359375
2014-06-09,159.1547393798828
2014-06-10,159.1710205078125
2014-06-11,158.6175994873047
2014-06-12,157.49459838867188
2014-06-13,157.97483825683594
2014-06-16,158.10494995117188
2014-06-17,158.54437255859375
2014-06-18,159.70809936523438
2014-06-19,159.8870849609375
2014-06-20,160.2117462158203
2014-06-23,160.16262817382812
2014-06-24,159.1978302001953
2014-06-25,159.91737365722656
2014-06-26,159.8029022216797
2014-06-27,160.11363220214844
2014-06-30,160.0318603515625
2014-07-01,161.1029815673828
2014-07-02,161.26644897460938
2014-07-03,162.05966186523438
2014-07-07,161.4954376220703
2014-07-08,160.45700073242188
2014-07-09,161.17654418945312
2014-07-10,160.53880310058594
2014-07-11,160.75955200195312
2014-07-14,161.56900024414062
2014-07-15,161.26644897460938
2014-07-16,161.8633575439453
2014-07-17,160.02362060546875
2014-07-18,161.65892028808594
2014-07-21,161.35641479492188
2014-07-22,162.05966186523438
2014-07-23,162.41934204101562
2014-07-24,162.42758178710938
2014-07-25,161.66712951660156
2014-07-28,161.73252868652344
2014-07-29,161.03753662109375
2014-07-30,161.0620574951172
2014-07-31,157.88134765625
2014-08-01,157.39895629882812
2014-08-04,158.53550720214844
2014-08-05,156.99827575683594
2014-08-06,157.04736328125
2014-08-07,156.1969757080078
2014-08-08,158.00405883789062
2014-08-11,158.4619598388672
2014-08-12,158.24110412597656
2014-08-13,159.31231689453125
2014-08-14,160.06454467773438
2014-08-15,160.0318603515625
2014-08-18,161.37283325195312
2014-08-19,162.21495056152344
2014-08-20,162.64830017089844
2014-08-21,163.12258911132812
2014-08-22,162.8690643310547
2014-08-25,163.69491577148438
2014-08-26,163.80123901367188
2014-08-27,163.73580932617188
2014-08-28,163.64588928222656
2014-08-29,164.1118927001953
2014-09-02,164.03012084960938
2014-09-03,163.94020080566406
2014-09-04,163.70310974121094
2014-09-05,164.4390411376953
2014-09-08,164.0138397216797
2014-09-09,162.97540283203125
2014-09-10,163.5886688232422
2014-09-11,163.77670288085938
2014-09-12,162.82000732421875
2014-09-15,162.69737243652344
2014-09-16,163.9238739013672
2014-09-17,164.14463806152344
2014-09-18,165.01951599121094
2014-09-19,164.870849609375
2014-09-22,163.59756469726562
2014-09-23,162.6610565185547
2014-09-24,163.934326171875
2014-09-25,161.28921508789062
2014-09-26,162.5707244873047
2014-09-29,162.27496337890625
2014-09-30,161.84783935546875
2014-10-01,159.65447998046875
2014-10-02,159.67913818359375
2014-10-03,161.4370880126953
2014-10-06,161.2481231689453
2014-10-07,158.75909423828125
2014-10-08,161.53564453125
2014-10-09,158.3318328857422
2014-10-10,156.52462768554688
2014-10-13,153.95339965820312
2014-10-14,154.19163513183594
2014-10-15,153.14830017089844
2014-10-16,153.01693725585938
2014-10-17,154.82418823242188
2014-10-20,156.3274688720703
2014-10-21,159.42446899414062
2014-10-22,158.29078674316406
2014-10-23,160.13088989257812
2014-10-24,161.3631134033203
2014-10-27,161.14134216308594
2014-10-28,162.98965454101562
2014-10-29,162.7432403564453
2014-10-30,163.78646850585938
2014-10-31,165.6595001220703
2014-11-03,165.74984741210938
2014-11-04,165.17481994628906
2014-11-05,166.21804809570312
2014-11-06,166.88340759277344
2014-11-07,167.03952026367188
2014-11-10,167.5653076171875
2014-11-11,167.7295684814453
2014-11-12,167.548828125
2014-11-13,167.73777770996094
2014-11-14,167.77890014648438
2014-11-17,167.88568115234375
2014-11-18,168.8550567626953
2014-11-19,168.5839385986328
2014-11-20,168.87966918945312
2014-11-21,169.78329467773438
2014-11-24,170.25973510742188
2014-11-25,170.1365203857422
2014-11-26,170.5718994140625
2014-11-28,170.21044921875
2014-12-01,169.02757263183594
2014-12-02,170.1201171875
2014-12-03,170.7772674560547
2014-12-04,170.58836364746094
2014-12-05,170.86761474609375
2014-12-08,169.72576904296875
2014-12-09,169.61077880859375
2014-12-10,166.89166259765625
2014-12-11,167.73777770996094
2014-12-12,165.0269012451172
2014-12-15,163.89328002929688
2014-12-16,162.57887268066406
2014-12-17,165.76629638671875
2014-12-18,169.86546325683594
2014-12-19,170.58819580078125
2014-12-22,171.3729248046875
2014-12-23,171.60421752929688
2014-12-24,171.62069702148438
2014-12-26,172.17417907714844
2014-12-29,172.4053955078125
2014-12-30,171.48031616210938
2014-12-31,169.77865600585938
2015-01-02,169.68785095214844
2015-01-05,166.6234130859375
2015-01-06,165.05392456054688
2015-01-07,167.11068725585938
2015-01-08,170.0760955810547
2015-01-09,168.71311950683594
2015-01-12,167.3915557861328
2015-01-13,166.92074584960938
2015-01-14,165.91294860839844
2015-01-15,164.39305114746094
2015-01-16,166.5489501953125
2015-01-20,166.90423583984375
2015-01-21,167.74668884277344
2015-01-22,170.24131774902344
2015-01-23,169.30789184570312
2015-01-26,169.70436096191406
2015-01-27,167.46588134765625
2015-01-28,165.3182830810547
2015-01-29,166.84640502929688
2015-01-30,164.74827575683594
2015-02-02,166.7885284423828
2015-02-03,169.20050048828125
2015-02-04,168.55618286132812
2015-02-05,170.25779724121094
2015-02-06,169.7869873046875
2015-02-09,169.02706909179688
2015-02-10,170.82777404785156
2015-02-11,170.9268798828125
2015-02-12,172.57057189941406
2015-02-13,173.281005859375
2015-02-17,173.5535888671875
2015-02-18,173.57009887695312
2015-02-19,173.44618225097656
2015-02-20,174.4870147705078
2015-02-23,174.4622039794922
2015-02-24,174.95782470703125
2015-02-25,174.80917358398438
2015-02-26,174.6026153564453
2015-02-27,174.00787353515625
2015-03-02,175.10655212402344
2015-03-03,174.38784790039062
2015-03-04,173.65267944335938
2015-03-05,173.8426971435547
2015-03-06,171.3976593017578
2015-03-09,172.10806274414062
2015-03-10,169.316162109375
2015-03-11,168.9196319580078
2015-03-12,171.06729125976562
2015-03-13,170.01824951171875
2015-03-16,172.28977966308594
2015-03-17,171.77769470214844
2015-03-18,173.8426971435547
2015-03-19,173.04974365234375
2015-03-20,174.5771942138672
2015-03-23,174.23703002929688
2015-03-24,173.25796508789062
2015-03-25,170.71908569335938
2015-03-26,170.3125
2015-03-27,170.7025604248047
2015-03-30,172.78504943847656
2015-03-31,171.27496337890625
2015-04-01,170.66928100585938
2015-04-02,171.28329467773438
2015-04-06,172.43655395507812
2015-04-07,171.980224609375
2015-04-08,172.56097412109375
2015-04-09,173.32432556152344
2015-04-10,174.2702178955078
2015-04-13,173.48202514648438
2015-04-14,173.81385803222656
2015-04-15,174.59381103515625
2015-04-16,174.5439910888672
2015-04-17,172.53616333007812
2015-04-20,174.11257934570312
2015-04-21,173.90518188476562
2015-04-22,174.75973510742188
2015-04-23,175.19947814941406
2015-04-24,175.60604858398438
2015-04-27,174.87591552734375
2015-04-28,175.43179321289062
2015-04-29,174.7100067138672
2015-04-30,172.9593048095703
2015-05-01,174.83441162109375
2015-05-04,175.33224487304688
2015-05-05,173.32432556152344
2015-05-06,172.61083984375
2015-05-07,173.2994384765625
2015-05-08,175.5811309814453
2015-05-11,174.74313354492188
2015-05-12,174.2204132080078
2015-05-13,174.25363159179688
2015-05-14,176.0706787109375
2015-05-15,176.26148986816406
2015-05-18,176.80908203125
2015-05-19,176.75106811523438
2015-05-20,176.62661743164062
2015-05-21,177.14097595214844
2015-05-22,176.71778869628906
2015-05-26,174.81781005859375
2015-05-27,176.47715759277344
2015-05-28,176.278076171875
2015-05-29,175.1829376220703
2015-06-01,175.53968811035156
2015-06-02,175.36537170410156
2015-06-03,175.830078125
2015-06-04,174.3448944091797
2015-06-05,174.0462188720703
2015-06-08,172.97584533691406
2015-06-09,172.9510498046875
2015-06-10,175.02525329589844
2015-06-11,175.58941650390625
2015-06-12,174.24530029296875
2015-06-15,173.4985809326172
2015-06-16,174.44444274902344
2015-06-17,174.7265167236328
2015-06-18,176.54364013671875
2015-06-19,175.75985717773438
2015-06-22,176.66030883789062
2015-06-23,176.7853546142578
2015-06-24,175.50144958496094
2015-06-25,174.96780395507812
2015-06-26,174.9344482421875
2015-06-29,171.26602172851562
2015-06-30,171.62460327148438
2015-07-01,173.0001678466797
2015-07-02,172.84181213378906
2015-07-06,172.34991455078125
2015-07-07,173.4337615966797
2015-07-08,170.5240478515625
2015-07-09,170.8324737548828
2015-07-10,172.98355102539062
2015-07-13,174.89279174804688
2015-07-14,175.65151977539062
2015-07-15,175.59312438964844
2015-07-16,177.00218200683594
2015-07-17,177.15223693847656
2015-07-20,177.2439422607422
2015-07-21,176.54360961914062
2015-07-22,176.22677612304688
2015-07-23,175.234619140625
2015-07-24,173.4171142578125
2015-07-27,172.4082794189453
2015-07-28,174.52597045898438
2015-07-29,175.72654724121094
2015-07-30,175.7682647705078
2015-07-31,175.50144958496094
2015-08-03,174.909423828125
2015-08-04,174.56768798828125
2015-08-05,175.14291381835938
2015-08-06,173.70889282226562
2015-08-07,173.3754119873047
2015-08-10,175.559814453125
2015-08-11,173.97564697265625
2015-08-12,174.18414306640625
2015-08-13,173.96737670898438
2015-08-14,174.60096740722656
2015-08-17,175.5764617919922
2015-08-18,175.0679168701172
2015-08-19,173.683837890625
2015-08-20,170.05714416503906
2015-08-21,164.93798828125
2015-08-24,157.99298095703125
2015-08-25,156.1337432861328
2015-08-26,162.1282958984375
2015-08-27,166.13858032226562
2015-08-28,166.1468963623047
2015-08-31,164.8045654296875
2015-09-01,159.8855438232422
2015-09-02,162.92037963867188
2015-09-03,163.0370635986328
2015-09-04,160.5692901611328
2015-09-08,164.60446166992188
2015-09-09,162.4033660888672
2015-09-10,163.28720092773438
2015-09-11,164.0291748046875
2015-09-14,163.42056274414062
2015-09-15,165.46324157714844
2015-09-16,166.8972625732422
2015-09-17,166.52207946777344
2015-09-18,163.80084228515625
2015-09-21,164.6473388671875
2015-09-22,162.51025390625
2015-09-23,162.25039672851562
2015-09-24,161.6637725830078
2015-09-25,161.62188720703125
2015-09-28,157.5655975341797
2015-09-29,157.65780639648438
2015-09-30,160.59945678710938
2015-10-01,161.0184783935547
2015-10-02,163.42367553710938
2015-10-05,166.3318328857422
2015-10-06,165.761962890625
2015-10-07,167.11964416503906
2015-10-08,168.62815856933594
2015-10-09,168.72877502441406
2015-10-12,168.88795471191406
2015-10-13,167.82359313964844
2015-10-14,167.01901245117188
2015-10-15,169.58355712890625
2015-10-16,170.35459899902344
2015-10-19,170.4384002685547
2015-10-20,170.22044372558594
2015-10-21,169.16453552246094
2015-10-22,172.0223388671875
2015-10-23,173.90802001953125
2015-10-26,173.48057556152344
2015-10-27,173.14537048339844
2015-10-28,175.11480712890625
2015-10-29,175.01426696777344
2015-10-30,174.25999450683594
2015-11-02,176.32162475585938
2015-11-03,176.83285522460938
2015-11-04,176.2964630126953
2015-11-05,176.12046813964844
2015-11-06,176.02833557128906
2015-11-09,174.3857421875
2015-11-10,174.78794860839844
2015-11-11,174.10079956054688
2015-11-12,171.67030334472656
2015-11-13,169.7427978515625
2015-11-16,172.32403564453125
2015-11-17,172.19827270507812
2015-11-18,174.93040466308594
2015-11-19,174.77957153320312
2015-11-20,175.4164581298828
2015-11-23,175.2154083251953
2015-11-24,175.45004272460938
2015-11-25,175.42489624023438
2015-11-27,175.62600708007812
2015-11-30,174.89688110351562
2015-12-01,176.564697265625
2015-12-02,174.7628173828125
2015-12-03,172.315673828125
2015-12-04,175.67630004882812
2015-12-07,174.61196899414062
2015-12-08,173.43862915039062
2015-12-09,172.0894012451172
2015-12-10,172.5335693359375
2015-12-11,169.18966674804688
2015-12-14,170.0445098876953
2015-12-15,171.82965087890625
2015-12-16,174.34378051757812
2015-12-17,171.6870880126953
2015-12-18,168.62850952148438
2015-12-21,170.01954650878906
2015-12-22,171.5623321533203
2015-12-23,173.6868438720703
2015-12-24,173.4002227783203
2015-12-28,173.00396728515625
2015-12-29,174.8502960205078
2015-12-30,173.61094665527344
2015-12-31,171.87425231933594
2016-01-04,169.4715576171875
2016-01-05,169.75820922851562
2016-01-06,167.61683654785156
2016-01-07,163.59542846679688
2016-01-08,161.79974365234375
2016-01-11,161.9599151611328
2016-01-12,163.26669311523438
2016-01-13,159.1946563720703
2016-01-14,161.80809020996094
2016-01-15,158.33473205566406
2016-01-19,158.5455322265625
2016-01-20,156.51373291015625
2016-01-21,157.39053344726562
2016-01-22,160.61941528320312
2016-01-25,158.19142150878906
2016-01-26,160.3496551513672
2016-01-27,158.6045379638672
2016-01-28,159.43075561523438
2016-01-29,163.3172149658203
2016-02-01,163.25820922851562
2016-02-02,160.31597900390625
2016-02-03,161.2770233154297
2016-02-04,161.52993774414062
2016-02-05,158.45272827148438
2016-02-08,156.3199005126953
2016-02-09,156.32827758789062
2016-02-10,156.1934051513672
2016-02-11,154.16159057617188
2016-02-12,157.3399658203125
2016-02-16,159.99560546875
2016-02-17,162.6090087890625
2016-02-18,161.94305419921875
2016-02-19,161.8671417236328
2016-02-22,164.2108612060547
2016-02-23,162.136962890625
2016-02-24,162.87884521484375
2016-02-25,164.85159301757812
2016-02-26,164.47218322753906
2016-02-29,163.18231201171875
2016-03-01,167.01824951171875
2016-03-02,167.76858520507812
2016-03-03,168.42611694335938
2016-03-04,168.9741668701172
2016-03-07,169.1090087890625
2016-03-08,167.2627410888672
2016-03-09,168.0889129638672
2016-03-10,168.22384643554688
2016-03-11,170.93846130371094
2016-03-14,170.71926879882812
2016-03-15,170.44105529785156
2016-03-16,171.4274444580078
2016-03-17,172.5149383544922
2016-03-18,173.1929168701172
2016-03-21,173.4386444091797
2016-03-22,173.345458984375
2016-03-23,172.20143127441406
2016-03-24,172.1251983642578
2016-03-28,172.22686767578125
2016-03-29,173.8200225830078
2016-03-30,174.58265686035156
2016-03-31,174.1588897705078
2016-04-01,175.3453826904297
2016-04-04,174.77755737304688
2016-04-05,173.03192138671875
2016-04-06,174.92161560058594
2016-04-07,172.82850646972656
2016-04-08,173.2946319580078
2016-04-11,172.8878936767578
2016-04-12,174.4979248046875
2016-04-13,176.26052856445312
2016-04-14,176.26898193359375
2016-04-15,176.0740966796875
2016-04-18,177.31130981445312
2016-04-19,177.87059020996094
2016-04-20,178.04010009765625
2016-04-21,177.08250427246094
2016-04-22,177.08250427246094
2016-04-25,176.77743530273438
2016-04-26,177.04014587402344
2016-04-27,177.40451049804688
2016-04-28,175.79443359375
2016-04-29,174.8453369140625
2016-05-02,176.23507690429688
2016-05-03,174.7012939453125
2016-05-04,173.72677612304688
2016-05-05,173.69288635253906
2016-05-06,174.32839965820312
2016-05-09,174.47250366210938
2016-05-10,176.6419219970703
2016-05-11,174.9893798828125
2016-05-12,175.0402374267578
2016-05-13,173.5149383544922
2016-05-16,175.2267303466797
2016-05-17,173.59120178222656
2016-05-18,173.64205932617188
2016-05-19,173.04037475585938
2016-05-20,174.13352966308594
2016-05-23,173.89627075195312
2016-05-24,176.15037536621094
2016-05-25,177.34521484375
2016-05-26,177.3960723876953
2016-05-27,178.15869140625
2016-05-31,177.81973266601562
2016-06-01,178.1841583251953
2016-06-02,178.7264862060547
2016-06-03,178.19259643554688
2016-06-06,179.09934997558594
2016-06-07,179.3789520263672
2016-06-08,179.96371459960938
2016-06-09,179.71792602539062
2016-06-10,178.0146942138672
2016-06-13,176.6419219970703
2016-06-14,176.2943878173828
2016-06-15,176.04869079589844
2016-06-16,176.5740509033203
2016-06-17,175.91648864746094
2016-06-20,177.0493927001953
2016-06-21,177.55198669433594
2016-06-22,177.2623291015625
2016-06-23,179.5707550048828
2016-06-24,173.12252807617188
2016-06-27,170.02194213867188
2016-06-28,173.0884552001953
2016-06-29,176.03573608398438
2016-06-30,178.4378204345703
2016-07-01,178.81260681152344
2016-07-05,177.5264434814453
2016-07-06,178.59117126464844
2016-07-07,178.48037719726562
2016-07-08,181.13807678222656
2016-07-11,181.7769012451172
2016-07-12,183.09727478027344
2016-07-13,183.0717010498047
2016-07-14,184.0938720703125
2016-07-15,183.84681701660156
2016-07-18,184.34091186523438
2016-07-19,184.15354919433594
2016-07-20,184.92013549804688
2016-07-21,184.22164916992188
2016-07-22,185.0478973388672
2016-07-25,184.5453338623047
2016-07-26,184.63052368164062
2016-07-27,184.43460083007812
2016-07-28,184.64752197265625
2016-07-29,184.9456787109375
2016-08-01,184.7924041748047
2016-08-02,183.60833740234375
2016-08-03,184.1449737548828
2016-08-04,184.34091186523438
2016-08-05,185.8485870361328
2016-08-08,185.73788452148438
2016-08-09,185.8485870361328
2016-08-10,185.38864135742188
2016-08-11,186.24896240234375
2016-08-12,186.0871124267578
2016-08-15,186.62374877929688
2016-08-16,185.66123962402344
2016-08-17,186.01048278808594
2016-08-18,186.4278106689453
2016-08-19,186.15525817871094
2016-08-22,186.146728515625
2016-08-23,186.52159118652344
2016-08-24,185.56752014160156
2016-08-25,185.43972778320312
2016-08-26,185.09048461914062
2016-08-29,186.00193786621094
2016-08-30,185.69529724121094
2016-08-31,185.1671600341797
2016-09-01,185.17564392089844
2016-09-02,186.01048278808594
2016-09-06,186.5726318359375
2016-09-07,186.55557250976562
2016-09-08,186.12973022460938
2016-09-09,181.67474365234375
2016-09-12,184.2812957763672
2016-09-13,181.63217163085938
2016-09-14,181.5640411376953
2016-09-15,183.37831115722656
2016-09-16,182.66944885253906
2016-09-19,182.70367431640625
2016-09-20,182.71226501464844
2016-09-21,184.76699829101562
2016-09-22,185.93128967285156
2016-09-23,184.91249084472656
2016-09-26,183.41432189941406
2016-09-27,184.55296325683594
2016-09-28,185.46896362304688
2016-09-29,183.791015625
2016-09-30,185.17788696289062
2016-10-03,184.7327117919922
2016-10-04,183.791015625
2016-10-05,184.6043243408203
2016-10-06,184.7327117919922
2016-10-07,184.09918212890625
2016-10-10,185.0580291748047
2016-10-11,182.72085571289062
2016-10-12,182.96058654785156
2016-10-13,182.361328125
2016-10-14,182.45545959472656
2016-10-17,181.82196044921875
2016-10-18,182.96058654785156
2016-10-19,183.44859313964844
2016-10-20,183.10614013671875
2016-10-21,183.1917266845703
2016-10-24,183.97079467773438
2016-10-25,183.35435485839844
2016-10-26,182.9862823486328
2016-10-27,182.49827575683594
2016-10-28,181.95892333984375
2016-10-31,181.96749877929688
2016-11-01,180.64903259277344
2016-11-02,179.56179809570312
2016-11-03,178.7399139404297
2016-11-04,178.54302978515625
2016-11-07,182.48118591308594
2016-11-08,183.30296325683594
2016-11-09,185.2464141845703
2016-11-10,185.70870971679688
2016-11-11,185.28067016601562
2016-11-14,185.42613220214844
2016-11-15,186.87298583984375
2016-11-16,186.52200317382812
2016-11-17,187.4808349609375
2016-11-18,187.06138610839844
2016-11-21,188.47393798828125
2016-11-22,188.84202575683594
2016-11-23,188.94480895996094
2016-11-25,189.6468048095703
2016-11-28,188.75648498535156
2016-11-29,189.12452697753906
2016-11-30,188.67086791992188
2016-12-01,187.97743225097656
2016-12-02,188.0715789794922
2016-12-05,189.20167541503906
2016-12-06,189.80088806152344
2016-12-07,192.2836456298828
2016-12-08,192.75453186035156
2016-12-09,193.91885375976562
2016-12-12,193.6962432861328
2016-12-13,194.98899841308594
2016-12-14,193.37953186035156
2016-12-15,194.17562866210938
2016-12-16,193.7959747314453
2016-12-19,194.21786499023438
2016-12-20,194.96710205078125
2016-12-21,194.424560546875
2016-12-22,194.0886993408203
2016-12-23,194.37290954589844
2016-12-27,194.8551483154297
2016-12-28,193.24472045898438
2016-12-29,193.20172119140625
2016-12-30,192.49559020996094
2017-01-03,193.96810913085938
2017-01-04,195.12210083007812
2017-01-05,194.96710205078125
2017-01-06,195.66464233398438
2017-01-09,195.0187225341797
2017-01-10,195.0187225341797
2017-01-11,195.5699005126953
2017-01-12,195.0790557861328
2017-01-13,195.52684020996094
2017-01-17,194.83790588378906
2017-01-18,195.26849365234375
2017-01-19,194.5451202392578
2017-01-20,195.2598876953125
2017-01-23,194.7517852783203
2017-01-24,196.00048828125
2017-01-25,197.69700622558594
2017-01-26,197.4902801513672
2017-01-27,197.18028259277344
2017-01-30,195.95738220214844
2017-01-31,195.940185546875
2017-02-01,196.0177001953125
2017-02-02,196.14686584472656
2017-02-03,197.4989013671875
2017-02-06,197.1458282470703
2017-02-07,197.15447998046875
2017-02-08,197.4127655029297
2017-02-09,198.58396911621094
2017-02-10,199.36764526367188
2017-02-13,200.45274353027344
2017-02-14,201.25360107421875
2017-02-15,202.30419921875
2017-02-16,202.1319580078125
2017-02-17,202.4506072998047
2017-02-21,203.65618896484375
2017-02-22,203.475341796875
2017-02-23,203.61318969726562
2017-02-24,203.87152099609375
2017-02-27,204.19015502929688
2017-02-28,203.63897705078125
2017-03-01,206.48941040039062
2017-03-02,205.18914794921875
2017-03-03,205.31826782226562
2017-03-06,204.70684814453125
2017-03-07,204.09539794921875
2017-03-08,203.71646118164062
2017-03-09,203.97482299804688
2017-03-10,204.68959045410156
2017-03-13,204.7929229736328
2017-03-14,204.00926208496094
2017-03-15,205.77467346191406
2017-03-16,205.3699493408203
2017-03-17,205.00926208496094
2017-03-20,204.784423828125
2017-03-21,202.1550750732422
2017-03-22,202.63075256347656
2017-03-23,202.41448974609375
2017-03-24,202.26751708984375
2017-03-27,202.05995178222656
2017-03-28,203.53028869628906
2017-03-29,203.72055053710938
2017-03-30,204.36917114257812
2017-03-31,203.89352416992188
2017-04-03,203.5388946533203
2017-04-04,203.6686553955078
2017-04-05,203.063232421875
2017-04-06,203.63404846191406
2017-04-07,203.42648315429688
2017-04-10,203.54754638671875
2017-04-11,203.3053741455078
2017-04-12,202.41448974609375
2017-04-13,201.09982299804688
2017-04-17,202.88160705566406
2017-04-18,202.27615356445312
2017-04-19,201.90426635742188
2017-04-20,203.54754638671875
2017-04-21,202.8988800048828
2017-04-24,205.1303253173828
2017-04-25,206.32391357421875
2017-04-26,206.19419860839844
2017-04-27,206.36715698242188
2017-04-28,205.91741943359375
2017-05-01,206.4363555908203
2017-05-02,206.5142059326172
2017-05-03,206.26341247558594
2017-05-04,206.50550842285156
2017-05-05,207.3185272216797
2017-05-08,207.28395080566406
2017-05-09,207.09368896484375
2017-05-10,207.46560668945312
2017-05-11,207.04180908203125
2017-05-12,206.69577026367188
2017-05-15,207.83750915527344
2017-05-16,207.647216796875
2017-05-17,203.96275329589844
2017-05-18,204.784423828125
2017-05-19,206.1163330078125
2017-05-22,207.1629180908203
2017-05-23,207.6212921142578
2017-05-24,208.1056365966797
2017-05-25,209.10023498535156
2017-05-26,209.05702209472656
2017-05-30,208.87542724609375
2017-05-31,208.82347106933594
2017-06-01,210.48414611816406
2017-06-02,211.18472290039062
2017-06-05,211.0290069580078
2017-06-06,210.35438537597656
2017-06-07,210.7436065673828
2017-06-08,210.847412109375
2017-06-09,210.52743530273438
2017-06-12,210.48414611816406
2017-06-13,211.5133514404297
2017-06-14,211.2452850341797
2017-06-15,210.83876037597656
2017-06-16,210.88482666015625
2017-06-19,212.64047241210938
2017-06-20,211.20640563964844
2017-06-21,211.1542510986328
2017-06-22,211.0586700439453
2017-06-23,211.31069946289062
2017-06-26,211.4497833251953
2017-06-27,209.74627685546875
2017-06-28,211.6235809326172
2017-06-29,209.7636260986328
2017-06-30,210.1547393798828
2017-07-03,210.5111083984375
2017-07-05,210.99778747558594
2017-07-06,209.06834411621094
2017-07-07,210.42417907714844
2017-07-10,210.65013122558594
2017-07-11,210.4937286376953
2017-07-12,212.07550048828125
2017-07-13,212.43185424804688
2017-07-14,213.42266845703125
2017-07-17,213.3965606689453
2017-07-18,213.5095672607422
2017-07-19,214.6654815673828
2017-07-20,214.7611083984375
2017-07-21,214.56988525390625
2017-07-24,214.517822265625
2017-07-25,215.03924560546875
2017-07-26,215.0479278564453
2017-07-27,214.8480682373047
2017-07-28,214.59596252441406
2017-07-31,214.4742889404297
2017-08-01,214.95233154296875
2017-08-02,215.05661010742188
2017-08-03,214.63949584960938
2017-08-04,215.03054809570312
2017-08-07,215.43032836914062
2017-08-08,214.9001922607422
2017-08-09,214.8914794921875
2017-08-10,211.85824584960938
2017-08-11,212.1710968017578
2017-08-14,214.2744140625
2017-08-15,214.2483367919922
2017-08-16,214.6220703125
2017-08-17,211.27589416503906
2017-08-18,210.94569396972656
2017-08-21,211.11074829101562
2017-08-22,213.31837463378906
2017-08-23,212.55355834960938
2017-08-24,212.05809020996094
2017-08-25,212.55355834960938
2017-08-28,212.5622100830078
2017-08-29,212.80560302734375
2017-08-30,213.8137664794922
2017-08-31,215.10003662109375
2017-09-01,215.40426635742188
2017-09-05,213.85719299316406
2017-09-06,214.58726501464844
2017-09-07,214.56117248535156
2017-09-08,214.3091278076172
2017-09-11,216.594970703125
2017-09-12,217.32505798339844
2017-09-13,217.42933654785156
2017-09-14,217.35975646972656
2017-09-15,217.6524200439453
2017-09-18,218.11532592773438
2017-09-19,218.3336944580078
2017-09-20,218.41229248046875
2017-09-21,217.82711791992188
2017-09-22,217.8707733154297
2017-09-25,217.42529296875
2017-09-26,217.5563507080078
2017-09-27,218.40359497070312
2017-09-28,218.66563415527344
2017-09-29,219.4342498779297
2017-10-02,220.38629150390625
2017-10-03,220.85794067382812
2017-10-04,221.1199493408203
2017-10-05,222.4301300048828
2017-10-06,222.17681884765625
2017-10-09,221.80996704101562
2017-10-10,222.39517211914062
2017-10-11,222.7445831298828
2017-10-12,222.41261291503906
2017-10-13,222.68344116210938
2017-10-16,222.98033142089844
2017-10-17,223.1376953125
2017-10-18,223.35595703125
2017-10-19,223.41708374023438
2017-10-20,224.57003784179688
2017-10-23,223.6965789794922
2017-10-24,224.08966064453125
2017-10-25,222.98033142089844
2017-10-26,223.26856994628906
2017-10-27,225.0941162109375
2017-10-30,224.25563049316406
2017-10-31,224.60496520996094
2017-11-01,224.90199279785156
2017-11-02,224.9893341064453
2017-11-03,225.74044799804688
2017-11-06,226.08985900878906
2017-11-07,225.9326171875
2017-11-08,226.31683349609375
2017-11-09,225.4959259033203
2017-11-10,225.42601013183594
2017-11-13,225.63565063476562
2017-11-14,225.11158752441406
2017-11-15,223.98486328125
2017-11-16,225.88897705078125
2017-11-17,225.22511291503906
2017-11-20,225.60943603515625
2017-11-21,227.08554077148438
2017-11-22,226.88465881347656
2017-11-24,227.40866088867188
2017-11-27,227.29518127441406
2017-11-28,229.60107421875
2017-11-29,229.4613494873047
2017-11-30,231.47023010253906
2017-12-01,230.98980712890625
2017-12-04,230.71026611328125
2017-12-05,229.8805694580078
2017-12-06,229.92425537109375
2017-12-07,230.64918518066406
2017-12-08,231.90696716308594
2017-12-11,232.60574340820312
2017-12-12,233.01622009277344
2017-12-13,232.99002075195312
2017-12-14,232.03802490234375
2017-12-15,233.97030639648438
2017-12-18,235.45391845703125
2017-12-19,234.54965209960938
2017-12-20,234.42672729492188
2017-12-21,234.9095916748047
2017-12-22,234.8481903076172
2017-12-26,234.56719970703125
2017-12-27,234.6813507080078
2017-12-28,235.1641845703125
2017-12-29,234.2775115966797
2018-01-02,235.9542694091797
2018-01-03,237.44671630859375
2018-01-04,238.44752502441406
2018-01-05,240.03656005859375
2018-01-08,240.4755096435547
2018-01-09,241.01983642578125
2018-01-10,240.65110778808594
2018-01-11,242.4068603515625
2018-01-12,243.98719787597656
2018-01-16,243.1531219482422
2018-01-17,245.4707794189453
2018-01-18,245.05813598632812
2018-01-19,246.17311096191406
2018-01-22,248.1747283935547
2018-01-23,248.70143127441406
2018-01-24,248.60482788085938
2018-01-25,248.71014404296875
2018-01-26,251.58970642089844
2018-01-29,249.9217071533203
2018-01-30,247.3583221435547
2018-01-31,247.48117065429688
2018-02-01,247.20021057128906
2018-02-02,241.8187255859375
2018-02-05,231.70523071289062
2018-02-06,236.27035522460938
2018-02-07,234.98858642578125
2018-02-08,226.17446899414062
2018-02-09,229.57191467285156
2018-02-12,232.94309997558594
2018-02-13,233.52249145507812
2018-02-14,236.6741180419922
2018-02-15,239.6940460205078
2018-02-16,239.76434326171875
2018-02-20,238.2631378173828
2018-02-21,237.0780029296875
2018-02-22,237.38523864746094
2018-02-23,241.16908264160156
2018-02-26,243.96957397460938
2018-02-27,240.92327880859375
2018-02-28,238.48260498046875
2018-03-01,235.0149383544922
2018-03-02,236.2263641357422
2018-03-05,238.95675659179688
2018-03-06,239.56248474121094
2018-03-07,239.474609375
2018-03-08,240.6334991455078
2018-03-09,244.8211669921875
2018-03-12,244.5138397216797
2018-03-13,242.93362426757812
2018-03-14,241.68702697753906
2018-03-15,241.4236602783203
2018-03-16,241.68551635742188
2018-03-19,238.4153289794922
2018-03-20,238.82080078125
2018-03-21,238.36253356933594
2018-03-22,232.40403747558594
2018-03-23,227.45046997070312
2018-03-26,233.67332458496094
2018-03-27,229.69810485839844
2018-03-28,229.0193634033203
2018-03-29,231.9457550048828
2018-04-02,226.93922424316406
2018-04-03,229.8479461669922
2018-04-04,232.30709838867188
2018-04-05,234.1404571533203
2018-04-06,228.92245483398438
2018-04-09,230.05067443847656
2018-04-10,233.7085418701172
2018-04-11,232.48342895507812
2018-04-12,234.39610290527344
2018-04-13,233.7085418701172
2018-04-16,235.63009643554688
2018-04-17,238.15093994140625
2018-04-18,238.32723999023438
2018-04-19,237.00515747070312
2018-04-20,234.99539184570312
2018-04-23,234.96018981933594
2018-04-24,231.7959442138672
2018-04-25,232.36880493164062
2018-04-26,234.73106384277344
2018-04-27,234.951416015625
2018-04-30,233.14447021484375
2018-05-01,233.5587615966797
2018-05-02,231.98980712890625
2018-05-03,231.47857666015625
2018-05-04,234.47537231445312
2018-05-07,235.26870727539062
2018-05-08,235.26870727539062
2018-05-09,237.54275512695312
2018-05-10,239.76388549804688
2018-05-11,240.49554443359375
2018-05-14,240.61012268066406
2018-05-15,238.9530792236328
2018-05-16,239.95785522460938
2018-05-17,239.755126953125
2018-05-18,239.1556396484375
2018-05-21,240.953857421875
2018-05-22,240.28396606445312
2018-05-23,240.94505310058594
2018-05-24,240.451416015625
2018-05-25,239.8784942626953
2018-05-29,237.1195526123047
2018-05-30,240.28396606445312
2018-05-31,238.81198120117188
2018-06-01,241.1565399169922
2018-06-04,242.30242919921875
2018-06-05,242.47869873046875
2018-06-06,244.50595092773438
2018-06-07,244.4795684814453
2018-06-08,245.20228576660156
2018-06-11,245.52838134765625
2018-06-12,245.8457489013672
2018-06-13,245.061279296875
2018-06-14,245.67832946777344
2018-06-15,245.36485290527344
2018-06-18,244.8601837158203
2018-06-19,243.92169189453125
2018-06-20,244.33786010742188
2018-06-21,242.8060302734375
2018-06-22,243.24879455566406
2018-06-25,239.93753051757812
2018-06-26,240.46875
2018-06-27,238.47666931152344
2018-06-28,239.84010314941406
2018-06-29,240.18544006347656
2018-07-02,240.69891357421875
2018-07-03,239.8489227294922
2018-07-05,241.80555725097656
2018-07-06,243.85084533691406
2018-07-09,246.04656982421875
2018-07-10,246.93190002441406
2018-07-11,245.1256866455078
2018-07-12,247.3480224609375
2018-07-13,247.54281616210938
2018-07-16,247.3216094970703
2018-07-17,248.32203674316406
2018-07-18,248.8443603515625
2018-07-19,247.90585327148438
2018-07-20,247.62255859375
2018-07-23,248.08285522460938
2018-07-24,249.33140563964844
2018-07-25,251.45632934570312
2018-07-26,250.8631134033203
2018-07-27,249.1631317138672
2018-07-30,247.86160278320312
2018-07-31,249.08340454101562
2018-08-01,248.6672821044922
2018-08-02,250.02197265625
2018-08-03,251.09323120117188
2018-08-06,252.01397705078125
2018-08-07,252.84628295898438
2018-08-08,252.74008178710938
2018-08-09,252.3948211669922
2018-08-10,250.70367431640625
2018-08-13,249.76515197753906
2018-08-14,251.35874938964844
2018-08-15,249.4818572998047
2018-08-16,251.50050354003906
2018-08-17,252.3858642578125
2018-08-20,252.92593383789062
2018-08-21,253.51913452148438
2018-08-22,253.36862182617188
2018-08-23,253.0322265625
2018-08-24,254.55508422851562
2018-08-27,256.5648193359375
2018-08-28,256.6888732910156
2018-08-29,258.0699157714844
2018-08-30,257.0252990722656
2018-08-31,257.03411865234375
2018-09-04,256.5914001464844
2018-09-05,255.9008026123047
2018-09-06,255.13055419921875
2018-09-07,254.63470458984375
2018-09-10,255.0774383544922
2018-09-11,255.91845703125
2018-09-12,255.9805908203125
2018-09-13,257.49444580078125
2018-09-14,257.538818359375
2018-09-17,256.17529296875
2018-09-18,257.5653991699219
2018-09-19,257.8397521972656
2018-09-20,259.9292907714844
2018-09-21,259.6918029785156
2018-09-24,258.82916259765625
2018-09-25,258.5890197753906
2018-09-26,257.8153076171875
2018-09-27,258.5355224609375
2018-09-28,258.5623779296875
2018-10-01,259.46063232421875
2018-10-02,259.3093566894531
2018-10-03,259.4516906738281
2018-10-04,257.4238586425781
2018-10-05,255.98313903808594
2018-10-08,255.98313903808594
2018-10-09,255.60955810546875
2018-10-10,247.51617431640625
2018-10-11,242.06423950195312
2018-10-12,245.4260711669922
2018-10-15,244.04754638671875
2018-10-16,249.38377380371094
2018-10-17,249.42837524414062
2018-10-18,245.8262939453125
2018-10-19,245.6928253173828
2018-10-22,244.5901641845703
2018-10-23,243.34487915039062
2018-10-24,235.97186279296875
2018-10-25,240.20538330078125
2018-10-26,235.98077392578125
2018-10-29,234.67337036132812
2018-10-30,238.1509246826172
2018-10-31,240.6945343017578
2018-11-01,243.2559814453125
2018-11-02,241.81520080566406
2018-11-05,243.14930725097656
2018-11-06,244.6879119873047
2018-11-07,249.92636108398438
2018-11-08,249.4728546142578
2018-11-09,247.03591918945312
2018-11-12,242.41993713378906
2018-11-13,241.96636962890625
2018-11-14,240.3120880126953
2018-11-15,242.8201446533203
2018-11-16,243.4515838623047
2018-11-19,239.3337860107422
2018-11-20,234.9046173095703
2018-11-21,235.70510864257812
2018-11-23,234.13088989257812
2018-11-26,237.91082763671875
2018-11-27,238.71116638183594
2018-11-28,244.20767211914062
2018-11-29,243.6739501953125
2018-11-30,245.15924072265625
2018-12-03,248.4055633544922
2018-12-04,240.35655212402344
2018-12-06,239.99191284179688
2018-12-07,234.4154510498047
2018-12-10,234.8601531982422
2018-12-11,234.91354370117188
2018-12-12,236.09642028808594
2018-12-13,236.016357421875
2018-12-14,231.65835571289062
2018-12-17,227.11363220214844
2018-12-18,226.86460876464844
2018-12-19,223.46713256835938
2018-12-20,219.8295440673828
2018-12-21,215.3253173828125
2018-12-24,209.6358184814453
2018-12-26,220.22760009765625
2018-12-27,221.9183807373047
2018-12-28,221.6321258544922
2018-12-31,223.5733642578125
2019-01-02,223.80601501464844
2019-01-03,218.46534729003906
2019-01-04,225.78302001953125
2019-01-07,227.56320190429688
2019-01-08,229.7012481689453
2019-01-09,230.77474975585938
2019-01-10,231.58883666992188
2019-01-11,231.6782989501953
2019-01-14,230.2648162841797
2019-01-15,232.90383911132812
2019-01-16,233.46743774414062
2019-01-17,235.2386474609375
2019-01-18,238.3697052001953
2019-01-22,235.1492156982422
2019-01-23,235.64122009277344
2019-01-24,235.7664794921875
2019-01-25,237.7613983154297
2019-01-28,235.95437622070312
2019-01-29,235.64122009277344
2019-01-30,239.3716583251953
2019-01-31,241.4739227294922
2019-02-01,241.59024047851562
2019-02-04,243.2898712158203
2019-02-05,244.30970764160156
2019-02-06,243.9876708984375
2019-02-07,241.6617431640625
2019-02-08,241.9569854736328
2019-02-11,242.09117126464844
2019-02-12,245.20428466796875
2019-02-13,246.00048828125
2019-02-14,245.454833984375
2019-02-15,248.12965393066406
2019-02-19,248.55899047851562
2019-02-20,249.0599822998047
2019-02-21,248.17433166503906
2019-02-22,249.7129669189453
2019-02-25,250.0529022216797
2019-02-26,249.8739776611328
2019-02-27,249.76661682128906
2019-02-28,249.30149841308594
2019-03-01,250.85806274414062
2019-03-04,249.94561767578125
2019-03-05,249.6056671142578
2019-03-06,248.09384155273438
2019-03-07,246.01844787597656
2019-03-08,245.52638244628906
2019-03-11,249.08673095703125
2019-03-12,250.0260772705078
2019-03-13,251.6810302734375
2019-03-14,251.52001953125
2019-03-15,252.76268005371094
2019-03-18,253.67926025390625
2019-03-19,253.74212646484375
2019-03-20,252.97833251953125
2019-03-21,255.83554077148438
2019-03-22,250.9117431640625
2019-03-25,250.72308349609375
2019-03-26,252.5919189453125
2019-03-27,251.27110290527344
2019-03-28,252.22361755371094
2019-03-29,253.81398010253906
2019-04-01,256.8239440917969
2019-04-02,256.94976806640625
2019-04-03,257.35406494140625
2019-04-04,258.0370178222656
2019-04-05,259.2859802246094
2019-04-08,259.483642578125
2019-04-09,258.15374755859375
2019-04-10,259.0343933105469
2019-04-11,258.9624938964844
2019-04-12,260.7146301269531
2019-04-15,260.5438232421875
2019-04-16,260.7146301269531
2019-04-17,260.0765380859375
2019-04-18,260.5887451171875
2019-04-22,260.81341552734375
2019-04-23,263.1585388183594
2019-04-24,262.5745544433594
2019-04-25,262.4128112792969
2019-04-26,263.63482666015625
2019-04-29,264.048095703125
2019-04-30,264.1828918457031
2019-05-01,262.1971740722656
2019-05-02,261.631103515625
2019-05-03,264.1918640136719
2019-05-06,263.10467529296875
2019-05-07,258.71087646484375
2019-05-08,258.35150146484375
2019-05-09,257.5697937011719
2019-05-10,258.8636474609375
2019-05-13,252.35841369628906
2019-05-14,254.64056396484375
2019-05-15,256.132080078125
2019-05-16,258.50421142578125
2019-05-17,256.8330078125
2019-05-20,255.13479614257812
2019-05-21,257.43499755859375
2019-05-22,256.644287109375
2019-05-23,253.50845336914062
2019-05-24,254.08349609375
2019-05-28,251.72044372558594
2019-05-29,250.03121948242188
2019-05-30,250.714111328125
2019-05-31,247.33560180664062
2019-06-03,246.70668029785156
2019-06-04,252.06182861328125
2019-06-05,254.2452850341797
2019-06-06,255.89859008789062
2019-06-07,258.4592590332031
2019-06-10,259.64532470703125
2019-06-11,259.58245849609375
2019-06-12,259.1242370605469
2019-06-13,260.1934509277344
2019-06-14,259.906005859375
2019-06-17,260.0047302246094
2019-06-18,262.72723388671875
2019-06-19,263.32025146484375
2019-06-20,265.8361511230469
2019-06-21,265.44976806640625
2019-06-24,265.1247253417969
2019-06-25,262.5243225097656
2019-06-26,262.2624206542969
2019-06-27,263.1925048828125
2019-06-28,264.5469055175781
2019-07-01,266.94854736328125
2019-07-02,267.64373779296875
2019-07-03,269.7835693359375
2019-07-05,269.4766540527344
2019-07-08,267.9958801269531
2019-07-09,268.3299560546875
2019-07-10,269.61199951171875
2019-07-11,270.24407958984375
2019-07-12,271.45391845703125
2019-07-15,271.544189453125
2019-07-16,270.66839599609375
2019-07-17,268.8264465332031
2019-07-18,269.81072998046875
2019-07-19,268.3118591308594
2019-07-22,268.9710388183594
2019-07-23,270.89410400390625
2019-07-24,272.16729736328125
2019-07-25,270.8670654296875
2019-07-26,272.6818542480469
2019-07-29,272.185302734375
2019-07-30,271.51708984375
2019-07-31,268.5466003417969
2019-08-01,266.2082824707031
2019-08-02,264.2037353515625
2019-08-05,256.2583312988281
2019-08-06,259.8517761230469
2019-08-07,260.0052795410156
2019-08-08,265.106689453125
2019-08-09,263.3008117675781
2019-08-12,260.0955810546875
2019-08-13,264.1404724121094
2019-08-14,256.33050537109375
2019-08-15,257.0076599121094
2019-08-16,260.7998352050781
2019-08-19,263.94189453125
2019-08-20,261.9195251464844
2019-08-21,264.0502624511719
2019-08-22,263.9690246582031
2019-08-23,257.1883850097656
2019-08-26,260.03228759765625
2019-08-27,259.0121765136719
2019-08-28,260.8359069824219
2019-08-29,264.1676330566406
2019-08-30,264.0502624511719
2019-09-03,262.50628662109375
2019-09-04,265.4859313964844
2019-09-05,268.89874267578125
2019-09-06,269.1063232421875
2019-09-09,269.2418212890625
2019-09-10,269.1787414550781
2019-09-11,271.0927429199219
2019-09-12,272.0318298339844
2019-09-13,271.85125732421875
2019-09-16,271.0115966796875
2019-09-17,271.6977844238281
2019-09-18,271.8603210449219
2019-09-19,271.8422546386719
2019-09-20,270.5577697753906
2019-09-23,270.4942932128906
2019-09-24,268.3718566894531
2019-09-25,269.9591369628906
2019-09-26,269.3966979980469
2019-09-27,267.9454040527344
2019-09-30,269.18804931640625
2019-10-01,265.9861755371094
2019-10-02,261.28759765625
2019-10-03,263.42828369140625
2019-10-04,266.9930114746094
2019-10-07,265.841064453125
2019-10-08,261.71392822265625
2019-10-09,264.1993103027344
2019-10-10,265.9861755371094
2019-10-11,268.7436828613281
2019-10-14,268.4443359375
2019-10-15,271.10198974609375
2019-10-16,270.6666564941406
2019-10-17,271.46490478515625
2019-10-18,270.2765197753906
2019-10-21,272.1087951660156
2019-10-22,271.2199401855469
2019-10-23,272.00909423828125
2019-10-24,272.4536437988281
2019-10-25,273.56927490234375
2019-10-28,275.1112060546875
2019-10-29,275.0296936035156
2019-10-30,275.8731689453125
2019-10-31,275.13848876953125
2019-11-01,277.6873474121094
2019-11-04,278.802978515625
2019-11-05,278.49456787109375
2019-11-06,278.5580749511719
2019-11-07,279.53765869140625
2019-11-08,280.22711181640625
2019-11-11,279.6919250488281
2019-11-12,280.2814636230469
2019-11-13,280.3722229003906
2019-11-14,280.78033447265625
2019-11-15,282.81219482421875
2019-11-18,283.0207214355469
2019-11-19,282.9391174316406
2019-11-20,281.8869934082031
2019-11-21,281.4334411621094
2019-11-22,282.0592956542969
2019-11-25,284.24530029296875
2019-11-26,284.8893127441406
2019-11-27,286.1592712402344
2019-11-29,285.09796142578125
2019-12-02,282.6761474609375
2019-12-03,280.78033447265625
2019-12-04,282.5128173828125
2019-12-05,283.0207214355469
2019-12-06,285.6059265136719
2019-12-09,284.7079162597656
2019-12-10,284.39044189453125
2019-12-11,285.19781494140625
2019-12-12,287.6558532714844
2019-12-13,287.8282470703125
2019-12-16,289.8056335449219
2019-12-17,289.8691711425781
2019-12-18,289.88720703125
2019-12-19,291.0754089355469
2019-12-20,292.3516540527344
2019-12-23,292.79827880859375
2019-12-24,292.807373046875
2019-12-26,294.36602783203125
2019-12-27,294.2931823730469
2019-12-30,292.6706237792969
2019-12-31,293.38165283203125
2020-01-02,296.1253662109375
2020-01-03,293.8829650878906
2020-01-06,295.004150390625
2020-01-07,294.17474365234375
2020-01-08,295.7424621582031
2020-01-09,297.7478332519531
2020-01-10,296.8910217285156
2020-01-13,298.9327697753906
2020-01-14,298.47698974609375
2020-01-15,299.1515808105469
2020-01-16,301.6400146484375
2020-01-17,302.5788879394531
2020-01-21,301.9863586425781
2020-01-22,302.0228576660156
2020-01-23,302.3691101074219
2020-01-24,299.68023681640625
2020-01-27,294.87646484375
2020-01-28,297.96661376953125
2020-01-29,297.72039794921875
2020-01-30,298.6866455078125
2020-01-31,293.26312255859375
2020-02-03,295.4416198730469
2020-02-04,299.9445495605469
2020-02-05,303.4083251953125
2020-02-06,304.4293518066406
2020-02-07,302.8067321777344
2020-02-10,305.0672607421875
2020-02-11,305.5959777832031
2020-02-12,307.56494140625
2020-02-13,307.2366943359375
2020-02-14,307.7289733886719
2020-02-18,306.9359130859375
2020-02-19,308.4034118652344
2020-02-20,307.136474609375
2020-02-21,303.9734802246094
2020-02-24,293.8921203613281
2020-02-25,284.98651123046875
2020-02-26,283.9382019042969
2020-02-27,271.1861572265625
2020-02-28,270.0467529296875
2020-03-02,281.7415466308594
2020-03-03,273.674560546875
2020-03-04,285.1780090332031
2020-03-05,275.6980895996094
2020-03-06,271.1405029296875
2020-03-09,249.96597290039062
2020-03-10,262.90045166015625
2020-03-11,250.08441162109375
2020-03-12,226.15708923339844
2020-03-13,245.49044799804688
2020-03-16,218.62794494628906
2020-03-17,230.43209838867188
2020-03-18,218.76463317871094
2020-03-19,219.2295379638672
2020-03-20,209.78196716308594
2020-03-23,204.41824340820312
2020-03-24,222.939208984375
2020-03-25,226.27667236328125
2020-03-26,239.48890686035156
2020-03-27,232.3555145263672
2020-03-30,239.90147399902344
2020-03-31,236.3256378173828
2020-04-01,225.68983459472656
2020-04-02,230.89772033691406
2020-04-03,227.5602569580078
2020-04-06,242.84463500976562
2020-04-07,243.0922393798828
2020-04-08,251.25247192382812
2020-04-09,255.0758056640625
2020-04-13,252.7469940185547
2020-04-14,260.2012634277344
2020-04-15,254.67239379882812
2020-04-16,255.90098571777344
2020-04-17,262.81439208984375
2020-04-20,258.1839904785156
2020-04-21,250.3448028564453
2020-04-22,255.90098571777344
2020-04-23,255.8826141357422
2020-04-24,259.4493408203125
2020-04-27,263.1901550292969
2020-04-28,261.97991943359375
2020-04-29,268.8382263183594
2020-04-30,266.3351135253906
2020-05-01,259.284423828125
2020-05-04,259.9994201660156
2020-05-05,262.4017333984375
2020-05-06,260.62298583984375
2020-05-07,263.767822265625
2020-05-08,268.13226318359375
2020-05-11,268.1872253417969
2020-05-12,262.84185791015625
2020-05-13,258.1932373046875
2020-05-14,261.2831726074219
2020-05-15,262.4842529296875
2020-05-18,270.4794616699219
2020-05-19,267.7012023925781
2020-05-20,272.2489013671875
2020-05-21,270.3694152832031
2020-05-22,270.8827819824219
2020-05-26,274.22021484375
2020-05-27,278.3004455566406
2020-05-28,277.7869567871094
2020-05-29,279.024658203125
2020-06-01,280.1524963378906
2020-06-02,282.47216796875
2020-06-03,286.2314147949219
2020-06-04,285.47955322265625
2020-06-05,292.79620361328125
2020-06-08,296.3354187011719
2020-06-09,294.1257019042969
2020-06-10,292.4845275878906
2020-06-11,275.62298583984375
2020-06-12,278.92388916015625
2020-06-15,281.5277099609375
2020-06-16,286.946533203125
2020-06-17,285.7546081542969
2020-06-18,285.8646240234375
2020-06-19,284.23089599609375
2020-06-22,286.0543518066406
2020-06-23,287.3712463378906
2020-06-24,280.0408020019531
2020-06-25,283.0429992675781
2020-06-26,276.32025146484375
2020-06-29,280.3815002441406
2020-06-30,283.9730224609375
2020-07-01,285.9621887207031
2020-07-02,287.5370178222656
2020-07-06,291.975830078125
2020-07-07,288.9644775390625
2020-07-08,291.1746520996094
2020-07-09,289.5169372558594
2020-07-10,292.4731140136719
2020-07-13,289.94061279296875
2020-07-14,293.69793701171875
2020-07-15,296.3962707519531
2020-07-16,295.41998291015625
2020-07-17,296.27642822265625
2020-07-20,298.6708984375
2020-07-21,299.3062438964844
2020-07-22,301.010009765625
2020-07-23,297.4183044433594
2020-07-24,295.5029602050781
2020-07-27,297.65789794921875
2020-07-28,295.77001953125
2020-07-29,299.4076232910156
2020-07-30,298.33929443359375
2020-07-31,300.69683837890625
2020-08-03,302.787353515625
2020-08-04,303.9569396972656
2020-08-05,305.84478759765625
2020-08-06,307.8891906738281
2020-08-07,308.11029052734375
2020-08-10,309.0310974121094
2020-08-11,306.480224609375
2020-08-12,310.7533264160156
2020-08-13,310.19146728515625
2020-08-14,310.2007141113281
2020-08-17,311.1861877441406
2020-08-18,311.85833740234375
2020-08-19,310.5599060058594
2020-08-20,311.52685546875
2020-08-21,312.6319580078125
2020-08-24,315.7999267578125
2020-08-25,316.90496826171875
2020-08-26,320.08221435546875
2020-08-27,320.78204345703125
2020-08-28,322.85406494140625
2020-08-31,321.68450927734375
2020-09-01,324.7143249511719
2020-09-02,329.4110412597656
2020-09-03,318.0745544433594
2020-09-04,315.4775085449219
2020-09-08,306.8577575683594
2020-09-09,312.91741943359375
2020-09-10,307.4841003417969
2020-09-11,307.6405334472656
2020-09-14,311.692626953125
2020-09-15,313.2673645019531
2020-09-16,312.0240478515625
2020-09-17,309.2798156738281
2020-09-18,305.7191162109375
2020-09-21,302.3166809082031
2020-09-22,305.3955078125
2020-09-23,298.3131103515625
2020-09-24,299.1082458496094
2020-09-25,303.9439697265625
2020-09-28,308.99224853515625
2020-09-29,307.3094787597656
2020-09-30,309.6394958496094
2020-10-01,311.62738037109375
2020-10-02,308.6686706542969
2020-10-05,314.14227294921875
2020-10-06,309.6764221191406
2020-10-07,315.0669250488281
2020-10-08,317.8591613769531
2020-10-09,320.6977233886719
2020-10-12,325.8570556640625
2020-10-13,323.7303771972656
2020-10-14,321.6961669921875
2020-10-15,321.2986755371094
2020-10-16,321.1045227050781
2020-10-19,316.2226257324219
2020-10-20,317.4892883300781
2020-10-21,316.8883056640625
2020-10-22,318.6265563964844
2020-10-23,319.7084045410156
2020-10-26,313.8002014160156
2020-10-27,312.7183837890625
2020-10-28,302.030029296875
2020-10-29,305.0997009277344
2020-10-30,301.9190979003906
2020-11-02,305.30316162109375
2020-11-03,310.6934814453125
2020-11-04,317.63720703125
2020-11-05,323.83203125
2020-11-06,323.7581481933594
2020-11-09,327.826416015625
2020-11-10,327.3456115722656
2020-11-11,329.77728271484375
2020-11-12,326.5781555175781
2020-11-13,331.09942626953125
2020-11-16,335.232421875
2020-11-17,333.429443359375
2020-11-18,329.4166259765625
2020-11-19,330.8036193847656
2020-11-20,328.5382995605469
2020-11-23,330.5077209472656
2020-11-24,335.8334045410156
2020-11-25,335.3156433105469
2020-11-27,336.2495422363281
2020-11-30,334.76092529296875
2020-12-01,338.42236328125
2020-12-02,339.1342468261719
2020-12-03,339.041748046875
2020-12-04,341.9635009765625
2020-12-07,341.2607727050781
2020-12-08,342.25933837890625
2020-12-09,339.18963623046875
2020-12-10,339.0787658691406
2020-12-11,338.6811218261719
2020-12-14,337.1648254394531
2020-12-15,341.72314453125
2020-12-16,342.25933837890625
2020-12-17,344.17333984375
2020-12-18,342.7990417480469
2020-12-21,341.5733642578125
2020-12-22,340.9977111816406
2020-12-23,341.3041076660156
2020-12-24,342.6319885253906
2020-12-28,345.5754089355469
2020-12-29,344.9162292480469
2020-12-30,345.4082336425781
2020-12-31,347.1632080078125
2021-01-04,342.43701171875
2021-01-05,344.79541015625
2021-01-06,346.8567810058594
2021-01-07,352.0101623535156
2021-01-08,354.01593017578125
2021-01-11,351.62945556640625
2021-01-12,351.7037048339844
2021-01-13,352.65093994140625
2021-01-14,351.41595458984375
2021-01-15,348.8531188964844
2021-01-19,351.5923156738281
2021-01-20,356.4579162597656
2021-01-21,356.782958984375
2021-01-22,355.5201110839844
2021-01-25,356.9221496582031
2021-01-26,356.3650817871094
2021-01-27,347.6553955078125
2021-01-28,350.645263671875
2021-01-29,343.6254577636719
2021-02-01,349.3451843261719
2021-02-02,354.28509521484375
2021-02-03,354.563720703125
2021-02-04,358.5935974121094
2021-02-05,360.0050048828125
2021-02-08,362.60491943359375
2021-02-09,362.36346435546875
2021-02-10,362.20556640625
2021-02-11,362.7905578613281
2021-02-12,364.58258056640625
2021-02-16,364.2669677734375
2021-02-17,364.3505554199219
2021-02-18,362.79986572265625
2021-02-19,362.15911865234375
2021-02-22,359.3735656738281
2021-02-23,359.80999755859375
2021-02-24,363.77490234375
2021-02-25,355.0094299316406
2021-02-26,353.18011474609375
2021-03-01,361.74139404296875
2021-03-02,358.9185485839844
2021-03-03,354.1644592285156
2021-03-04,349.78173828125
2021-03-05,356.2164611816406
2021-03-08,354.4429626464844
2021-03-09,359.5035400390625
2021-03-10,361.74139404296875
2021-03-11,365.4090270996094
2021-03-12,365.90118408203125
2021-03-15,368.0832214355469
2021-03-16,367.6190185546875
2021-03-17,368.87255859375
2021-03-18,363.5056457519531
2021-03-19,362.83294677734375
2021-03-22,365.7301940917969
2021-03-23,362.8515930175781
2021-03-24,361.0069885253906
2021-03-25,363.0379333496094
2021-03-26,368.88824462890625
2021-03-29,368.7018737792969
2021-03-30,367.7237548828125
2021-03-31,369.21429443359375
2021-04-01,373.2014465332031
2021-04-05,378.55804443359375
2021-04-06,378.33447265625
2021-04-07,378.7723388671875
2021-04-08,380.5702819824219
2021-04-09,383.3370666503906
2021-04-12,383.4768371582031
2021-04-13,384.61334228515625
2021-04-14,383.2997741699219
2021-04-15,387.41748046875
2021-04-16,388.71234130859375
2021-04-19,386.80255126953125
2021-04-20,383.9706115722656
2021-04-21,387.603759765625
2021-04-22,384.0636901855469
2021-04-23,388.22784423828125
2021-04-26,389.038330078125
2021-04-27,388.9545593261719
2021-04-28,388.8427429199219
2021-04-29,391.32073974609375
2021-04-30,388.74951171875
2021-05-03,389.5880126953125
2021-05-04,387.18450927734375
2021-05-05,387.3056640625
2021-05-06,390.3984375
2021-05-07,393.23980712890625
2021-05-10,389.3457946777344
2021-05-11,385.8710021972656
2021-05-12,377.67303466796875
2021-05-13,382.2099304199219
2021-05-14,388.0787353515625
2021-05-17,387.0913391113281
2021-05-18,383.7562561035156
2021-05-19,382.75018310546875
2021-05-20,386.86773681640625
2021-05-21,386.551025390625
2021-05-24,390.4916687011719
2021-05-25,389.62530517578125
2021-05-26,390.3984375
2021-05-27,390.6034240722656
2021-05-28,391.3021545410156
2021-06-01,390.9574890136719
2021-06-02,391.5722351074219
2021-06-03,390.1189270019531
2021-06-04,393.68695068359375
2021-06-07,393.3050231933594
2021-06-08,393.3889465332031
2021-06-09,392.8020324707031
2021-06-10,394.6278991699219
2021-06-11,395.280029296875
2021-06-14,396.1650390625
2021-06-15,395.4383544921875
2021-06-16,393.2304992675781
2021-06-17,393.10003662109375
2021-06-18,387.79693603515625
2021-06-21,393.34869384765625
2021-06-22,395.4515380859375
2021-06-23,394.9749450683594
2021-06-24,397.3115539550781
2021-06-25,398.7227783203125
2021-06-28,399.5265808105469
2021-06-29,399.7415771484375
2021-06-30,400.0779724121094
2021-07-01,402.2930603027344
2021-07-02,405.3680114746094
2021-07-06,404.62969970703125
2021-07-07,406.0596008300781
2021-07-08,402.7510986328125
2021-07-09,407.0504150390625
2021-07-12,408.5083923339844
2021-07-13,407.1158142089844
2021-07-14,407.72332763671875
2021-07-15,406.3306579589844
2021-07-16,403.14361572265625
2021-07-19,397.1900634765625
2021-07-20,402.8818664550781
2021-07-21,406.14373779296875
2021-07-22,406.9942626953125
2021-07-23,411.18145751953125
2021-07-26,412.1908264160156
2021-07-27,410.3122253417969
2021-07-28,410.1440734863281
2021-07-29,411.84503173828125
2021-07-30,409.84503173828125
2021-08-02,408.98504638671875
2021-08-03,412.3123474121094
2021-08-04,410.2841796875
2021-08-05,412.8824462890625
2021-08-06,413.5648193359375
2021-08-09,413.228271484375
2021-08-10,413.74237060546875
2021-08-11,414.7704162597656
2021-08-12,416.0135192871094
2021-08-13,416.77056884765625
2021-08-16,417.7519226074219
2021-08-17,415.013427734375
2021-08-18,410.47113037109375
2021-08-19,411.1066589355469
2021-08-20,414.3778991699219
2021-08-23,418.02294921875
2021-08-24,418.6865539550781
2021-08-25,419.5650939941406
2021-08-26,417.08831787109375
2021-08-27,420.8175048828125
2021-08-30,422.6680603027344
2021-08-31,422.0418395996094
2021-09-01,422.26617431640625
2021-09-02,423.5653381347656
2021-09-03,423.46240234375
2021-09-07,421.9483337402344
2021-09-08,421.4343566894531
2021-09-09,419.6305236816406
2021-09-10,416.3219299316406
2021-09-13,417.387451171875
2021-09-14,415.135009765625
2021-09-15,418.6024169921875
2021-09-16,417.9388427734375
2021-09-17,413.8676452636719
2021-09-20,406.9667663574219
2021-09-21,406.5823059082031
2021-09-22,410.54852294921875
2021-09-23,415.5366516113281
2021-09-24,416.2211608886719
2021-09-27,415.0303649902344
2021-09-28,406.66668701171875
2021-09-29,407.3511962890625
2021-09-30,402.37237548828125
2021-10-01,407.15435791015625
2021-10-04,401.9035949707031
2021-10-05,406.08538818359375
2021-10-06,407.7730407714844
2021-10-07,411.298583984375
2021-10-08,410.54852294921875
2021-10-11,407.5762023925781
2021-10-12,406.5729064941406
2021-10-13,408.0356140136719
2021-10-14,414.8990783691406
2021-10-15,418.0588684082031
2021-10-18,419.2964782714844
2021-10-19,422.53131103515625
2021-10-20,424.1910095214844
2021-10-21,425.29736328125
2021-10-22,424.8566589355469
2021-10-25,427.13507080078125
2021-10-26,427.5195617675781
2021-10-27,425.62542724609375
2021-10-28,429.73236083984375
2021-10-29,430.60430908203125
2021-11-01,431.3450012207031
2021-11-02,433.0888977050781
2021-11-03,435.7330627441406
2021-11-04,437.7864990234375
2021-11-05,439.3054504394531
2021-11-08,439.6805419921875
2021-11-09,438.2272033691406
2021-11-10,434.70172119140625
2021-11-11,434.8423767089844
2021-11-12,438.1240539550781
2021-11-15,438.2740478515625
2021-11-16,440.0086669921875
2021-11-17,438.93975830078125
2021-11-18,440.4305725097656
2021-11-19,439.6429748535156
2021-11-22,438.4052734375
2021-11-23,438.9866638183594
2021-11-24,440.1586608886719
2021-11-26,430.341796875
2021-11-29,435.6205749511719
2021-11-30,427.1444396972656
2021-12-01,422.4000549316406
2021-12-02,428.86968994140625
2021-12-03,425.137939453125
2021-12-06,430.17303466796875
2021-12-07,439.071044921875
2021-12-08,440.2336730957031
2021-12-09,437.26141357421875
2021-12-10,441.3775939941406
2021-12-13,437.4676513671875
2021-12-14,434.45794677734375
2021-12-15,441.24639892578125
2021-12-16,437.35516357421875
2021-12-17,432.700439453125
2021-12-20,428.0993957519531
2021-12-21,435.7020568847656
2021-12-22,440.0584411621094
2021-12-23,442.7966003417969
2021-12-27,449.06304931640625
2021-12-28,448.6960754394531
2021-12-29,449.2701110839844
2021-12-30,448.0280456542969
2021-12-31,446.89892578125
2022-01-03,449.4864501953125
2022-01-04,449.33587646484375
2022-01-05,440.707763671875
2022-01-06,440.293701171875
2022-01-07,438.5530090332031
2022-01-10,438.00726318359375
2022-01-11,441.99676513671875
2022-01-12,443.19171142578125
2022-01-13,437.0851745605469
2022-01-14,437.2638854980469
2022-01-18,429.52020263671875
2022-01-19,425.0601806640625
2022-01-20,420.3555908203125
2022-01-21,412.103759765625
2022-01-24,413.8538818359375
2022-01-25,408.8011474609375
2022-01-26,407.77557373046875
2022-01-27,405.761962890625
2022-01-28,415.83917236328125
2022-01-31,423.3289489746094
2022-02-01,426.1893005371094
2022-02-02,430.329345703125
2022-02-03,420.21441650390625
2022-02-04,422.1904296875
2022-02-07,420.8354797363281
2022-02-08,424.29815673828125
2022-02-09,430.50811767578125
2022-02-10,422.77374267578125
2022-02-11,414.4372253417969
2022-02-14,413.0823059082031
2022-02-15,419.7440185546875
2022-02-16,420.21441650390625
2022-02-17,411.23809814453125
2022-02-18,408.57537841796875
2022-02-22,404.19061279296875
2022-02-23,397.02081298828125
2022-02-24,402.99566650390625
2022-02-25,411.8873291015625
2022-02-28,410.8334655761719
2022-03-01,404.57635498046875
2022-03-02,412.0191345214844
2022-03-03,409.96783447265625
2022-03-04,406.63702392578125
2022-03-07,394.64971923828125
2022-03-08,391.6575622558594
2022-03-09,402.158203125
2022-03-10,400.3422546386719
2022-03-11,395.2518615722656
2022-03-14,392.36328125
2022-03-15,400.99151611328125
2022-03-16,409.8832092285156
2022-03-17,415.0111999511719
2022-03-18,419.5566711425781
2022-03-21,419.4340515136719
2022-03-22,424.3420715332031
2022-03-23,418.87713623046875
2022-03-24,425.1914367675781
2022-03-25,427.2679138183594
2022-03-28,430.3070983886719
2022-03-29,435.6303405761719
2022-03-30,432.9404296875
2022-03-31,426.2768859863281
2022-04-01,427.4849853515625
2022-04-04,431.1470947265625
2022-04-05,425.7011413574219
2022-04-06,421.4443664550781
2022-04-07,423.5680236816406
2022-04-08,422.4354248046875
2022-04-11,415.2151184082031
2022-04-12,413.67657470703125
2022-04-13,418.4146423339844
2022-04-14,413.20458984375
2022-04-18,413.3745422363281
2022-04-19,420.04754638671875
2022-04-20,419.7360534667969
2022-04-21,413.4595031738281
2022-04-22,402.1144714355469
2022-04-25,404.44580078125
2022-04-26,392.73272705078125
2022-04-27,393.83697509765625
2022-04-28,403.7851257324219
2022-04-29,388.86297607421875
2022-05-02,391.2037048339844
2022-05-03,392.9969787597656
2022-05-04,404.9649353027344
2022-05-05,390.5712890625
2022-05-06,388.2400817871094
2022-05-09,375.8096008300781
2022-05-10,376.677978515625
2022-05-11,370.69403076171875
2022-05-12,370.30706787109375
2022-05-13,379.1602783203125
2022-05-16,377.6217956542969
2022-05-17,385.3896179199219
2022-05-18,369.85400390625
2022-05-19,367.5887451171875
2022-05-20,367.7491760253906
2022-05-23,374.6298522949219
2022-05-24,371.77001953125
2022-05-25,375.0545654296875
2022-05-26,382.5487060546875
2022-05-27,391.93988037109375
2022-05-31,389.7407531738281
2022-06-01,386.58831787109375
2022-06-02,393.9502868652344
2022-06-03,387.4849853515625
2022-06-06,388.6648254394531
2022-06-07,392.3929443359375
2022-06-08,388.1268310546875
2022-06-09,378.8960266113281
2022-06-10,367.90966796875
2022-06-13,353.9407958984375
2022-06-14,352.87420654296875
2022-06-15,357.9049072265625
2022-06-16,346.0596618652344
2022-06-17,346.8056945800781
2022-06-21,355.5360412597656
2022-06-22,354.8915100097656
2022-06-23,358.3703918457031
2022-06-24,369.76434326171875
2022-06-27,368.3519287109375
2022-06-28,360.82550048828125
2022-06-29,360.53155517578125
2022-06-30,357.6025695800781
2022-07-01,361.38470458984375
2022-07-05,362.0672302246094
2022-07-06,363.2900390625
2022-07-07,368.7311096191406
2022-07-08,368.42779541015625
2022-07-11,364.218994140625
2022-07-12,360.99603271484375
2022-07-13,359.1002502441406
2022-07-14,358.2281494140625
2022-07-15,365.0721740722656
2022-07-18,362.0577392578125
2022-07-19,371.84027099609375
2022-07-20,374.2100830078125
2022-07-21,378.0207824707031
2022-07-22,374.5134582519531
2022-07-25,374.96844482421875
2022-07-26,370.5321350097656
2022-07-27,380.1535339355469
2022-07-28,384.9216003417969
2022-07-29,390.53326416015625
2022-08-01,389.3768615722656
2022-08-02,386.8079528808594
2022-08-03,392.86517333984375
2022-08-04,392.5997619628906
2022-08-05,391.9361877441406
2022-08-08,391.4812316894531
2022-08-09,389.92657470703125
2022-08-10,398.1166076660156
2022-08-11,398.1166076660156
2022-08-12,404.8562927246094
2022-08-15,406.52459716796875
2022-08-16,407.3209228515625
2022-08-17,404.42974853515625
2022-08-18,405.605224609375
2022-08-19,400.1546325683594
2022-08-22,391.8224182128906
2022-08-23,390.8745422363281
2022-08-24,392.125732421875
2022-08-25,397.66162109375
2022-08-26,384.2012023925781
2022-08-29,381.66070556640625
2022-08-30,377.4709167480469
2022-08-31,374.5987548828125
2022-09-01,375.7741394042969
2022-09-02,371.81182861328125
2022-09-06,370.4089660644531
2022-09-07,377.0633239746094
2022-09-08,379.5279235839844
2022-09-09,385.42401123046875
2022-09-12,389.5663757324219
2022-09-13,372.6270446777344
2022-09-14,374.0489807128906
2022-09-15,369.8022766113281
2022-09-16,366.9810485839844
2022-09-19,369.8269958496094
2022-09-20,365.5819396972656
2022-09-21,359.2048034667969
2022-09-22,356.1875305175781
2022-09-23,350.2196044921875
2022-09-26,346.7550964355469
2022-09-27,345.869873046875
2022-09-28,352.6753845214844
2022-09-29,345.30828857421875
2022-09-30,339.9686279296875
2022-10-03,348.9441833496094
2022-10-04,359.7567443847656
2022-10-05,358.9192199707031
2022-10-06,355.2166748046875
2022-10-07,345.30828857421875
2022-10-10,342.6717834472656
2022-10-11,340.5016174316406
2022-10-12,339.3785095214844
2022-10-13,348.3350830078125
2022-10-14,340.39697265625
2022-10-17,349.14410400390625
2022-10-18,353.2464904785156
2022-10-19,350.7431640625
2022-10-20,347.80206298828125
2022-10-21,356.254150390625
2022-10-24,360.61346435546875
2022-10-25,366.3719177246094
2022-10-26,363.6116943359375
2022-10-27,361.6700134277344
2022-10-28,370.2743225097656
2022-10-31,367.5997619628906
2022-11-01,365.99114990234375
2022-11-02,356.8061828613281
2022-11-03,353.1322326660156
2022-11-04,358.21490478515625
2022-11-07,361.64141845703125
2022-11-08,363.5926513671875
2022-11-09,356.1018371582031
2022-11-10,375.6711730957031
2022-11-11,379.3070983886719
2022-11-14,376.0804443359375
2022-11-15,379.28802490234375
2022-11-16,376.3945007324219
2022-11-17,375.2427978515625
2022-11-18,376.9465637207031
2022-11-21,375.5759582519531
2022-11-22,380.6301574707031
2022-11-23,383.0287170410156
2022-11-25,382.94293212890625
2022-11-28,376.83233642578125
2022-11-29,376.18511962890625
2022-11-30,388.0351867675781
2022-12-01,387.7496337890625
2022-12-02,387.3022766113281
2022-12-05,380.3349914550781
2022-12-06,374.85260009765625
2022-12-07,374.2148132324219
2022-12-08,377.1465148925781
2022-12-09,374.3291015625
2022-12-12,379.7258605957031
2022-12-13,382.6003723144531
2022-12-14,380.1541748046875
2022-12-15,370.8549499511719
2022-12-16,366.4765930175781
2022-12-19,363.3690185546875
2022-12-20,363.8662109375
2022-12-21,369.3069763183594
2022-12-22,364.0382995605469
2022-12-23,366.1324157714844
2022-12-27,364.6884765625
2022-12-28,360.1562194824219
2022-12-29,366.6391906738281
2022-12-30,365.67340087890625
2023-01-03,364.1340026855469
2023-01-04,366.94512939453125
2023-01-05,362.7571105957031
2023-01-06,371.0758056640625
2023-01-09,370.8655090332031
2023-01-10,373.46630859375
2023-01-11,378.1898193359375
2023-01-12,379.5667724609375
2023-01-13,381.039306640625
2023-01-17,380.3412780761719
2023-01-18,374.3365173339844
2023-01-19,371.6113586425781
2023-01-20,378.53411865234375
2023-01-23,383.0759582519531
2023-01-24,382.6647644042969
2023-01-25,382.80828857421875
2023-01-26,387.0155029296875
2023-01-27,387.90472412109375
2023-01-30,383.0377502441406
2023-01-31,388.6695861816406
2023-02-01,392.8004150390625
2023-02-02,398.5184020996094
2023-02-03,394.282470703125
2023-02-06,391.8728332519531
2023-02-07,396.998046875
2023-02-08,392.65692138671875
2023-02-09,389.2529296875
2023-02-10,390.16131591796875
2023-02-13,394.74139404296875
2023-02-14,394.5597839355469
2023-02-15,395.84100341796875
2023-02-16,390.3907775878906
2023-02-17,389.4154968261719
2023-02-21,381.60345458984375
2023-02-22,381.0775451660156
2023-02-23,383.10467529296875
2023-02-24,379.01214599609375
2023-02-27,380.30303955078125
2023-02-28,378.8974304199219
2023-03-01,377.44403076171875
2023-03-02,380.3794860839844
2023-03-03,386.47998046875
2023-03-06,386.7477111816406
2023-03-07,380.8193054199219
2023-03-08,381.4408874511719
2023-03-09,374.40338134765625
2023-03-10,369.0009460449219
2023-03-13,368.4750061035156
2023-03-14,374.5659484863281
2023-03-15,372.2232971191406
2023-03-16,378.7540283203125
2023-03-17,374.32537841796875
2023-03-20,377.9246826171875
2023-03-21,382.8871154785156
2023-03-22,376.3601989746094
2023-03-23,377.3776550292969
2023-03-24,379.85400390625
2023-03-27,380.5642395019531
2023-03-28,379.71002197265625
2023-03-29,385.2290954589844
2023-03-30,387.48468017578125
2023-03-31,392.9461669921875
2023-04-03,394.44342041015625
2023-04-04,392.2550964355469
2023-04-05,391.22802734375
2023-04-06,392.7541809082031
2023-04-10,393.1572570800781
2023-04-11,393.2628479003906
2023-04-12,391.659912109375
2023-04-13,396.86224365234375
2023-04-14,395.8927917480469
2023-04-17,397.3133544921875
2023-04-18,397.572509765625
2023-04-19,397.50531005859375
2023-04-20,395.3360900878906
2023-04-21,395.643310546875
2023-04-24,396.0559387207031
2023-04-25,389.7690734863281
2023-04-26,388.1181945800781
2023-04-27,395.8448486328125
2023-04-28,399.22344970703125
2023-05-01,398.8203125
2023-05-02,394.33782958984375
2023-05-03,391.6311340332031
2023-05-04,388.857177734375
2023-05-05,396.0559387207031
2023-05-08,396.1615905761719
2023-05-09,394.4242858886719
2023-05-10,396.26708984375
2023-05-11,395.57611083984375
2023-05-12,395.0577697753906
2023-05-15,396.42071533203125
2023-05-16,393.7716064453125
2023-05-17,398.55157470703125
2023-05-18,402.3908386230469
2023-05-19,401.80535888671875
2023-05-22,401.9686279296875
2023-05-23,397.4573059082031
2023-05-24,394.5778503417969
2023-05-25,397.9947814941406
2023-05-26,403.14910888671875
2023-05-30,403.30267333984375
2023-05-31,401.0662841796875
2023-06-01,404.87689208984375
2023-06-02,410.7318115234375
2023-06-05,409.9447326660156
2023-06-06,410.83740234375
2023-06-07,409.41680908203125
2023-06-08,411.8931884765625
2023-06-09,412.6322937011719
2023-06-12,416.3756408691406
2023-06-13,419.1207275390625
2023-06-14,419.619873046875
2023-06-15,424.82220458984375
2023-06-16,423.3750915527344
2023-06-20,421.1786193847656
2023-06-21,419.02056884765625
2023-06-22,420.53314208984375
2023-06-23,417.3538818359375
2023-06-26,415.648681640625
2023-06-27,420.20556640625
2023-06-28,420.4175109863281
2023-06-29,422.07452392578125
2023-06-30,427.05535888671875
2023-07-03,427.54669189453125
2023-07-05,426.91082763671875
2023-07-06,423.56781005859375
2023-07-07,422.4984436035156
2023-07-10,423.56781005859375
2023-07-11,426.26531982421875
2023-07-12,429.69500732421875
2023-07-13,433.1054992675781
2023-07-14,432.835693359375
2023-07-17,434.338623046875
2023-07-18,437.5660095214844
2023-07-19,438.5390319824219
2023-07-20,435.62957763671875
2023-07-21,435.62957763671875
2023-07-24,437.5756530761719
2023-07-25,438.770263671875
2023-07-26,438.8377380371094
2023-07-27,435.92822265625
2023-07-28,440.196044921875
2023-07-31,441.03424072265625
2023-08-01,439.7721862792969
2023-08-02,433.65460205078125
2023-08-03,432.4118957519531
2023-08-04,430.4561462402344
2023-08-07,434.2134094238281
2023-08-08,432.32513427734375
2023-08-09,429.4349060058594
2023-08-10,429.58905029296875
2023-08-11,429.3385925292969
2023-08-14,431.7085876464844
2023-08-15,426.67962646484375
2023-08-16,423.5486145019531
2023-08-17,420.3211669921875
2023-08-18,420.52349853515625
2023-08-21,423.2595520019531
2023-08-22,422.11309814453125
2023-08-23,426.8144226074219
2023-08-24,420.89923095703125
2023-08-25,423.8664245605469
2023-08-28,426.5543518066406
2023-08-29,432.7201232910156
2023-08-30,434.5024108886719
2023-08-31,433.8665771484375
2023-09-01,434.67578125
2023-09-05,432.7972106933594
2023-09-06,429.8876647949219
2023-09-07,428.5679016113281
2023-09-08,429.21331787109375
2023-09-11,432.0360412597656
2023-09-12,429.6661071777344
2023-09-13,430.1671142578125
2023-09-14,433.8761901855469
2023-09-15,428.6487121582031
2023-09-18,428.90008544921875
2023-09-19,428.01055908203125
2023-09-20,424.0757751464844
2023-09-21,417.06646728515625
2023-09-22,416.1287536621094
2023-09-25,417.87860107421875
2023-09-26,411.73944091796875
2023-09-27,411.9037780761719
2023-09-28,414.291748046875
2023-09-29,413.28631591796875
2023-10-02,413.1219787597656
2023-10-03,407.59185791015625
2023-10-04,410.5599670410156
2023-10-05,410.4052429199219
2023-10-06,415.2779541015625
2023-10-09,417.93658447265625
2023-10-10,420.1119689941406
2023-10-11,421.83282470703125
2023-10-12,419.2611083984375
2023-10-13,417.1728820800781
2023-10-16,421.56207275390625
2023-10-17,421.542724609375
2023-10-18,415.92559814453125
2023-10-19,412.27117919921875
2023-10-20,407.20513916015625
2023-10-23,406.4993896484375
2023-10-24,409.5641174316406
2023-10-25,403.6860046386719
2023-10-26,398.85198974609375
2023-10-27,397.0441589355469
2023-10-30,401.7911071777344
2023-10-31,404.3144836425781
2023-11-01,408.6263427734375
2023-11-02,416.4574279785156
2023-11-03,420.2569274902344
2023-11-06,421.22369384765625
2023-11-07,422.4225158691406
2023-11-08,422.7319030761719
2023-11-09,419.4351501464844
2023-11-10,425.9803771972656
2023-11-13,425.5743103027344
2023-11-14,433.83074951171875
2023-11-15,434.7491760253906
2023-11-16,435.2809753417969
2023-11-17,435.8223876953125
2023-11-20,439.1771545410156
2023-11-21,438.219970703125
2023-11-22,439.9118957519531
2023-11-24,440.18255615234375
2023-11-27,439.38983154296875
2023-11-28,439.8248596191406
2023-11-29,439.5155334472656
2023-11-30,441.24609375
2023-12-01,443.8564453125
2023-12-04,441.5264587402344
2023-12-05,441.4394226074219
2023-12-06,439.6605529785156
2023-12-07,443.01531982421875
2023-12-08,444.9199523925781
2023-12-11,446.6504821777344
2023-12-12,448.6904602050781
2023-12-13,454.8778991699219
2023-12-14,456.3377990722656
2023-12-15,455.5863952636719
2023-12-18,458.1492004394531
2023-12-19,460.93505859375
2023-12-20,454.5478210449219
2023-12-21,458.8577575683594
2023-12-22,459.7799377441406
2023-12-26,461.7214050292969
2023-12-27,462.55621337890625
2023-12-28,462.7309265136719
2023-12-29,461.3913269042969
2024-01-02,458.8092346191406
2024-01-03,455.0622253417969
2024-01-04,453.5964660644531
2024-01-05,454.2177734375
2024-01-08,460.7021484375
2024-01-09,460.0032043457031
2024-01-10,462.6047058105469
2024-01-11,462.40087890625
2024-01-12,462.7212219238281
2024-01-16,461.0224914550781
2024-01-17,458.4597473144531
2024-01-18,462.5367736816406
2024-01-19,468.3028564453125
2024-01-22,469.2929992675781
2024-01-23,470.66162109375
2024-01-24,471.1761474609375
2024-01-25,473.73883056640625
2024-01-26,473.13702392578125
2024-01-29,476.88397216796875
2024-01-30,476.5151062011719
2024-01-31,468.7396545410156
2024-02-01,474.8746032714844
2024-02-02,479.8737487792969
2024-02-05,478.12646484375
2024-02-06,479.51458740234375
2024-02-07,483.513916015625
2024-02-08,483.7275390625
2024-02-09,486.5232238769531
2024-02-12,486.3096618652344
2024-02-13,479.61163330078125
2024-02-14,483.97021484375
2024-02-15,487.3094787597656
2024-02-16,484.8826904296875
2024-02-20,482.2132263183594
2024-02-21,482.6499938964844
2024-02-22,492.638671875
2024-02-23,492.97845458984375
2024-02-26,491.17291259765625
2024-02-27,492.08538818359375
2024-02-28,491.4350280761719
2024-02-29,493.2016906738281
2024-03-01,497.83203125
2024-03-04,497.298095703125
2024-03-05,492.32806396484375
2024-03-06,494.82281494140625
2024-03-07,499.7346496582031
2024-03-08,496.735107421875
2024-03-11,496.3080139160156
2024-03-12,501.64697265625
2024-03-13,500.86065673828125
2024-03-14,499.8704833984375
2024-03-15,496.4381103515625
2024-03-18,499.3885192871094
2024-03-19,502.16363525390625
2024-03-20,506.808349609375
2024-03-21,508.483154296875
2024-03-22,507.51922607421875
2024-03-25,506.1169738769531
2024-03-26,505.1822204589844
2024-03-27,509.4277648925781
2024-03-28,509.33038330078125
2024-04-01,508.4442443847656
2024-04-02,505.21142578125
2024-04-03,505.76641845703125
2024-04-04,499.593017578125
2024-04-05,504.8121643066406
2024-04-08,505.09454345703125
2024-04-09,505.6788330078125
2024-04-10,500.61541748046875
2024-04-11,504.3935546875
2024-04-12,497.43133544921875
2024-04-15,491.199462890625
2024-04-16,490.3035888671875
2024-04-17,487.40185546875
2024-04-18,486.3989562988281
2024-04-19,482.1534423828125
2024-04-22,486.59375
2024-04-23,492.3678894042969
2024-04-24,492.1342468261719
2024-04-25,490.2646789550781
2024-04-26,494.9093933105469
2024-04-29,496.66204833984375
2024-04-30,488.7943420410156
2024-05-01,487.2071838378906
2024-05-02,491.7641906738281
2024-05-03,497.85980224609375
2024-05-06,503.0010681152344
2024-05-07,503.55609130859375
2024-05-08,503.60479736328125
2024-05-09,506.50653076171875
2024-05-10,507.158935546875
2024-05-13,507.2270812988281
2024-05-14,509.5542297363281
2024-05-15,515.8640747070312
2024-05-16,514.802734375
2024-05-17,515.5427856445312
2024-05-20,516.13671875
2024-05-21,517.402587890625
2024-05-22,515.9129028320312
2024-05-23,512.14453125
2024-05-24,515.5330810546875
2024-05-28,515.8934326171875
2024-05-29,512.28076171875
2024-05-30,508.88232421875
2024-05-31,513.5173950195312
2024-06-03,513.9360961914062
2024-06-04,514.5105590820312
2024-06-05,520.6255493164062
2024-06-06,520.6159057617188
2024-06-07,519.9830322265625
2024-06-10,521.589599609375
2024-06-11,522.8457641601562
2024-06-12,527.1398315429688
2024-06-13,528.2012939453125
2024-06-14,528.5226440429688
2024-06-17,532.7291259765625
2024-06-18,534.0825805664062
2024-06-20,532.6317749023438
2024-06-21,531.9176635742188
2024-06-24,530.1886596679688
2024-06-25,532.2303466796875
2024-06-26,532.89453125
2024-06-27,533.734619140625
2024-06-28,531.6343994140625
2024-07-01,532.728515625
2024-07-02,536.3136596679688
2024-07-03,538.7069702148438
2024-07-05,541.8134155273438
2024-07-08,542.4386596679688
2024-07-09,542.966064453125
2024-07-10,548.3389282226562
2024-07-11,543.6107788085938
2024-07-12,547.0397338867188
2024-07-15,548.5441284179688
2024-07-16,551.7970581054688
2024-07-17,544.0602416992188
2024-07-18,539.8792114257812
2024-07-19,536.2940063476562
2024-07-22,541.8232421875
2024-07-23,540.9733276367188
2024-07-24,528.7135620117188
2024-07-25,525.958740234375
2024-07-26,531.8493041992188
2024-07-29,532.1618041992188
2024-07-30,529.4656982421875
2024-07-31,538.072021484375
2024-08-01,530.452392578125
2024-08-02,520.576171875
2024-08-05,505.4151611328125
2024-08-06,510.0748291015625
2024-08-07,506.66546630859375
2024-08-08,518.378173828125
2024-08-09,520.6641235351562
2024-08-12,520.9376831054688
2024-08-13,529.5048217773438
2024-08-14,531.1753540039062
2024-08-15,540.2797241210938
2024-08-16,541.4910888671875
2024-08-19,546.6685180664062
2024-08-20,545.7794799804688
2024-08-21,547.6552124023438
2024-08-22,543.35693359375
2024-08-23,549.1301879882812
2024-08-26,547.8212280273438
2024-08-27,548.5734252929688
2024-08-28,545.3887939453125
2024-08-29,545.4375610351562
2024-08-30,550.6444091796875
2024-09-03,539.3126831054688
2024-09-04,538.2088012695312
2024-09-05,536.8997802734375
2024-09-06,527.8637084960938
2024-09-09,533.7737426757812
2024-09-10,536.0987548828125
2024-09-11,541.5985717773438
2024-09-12,546.1605224609375
2024-09-13,549.0130004882812
2024-09-16,549.82373046875
2024-09-17,550.0484619140625
2024-09-18,548.4171142578125
2024-09-19,557.7754516601562
2024-09-20,556.8113403320312
2024-09-23,558.2027587890625
2024-09-24,559.7999267578125
2024-09-25,558.5653686523438
2024-09-26,560.7798461914062
2024-09-27,559.9664916992188
2024-09-30,562.2103881835938
2024-10-01,557.1738891601562
2024-10-02,557.4090576171875
2024-10-03,556.3900146484375
2024-10-04,561.446044921875
2024-10-07,556.370361328125
2024-10-08,561.6322631835938
2024-10-09,565.5224609375
2024-10-10,564.53271484375
2024-10-11,567.913330078125
2024-10-14,572.557861328125
2024-10-15,568.1092529296875
2024-10-16,570.5785522460938
2024-10-17,570.6275024414062
2024-10-18,572.822509765625
2024-10-21,571.8817749023438
2024-10-22,571.5780029296875
2024-10-23,566.355224609375
2024-10-24,567.5801391601562
2024-10-25,567.3840942382812
2024-10-28,569.13818359375
2024-10-29,570.0592041015625
2024-10-30,568.3346557617188
2024-10-31,557.1935424804688
2024-11-01,559.545166015625
2024-11-04,558.3399658203125
2024-11-05,565.0911865234375
2024-11-06,579.142578125
2024-11-07,583.62060546875
2024-11-08,586.148681640625
2024-11-11,586.7071533203125
2024-11-12,584.8846435546875
2024-11-13,585.1687622070312
2024-11-14,581.4060668945312
2024-11-15,573.9591064453125
2024-11-18,576.310791015625
2024-11-19,578.41748046875
2024-11-20,578.6134643554688
2024-11-21,581.7195434570312
2024-11-22,583.5226440429688
2024-11-25,585.5020751953125
2024-11-26,588.5591430664062
2024-11-27,586.7757568359375
2024-11-29,590.4209594726562
2024-12-02,591.4791259765625
2024-12-03,591.7535400390625
2024-12-04,595.427978515625
2024-12-05,594.4481201171875
2024-12-06,595.5750122070312
2024-12-09,592.5079956054688
2024-12-10,590.6658935546875
2024-12-11,595.2320556640625
2024-12-12,592.1651000976562
2024-12-13,592.0474853515625
2024-12-16,594.575439453125
2024-12-17,592.1257934570312
2024-12-18,574.4784545898438
2024-12-19,574.302001953125
2024-12-20,581.199951171875
2024-12-23,584.680419921875
2024-12-24,591.1791381835938
2024-12-26,591.2184448242188
2024-12-27,584.9949340820312
2024-12-30,578.3192138671875
2024-12-31,576.2152709960938
2025-01-02,574.799560546875
2025-01-03,581.9865112304688
2025-01-06,585.339111328125
2025-01-07,578.722412109375
2025-01-08,579.56787109375
2025-01-10,570.7193603515625
2025-01-13,571.604248046875
2025-01-14,572.3906860351562
2025-01-15,582.802490234375
2025-01-16,581.6817626953125
2025-01-17,587.521728515625
2025-01-21,592.8995971679688
2025-01-22,596.2326049804688
2025-01-23,599.4868774414062
2025-01-24,597.7367553710938
2025-01-27,589.2816162109375
2025-01-28,594.3449096679688
2025-01-29,591.6804809570312
2025-01-30,594.8560791015625
2025-01-31,591.6903686523438
2025-02-03,587.70849609375
2025-02-04,591.6510620117188
2025-02-05,594.0499267578125
2025-02-06,596.1146850585938
2025-02-07,590.6580810546875
2025-02-10,594.6693725585938
2025-02-11,595.12158203125
2025-02-12,593.2044067382812
2025-02-13,599.4671630859375
2025-02-14,599.4376831054688
2025-02-18,601.1975708007812
2025-02-19,602.6134033203125
2025-02-20,600.1062622070312
2025-02-21,589.842041015625
2025-02-24,587.157958984375
2025-02-25,584.2379760742188
2025-02-26,584.5327758789062
2025-02-27,575.2025756835938
2025-02-28,584.1790161132812
2025-03-03,573.9441528320312
2025-03-04,567.1504516601562
2025-03-05,573.24609375
2025-03-06,563.0702514648438
2025-03-07,566.2261962890625
2025-03-10,551.14453125
2025-03-11,546.5628051757812
2025-03-12,549.4632568359375
2025-03-13,542.1386108398438
2025-03-14,553.3369750976562
2025-03-17,557.6038818359375
2025-03-18,551.5770874023438
2025-03-19,557.584228515625
2025-03-20,555.9718627929688
2025-03-21,556.1552124023438
2025-03-24,566.1151733398438
2025-03-25,567.4759521484375
2025-03-26,560.7013549804688
2025-03-27,559.2123413085938
2025-03-28,547.95068359375
2025-03-31,551.6289672851562
2025-04-01,553.1870727539062
2025-04-02,556.6878051757812
2025-04-03,529.2538452148438
2025-04-04,498.2696838378906
2025-04-07,497.3821716308594
2025-04-08,489.591796875
2025-04-09,541.0084228515625
2025-04-10,517.3018798828125
2025-04-11,526.531982421875
2025-04-14,531.6401977539062
2025-04-15,530.151123046875
2025-04-16,518.3668823242188
2025-04-17,519.1065063476562
2025-04-21,506.7503967285156
2025-04-22,519.9348754882812
2025-04-23,527.991455078125
2025-04-24,539.105224609375
2025-04-25,543.0003051757812
2025-04-28,543.2073974609375
2025-04-29,546.6292724609375
2025-04-30,546.84619140625
2025-05-01,550.7216186523438
2025-05-02,558.8966674804688
2025-05-05,555.6918334960938
2025-05-06,551.0470581054688
2025-05-07,553.3645629882812
2025-05-08,557.2202758789062
2025-05-09,556.5103149414062
2025-05-12,574.9015502929688
2025-05-13,578.6981201171875
2025-05-14,579.437744140625
2025-05-15,582.2678833007812
2025-05-16,585.9559936523438
2025-05-19,586.5969848632812
2025-05-20,584.6246948242188
2025-05-21,574.7733154296875
2025-05-22,575.000244140625
2025-05-23,571.0753173828125
2025-05-27,582.9483642578125
2025-05-28,579.5757446289062
2025-05-29,581.8635864257812
2025-05-30,581.2127685546875
2025-06-02,584.4867553710938
2025-06-03,587.8197631835938
2025-06-04,587.6620483398438
2025-06-05,584.8218994140625
2025-06-06,590.8274536132812
2025-06-09,591.3599853515625
2025-06-10,594.7128295898438
2025-06-11,593.0166625976562
2025-06-12,595.3734741210938
2025-06-13,588.7171630859375
2025-06-16,594.318359375
2025-06-17,589.2398681640625
2025-06-18,589.1510620117188
2025-06-20,587.7673950195312
2025-06-23,593.5730590820312
2025-06-24,600.13037109375
2025-06-25,600.4666748046875
2025-06-26,605.1646118164062
2025-06-27,608.1712646484375
2025-06-30,611.0789794921875
2025-07-01,610.8812866210938
2025-07-02,613.650634765625
2025-07-03,618.487060546875
2025-07-07,613.8779907226562
2025-07-08,613.5418090820312
2025-07-09,617.2210083007812
2025-07-10,618.9617309570312
2025-07-11,616.785888671875
2025-07-14,617.9627685546875
2025-07-15,615.322021484375
2025-07-16,617.3792114257812
2025-07-17,621.1573486328125
2025-07-18,620.7024536132812
2025-07-21,621.87939453125
2025-07-22,621.9684448242188
2025-07-23,627.259765625
2025-07-24,627.4674682617188
2025-07-25,630.1181030273438
2025-07-28,629.9598999023438
2025-07-29,628.29833984375
2025-07-30,627.5070190429688
2025-07-31,625.1531372070312
2025-08-01,614.9065551757812
2025-08-04,624.2531127929688
2025-08-05,621.088134765625
2025-08-06,625.8455200195312
2025-08-07,625.3212890625
2025-08-08,630.1972045898438
2025-08-11,628.9510498046875
2025-08-12,635.6468505859375
2025-08-13,637.8228149414062
2025-08-14,637.882080078125
2025-08-15,636.3886108398438
2025-08-18,636.2501831054688
2025-08-19,632.79833984375
2025-08-20,631.1170043945312
2025-08-21,628.5851440429688
2025-08-22,638.2381591796875
2025-08-25,635.4292602539062
2025-08-26,638.0897827148438
2025-08-27,639.543701171875
2025-08-28,641.8085327148438
2025-08-29,637.9810180664062
2025-09-02,633.25341796875
2025-09-03,636.6853637695312
2025-09-04,642.0064086914062
2025-09-05,640.14697265625
2025-09-08,641.7196044921875
2025-09-09,643.203125
2025-09-10,645.0625
2025-09-11,650.4231567382812
2025-09-12,650.2054443359375
2025-09-15,653.6671752929688
2025-09-16,652.7671508789062
2025-09-17,651.9561157226562
2025-09-18,655.0023193359375
2025-09-19,658.2465209960938
2025-09-22,661.3606567382812
2025-09-23,657.7606201171875
2025-09-24,655.6677856445312
2025-09-25,652.6429443359375
2025-09-26,656.3819580078125
2025-09-29,658.2266845703125
2025-09-30,660.7061157226562
2025-10-01,662.95751953125
2025-10-02,663.7210693359375
2025-10-03,663.7112426757812
2025-10-06,666.0914916992188
2025-10-07,663.6219482421875
2025-10-08,667.5791625976562
2025-10-09,665.6452026367188
2025-10-10,647.6542358398438
2025-10-13,657.5919189453125
2025-10-14,656.78857421875
2025-10-15,659.7044067382812
2025-10-16,655.2117309570312
2025-10-17,658.9308471679688
2025-10-20,665.7840576171875
2025-10-21,665.7741088867188
2025-10-22,662.3128051757812
2025-10-23,666.2402954101562
2025-10-24,671.6851806640625
2025-10-27,679.6094970703125
2025-10-28,681.41455078125
2025-10-29,681.7418823242188
2025-10-30,674.2439575195312
2025-10-31,676.4556274414062
2025-11-03,677.7251586914062
2025-11-04,669.6917114257812
2025-11-05,672.0125122070312
2025-11-06,664.8021850585938
2025-11-07,665.4567260742188
2025-11-10,675.8407592773438
2025-11-11,677.3878784179688
2025-11-12,677.7647705078125
2025-11-13,666.5179443359375
2025-11-14,666.408935546875
2025-11-17,660.2002563476562
2025-11-18,654.65625
2025-11-19,657.185302734375
2025-11-20,647.1683349609375
2025-11-21,653.6148681640625
2025-11-24,663.2351684570312
2025-11-25,669.4734497070312
2025-11-26,674.09521484375
2025-11-28,677.7747192382812
2025-12-01,674.6803588867188
2025-12-02,675.9300537109375
2025-12-03,678.2706298828125
2025-12-04,678.7665405273438
2025-12-05,680.0557861328125
2025-12-08,678.0127563476562
2025-12-09,677.4275512695312
2025-12-10,681.92041015625
2025-12-11,683.5072021484375
2025-12-12,676.1580810546875
2025-12-15,675.1365356445312
2025-12-16,673.2918701171875
2025-12-17,665.8832397460938
2025-12-18,670.9114990234375
2025-12-19,676.9923095703125
2025-12-22,681.2098388671875
2025-12-23,684.3233032226562
2025-12-24,686.7305297851562
2025-12-26,686.660888671875
2025-12-29,684.2138671875
2025-12-30,683.3782958984375
2025-12-31,678.3152465820312
2026-01-02,679.55859375
2026-01-05,684.0845947265625
2026-01-06,688.1529541015625
2026-01-07,685.9347534179688
2026-01-08,685.8651123046875
2026-01-09,690.4010009765625
2026-01-12,691.4852294921875
2026-01-13,690.1026000976562
2026-01-14,686.7105712890625
2026-01-15,688.5806884765625
2026-01-16,688.0037231445312
2026-01-20,673.9981689453125
2026-01-21,681.77685546875
2026-01-22,685.3379516601562
2026-01-23,685.5865478515625
2026-01-26,689.068115234375
2026-01-27,691.8134765625
2026-01-28,691.7438354492188
2026-01-29,690.3711547851562
2026-01-30,688.3121337890625
2026-02-02,691.73388671875
2026-02-03,685.885009765625
2026-02-04,682.5626831054688
2026-02-05,674.0379638671875
2026-02-06,686.96923828125
2026-02-09,690.2816162109375
2026-02-10,688.4613037109375
2026-02-11,688.3021850585938
2026-02-12,677.668701171875
2026-02-13,678.1461181640625
2026-02-17,679.2402954101562
2026-02-18,682.662109375
2026-02-19,680.8616943359375
2026-02-20,685.7855834960938
2026-02-23,678.7827758789062
2026-02-24,683.7164916992188
2026-02-25,689.4859008789062
2026-02-26,685.6561889648438
2026-02-27,682.3637084960938
2026-03-02,682.7516479492188
2026-03-03,676.7337036132812
2026-03-04,681.50830078125
2026-03-05,677.7084350585938
2026-03-06,668.8256225585938
2026-03-09,674.6845092773438
2026-03-10,673.6002807617188
2026-03-11,672.7548217773438
2026-03-12,662.5390625
2026-03-13,658.7890014648438
2026-03-16,665.493408203125
2026-03-17,667.2440185546875
2026-03-18,657.9335327148438
2026-03-19,656.3121337890625
2026-03-20,646.9034423828125
2026-03-23,653.6959228515625
2026-03-24,651.5015869140625
2026-03-25,655.1322021484375
2026-03-26,643.432373046875
2026-03-27,632.4606323242188
2026-03-30,630.3460693359375
2026-03-31,648.6688842773438
2026-04-01,653.5562744140625
2026-04-02,654.144775390625
2026-04-06,657.23681640625
2026-04-07,657.5260009765625
2026-04-08,674.27294921875
2026-04-09,678.162841796875
2026-04-10,677.7140502929688
2026-04-13,684.3369750976562
2026-04-14,692.675537109375
2026-04-15,698.1414184570312
2026-04-16,699.8569946289062
2026-04-17,708.3152465820312
2026-04-20,706.8988037109375
2026-04-21,702.2708129882812
2026-04-22,709.3825073242188
2026-04-23,706.6295776367188
2026-04-24,712.10546875
2026-04-27,713.332275390625
2026-04-28,709.8612060546875
2026-04-29,709.7515258789062
2026-04-30,716.8132934570312
2026-05-01,718.7982177734375
2026-05-04,716.1649780273438
2026-05-05,721.9102172851562
2026-05-06,731.9443359375
2026-05-07,729.7001342773438
2026-05-08,735.724609375
2026-05-11,737.4002685546875
2026-05-12,736.2831420898438
2026-05-13,740.4025268554688
2026-05-14,746.2474975585938
2026-05-15,737.2706298828125
2026-05-18,736.751953125
2026-05-19,731.8446044921875
2026-05-20,739.3452758789062
2026-05-21,740.8114624023438
2026-05-22,743.7239990234375
2026-05-26,748.6613159179688
2026-05-27,748.5316162109375
2026-05-28,752.6609497070312
2026-05-29,754.5361328125
2026-06-01,756.5908203125
2026-06-02,757.6182250976562
2026-06-03,752.3018798828125
2026-06-04,755.1445922851562
2026-06-05,735.65478515625
2026-06-08,737.3204345703125
2026-06-09,735.1560668945312
2026-06-10,723.56591796875
2026-06-11,735.8642578125
2026-06-12,739.843994140625
2026-06-15,752.890380859375
2026-06-16,748.4019775390625
2026-06-17,739.0560302734375
2026-06-18,746.739990234375
2026-06-22,744.3900146484375
2026-06-23,733.5800170898438
2026-06-24,733.239990234375
2026-06-25,734.2999877929688
2026-06-26,728.989990234375
2026-06-29,741.0
2026-06-30,746.77001953125
2026-07-01,745.760009765625
2026-07-02,744.780029296875
2026-07-06,751.280029296875
2026-07-07,747.7100219726562
2026-07-08,745.4000244140625
2026-07-09,751.7100219726562
2026-07-10,754.9500122070312
2026-07-13,749.1699829101562
2026-07-14,751.8300170898438
2026-07-15,754.8099975585938
2026-07-16,750.719970703125
2026-07-17,743.2899780273438
2026-07-20,742.0900268554688
2026-07-21,748.280029296875
2026-07-22,747.4099731445312
2026-07-23,738.1799926757812
2026-07-24,738.9299926757812
2026-07-27,739.0900268554688
2026-07-28,740.8599853515625
2026-07-29,729.4600219726562
2026-07-30,741.6900024414062
2026-07-31,747.030029296875
2026-08-03,757.6699829101562
2026-08-04,771.3300170898438
2026-08-05,769.7899780273438
2026-08-06,768.5999755859375
