Date,Close
2011-01-03,96.67909240722656
2011-01-04,96.62583923339844
2011-01-05,97.12806701660156
2011-01-06,96.93783569335938
2011-01-07,96.74758911132812
2011-01-10,96.62583923339844
2011-01-11,96.96826934814453
2011-01-12,97.84336853027344
2011-01-13,97.68356323242188
2011-01-14,98.3912353515625
2011-01-18,98.55866241455078
2011-01-19,97.5922622680664
2011-01-20,97.46290588378906
2011-01-21,97.68356323242188
2011-01-24,98.23905181884766
2011-01-25,98.29231262207031
2011-01-26,98.67278289794922
2011-01-27,98.91631317138672
2011-01-28,97.18893432617188
2011-01-31,97.9194564819336
2011-02-01,99.48703002929688
2011-02-02,99.2967758178711
2011-02-03,99.51744842529297
2011-02-04,99.79901123046875
2011-02-07,100.42298889160156
2011-02-08,100.87957000732422
2011-02-09,100.65128326416016
2011-02-10,100.68933868408203
2011-02-11,101.29046630859375
2011-02-14,101.53397369384766
2011-02-15,101.2143783569336
2011-02-16,101.85359954833984
2011-02-17,102.15797424316406
2011-02-18,102.37102508544922
2011-02-22,100.31645965576172
2011-02-23,99.70011138916016
2011-02-24,99.631591796875
2011-02-25,100.69696807861328
2011-02-28,101.3209228515625
2011-03-01,99.631591796875
2011-03-02,99.84469604492188
2011-03-03,101.56442260742188
2011-03-04,100.80345153808594
2011-03-07,100.01209259033203
2011-03-08,100.88716125488281
2011-03-09,100.74258422851562
2011-03-10,98.8782730102539
2011-03-11,99.56314086914062
2011-03-14,98.96199035644531
2011-03-15,97.82815551757812
2011-03-16,96.01705169677734
2011-03-17,97.28787231445312
2011-03-18,97.64171600341797
2011-03-21,99.15494537353516
2011-03-22,98.81103515625
2011-03-23,99.09379577636719
2011-03-24,100.04149627685547
2011-03-25,100.34719848632812
2011-03-28,100.10261535644531
2011-03-29,100.77519226074219
2011-03-30,101.47067260742188
2011-03-31,101.33307647705078
2011-04-01,101.76107025146484
2011-04-04,101.84513854980469
2011-04-05,101.82984924316406
2011-04-06,102.1508560180664
2011-04-07,101.8910140991211
2011-04-08,101.53944396972656
2011-04-11,101.23372650146484
2011-04-12,100.47711944580078
2011-04-13,100.46949005126953
2011-04-14,100.5458984375
2011-04-15,100.9127197265625
2011-04-18,99.78162384033203
2011-04-19,100.35485076904297
2011-04-20,101.72281646728516
2011-04-21,102.24254608154297
2011-04-25,102.13554382324219
2011-04-26,103.01444244384766
2011-04-27,103.6869888305664
2011-04-28,104.02324676513672
2011-04-29,104.2678451538086
2011-05-02,104.10736846923828
2011-05-03,103.73285675048828
2011-05-04,103.04501342773438
2011-05-05,102.11264038085938
2011-05-06,102.56351470947266
2011-05-09,102.9609603881836
2011-05-10,103.83984375
2011-05-11,102.74700927734375
2011-05-12,103.23609924316406
2011-05-13,102.4412612915039
2011-05-16,101.7916488647461
2011-05-17,101.7763671875
2011-05-18,102.68582916259766
2011-05-19,102.9303970336914
2011-05-20,102.11264038085938
2011-05-23,100.92802429199219
2011-05-24,100.8439712524414
2011-05-25,101.18023681640625
2011-05-26,101.64644622802734
2011-05-27,102.03617858886719
2011-05-31,103.09852600097656
2011-06-01,100.7828140258789
2011-06-02,100.67581939697266
2011-06-03,99.67462921142578
2011-06-06,98.61996459960938
2011-06-07,98.55884552001953
2011-06-08,98.14613342285156
2011-06-09,98.89508819580078
2011-06-10,97.5194320678711
2011-06-13,97.59585571289062
2011-06-14,98.83397674560547
2011-06-15,97.07615661621094
2011-06-16,97.29014587402344
2011-06-17,97.58051300048828
2011-06-20,98.0797119140625
2011-06-21,99.42376708984375
2011-06-22,98.82471466064453
2011-06-23,98.54055786132812
2011-06-24,97.39615631103516
2011-06-27,98.26406860351562
2011-06-28,99.54666900634766
2011-06-29,100.39920806884766
2011-06-30,101.35926818847656
2011-07-01,102.85696411132812
2011-07-05,102.77249908447266
2011-07-06,102.89537048339844
2011-07-07,103.96298217773438
2011-07-08,103.22563171386719
2011-07-11,101.35926818847656
2011-07-12,100.9214859008789
2011-07-13,101.2594223022461
2011-07-14,100.56050109863281
2011-07-15,101.14424896240234
2011-07-18,100.31473541259766
2011-07-19,101.94300079345703
2011-07-20,101.8815689086914
2011-07-21,103.29476928710938
2011-07-22,103.36385345458984
2011-07-25,102.7878646850586
2011-07-26,102.40380859375
2011-07-27,100.30706787109375
2011-07-28,100.01519775390625
2011-07-29,99.33160400390625
2011-08-01,98.90919494628906
2011-08-02,96.3823471069336
2011-08-03,96.90460205078125
2011-08-04,92.36544799804688
2011-08-05,92.22718048095703
2011-08-08,86.22103881835938
2011-08-09,90.23028564453125
2011-08-10,86.24410247802734
2011-08-11,90.11505889892578
2011-08-12,90.72184753417969
2011-08-15,92.64192962646484
2011-08-16,91.850830078125
2011-08-17,91.91226959228516
2011-08-18,87.94915771484375
2011-08-19,86.51290130615234
2011-08-22,86.58201599121094
2011-08-23,89.43146514892578
2011-08-24,90.69109344482422
2011-08-25,89.30858612060547
2011-08-26,90.60662078857422
2011-08-29,93.21027374267578
2011-08-30,93.45608520507812
2011-08-31,93.87081146240234
2011-09-01,92.88770294189453
2011-09-02,90.51444244384766
2011-09-06,89.8539047241211
2011-09-07,92.38847351074219
2011-09-08,91.42839813232422
2011-09-09,89.0320816040039
2011-09-12,89.60811614990234
2011-09-13,90.42996978759766
2011-09-14,91.68185424804688
2011-09-15,93.26405334472656
2011-09-16,93.81604766845703
2011-09-19,92.88189697265625
2011-09-20,92.7738265991211
2011-09-21,90.0408706665039
2011-09-22,87.1303482055664
2011-09-23,87.65531921386719
2011-09-26,89.73976135253906
2011-09-27,90.7433853149414
2011-09-28,88.89053344726562
2011-09-29,89.59307861328125
2011-09-30,87.35424041748047
2011-10-03,84.86831665039062
2011-10-04,86.7288818359375
2011-10-05,88.33468627929688
2011-10-06,89.93280029296875
2011-10-07,89.33058166503906
2011-10-10,92.31832885742188
2011-10-11,92.41096496582031
2011-10-12,93.22160339355469
2011-10-13,93.03630828857422
2011-10-14,94.62667083740234
2011-10-17,92.82010650634766
2011-10-18,94.63440704345703
2011-10-19,93.51496124267578
2011-10-20,93.92414855957031
2011-10-21,95.70748901367188
2011-10-24,96.88099670410156
2011-10-25,94.99725341796875
2011-10-26,95.96226501464844
2011-10-27,99.30511474609375
2011-10-28,99.28195190429688
2011-10-31,96.8886947631836
2011-11-01,94.1866226196289
2011-11-02,95.72293090820312
2011-11-03,97.46769714355469
2011-11-04,96.87323760986328
2011-11-07,97.47542572021484
2011-11-08,98.7260971069336
2011-11-09,95.08216857910156
2011-11-10,95.97771453857422
2011-11-11,97.78424835205078
2011-11-14,96.85780334472656
2011-11-15,97.33646392822266
2011-11-16,95.79240417480469
2011-11-17,94.27153778076172
2011-11-18,94.17118072509766
2011-11-21,92.38008117675781
2011-11-22,92.01722717285156
2011-11-23,89.98680877685547
2011-11-25,89.81697845458984
2011-11-28,92.41869354248047
2011-11-29,92.68118286132812
2011-11-30,96.49494934082031
2011-12-01,96.47950744628906
2011-12-02,96.39460754394531
2011-12-05,97.44454193115234
2011-12-06,97.47542572021484
2011-12-07,97.83828735351562
2011-12-08,95.69204711914062
2011-12-09,97.31331634521484
2011-12-12,95.89277648925781
2011-12-13,94.99725341796875
2011-12-14,93.98590850830078
2011-12-15,94.32559204101562
2011-12-16,94.46540832519531
2011-12-19,93.4554214477539
2011-12-20,96.28343963623047
2011-12-21,96.46985626220703
2011-12-22,97.32447052001953
2011-12-23,98.19461822509766
2011-12-27,98.2723159790039
2011-12-28,96.98265838623047
2011-12-29,97.98487091064453
2011-12-30,97.503173828125
2012-01-03,99.05697631835938
2012-01-04,99.21238708496094
2012-01-05,99.47652435302734
2012-01-06,99.22015380859375
2012-01-09,99.46104431152344
2012-01-10,100.32339477539062
2012-01-11,100.37777709960938
2012-01-12,100.61862182617188
2012-01-13,100.09807586669922
2012-01-17,100.48651885986328
2012-01-18,101.5975570678711
2012-01-19,102.13361358642578
2012-01-20,102.5143051147461
2012-01-23,102.2501220703125
2012-01-24,102.13361358642578
2012-01-25,102.98822021484375
2012-01-26,102.45989990234375
2012-01-27,102.413330078125
2012-01-30,102.06362915039062
2012-01-31,102.02486419677734
2012-02-01,102.91828155517578
2012-02-02,103.08146667480469
2012-02-03,104.52650451660156
2012-02-06,104.45658874511719
2012-02-07,104.72071838378906
2012-02-08,105.03154754638672
2012-02-09,105.16360473632812
2012-02-10,104.38666534423828
2012-02-13,105.16360473632812
2012-02-14,105.03154754638672
2012-02-15,104.54206848144531
2012-02-16,105.69965362548828
2012-02-17,105.97933959960938
2012-02-21,106.02597045898438
2012-02-22,105.6841049194336
2012-02-23,106.15028381347656
2012-02-24,106.3833236694336
2012-02-27,106.56202697753906
2012-02-28,106.87279510498047
2012-02-29,106.45327758789062
2012-03-01,107.00486755371094
2012-03-02,106.67857360839844
2012-03-05,106.24352264404297
2012-03-06,104.6896743774414
2012-03-07,105.4199447631836
2012-03-08,106.4688491821289
2012-03-09,106.88058471679688
2012-03-12,106.88837432861328
2012-03-13,108.81507873535156
2012-03-14,108.69853973388672
2012-03-15,109.3278579711914
2012-03-16,109.47925567626953
2012-03-19,109.90840911865234
2012-03-20,109.5884780883789
2012-03-21,109.40904235839844
2012-03-22,108.62090301513672
2012-03-23,108.9720458984375
2012-03-26,110.50145721435547
2012-03-27,110.15816497802734
2012-03-28,109.61192321777344
2012-03-29,109.42463684082031
2012-03-30,109.87721252441406
2012-04-02,110.68092346191406
2012-04-03,110.22834014892578
2012-04-04,109.13587951660156
2012-04-05,109.0812759399414
2012-04-09,107.85619354248047
2012-04-10,106.0457992553711
2012-04-11,106.90414428710938
2012-04-12,108.30099487304688
2012-04-13,107.013427734375
2012-04-16,106.9432144165039
2012-04-17,108.52725982666016
2012-04-18,108.16053009033203
2012-04-19,107.46601104736328
2012-04-20,107.64551544189453
2012-04-23,106.74029541015625
2012-04-24,107.14607238769531
2012-04-25,108.61309051513672
2012-04-26,109.36998748779297
2012-04-27,109.54945373535156
2012-04-30,109.1436996459961
2012-05-01,109.8226318359375
2012-05-02,109.49486541748047
2012-05-03,108.65989685058594
2012-05-04,106.90414428710938
2012-05-07,106.98220825195312
2012-05-08,106.55304718017578
2012-05-09,105.92098236083984
2012-05-10,106.1394271850586
2012-05-11,105.81951904296875
2012-05-14,104.6490478515625
2012-05-15,104.04818725585938
2012-05-16,103.6502456665039
2012-05-17,102.11299896240234
2012-05-18,101.2390365600586
2012-05-21,102.9791488647461
2012-05-22,103.15863800048828
2012-05-23,103.2132568359375
2012-05-24,103.41614532470703
2012-05-25,103.08061218261719
2012-05-29,104.32913970947266
2012-05-30,102.81527709960938
2012-05-31,102.58902740478516
2012-06-01,100.00609588623047
2012-06-04,99.95928192138672
2012-06-05,100.71621704101562
2012-06-06,102.9791488647461
2012-06-07,103.04158020019531
2012-06-08,103.86091613769531
2012-06-11,102.54220581054688
2012-06-12,103.72046661376953
2012-06-13,103.05719757080078
2012-06-14,104.14961242675781
2012-06-15,105.21483612060547
2012-06-18,105.41877746582031
2012-06-19,106.43843841552734
2012-06-20,106.2658462524414
2012-06-21,103.88137817382812
2012-06-22,104.68144226074219
2012-06-25,103.00291442871094
2012-06-26,103.52058410644531
2012-06-27,104.45396423339844
2012-06-28,104.15592193603516
2012-06-29,106.75216674804688
2012-07-02,107.07377624511719
2012-07-03,107.77973175048828
2012-07-05,107.29336547851562
2012-07-06,106.27371215820312
2012-07-09,106.14039611816406
2012-07-10,105.21483612060547
2012-07-11,105.2304916381836
2012-07-12,104.72064971923828
2012-07-13,106.47767639160156
2012-07-16,106.22661590576172
2012-07-17,106.95613098144531
2012-07-18,107.74832153320312
2012-07-19,108.03069305419922
2012-07-20,107.04238891601562
2012-07-23,105.9599609375
2012-07-24,105.05007934570312
2012-07-25,105.07363891601562
2012-07-26,106.80706787109375
2012-07-27,108.77581024169922
2012-07-30,108.77581024169922
2012-07-31,108.01500701904297
2012-08-01,107.92088317871094
2012-08-02,107.17572021484375
2012-08-03,109.30135345458984
2012-08-06,109.51310729980469
2012-08-07,110.06221008300781
2012-08-08,110.19552612304688
2012-08-09,110.2896728515625
2012-08-10,110.47002410888672
2012-08-13,110.41517639160156
2012-08-14,110.43083190917969
2012-08-15,110.55636596679688
2012-08-16,111.3720932006836
2012-08-17,111.5210952758789
2012-08-20,111.5289306640625
2012-08-21,111.1916732788086
2012-08-22,111.23876190185547
2012-08-23,110.32892608642578
2012-08-24,110.9955825805664
2012-08-27,111.01908874511719
2012-08-28,110.9092788696289
2012-08-29,110.9955825805664
2012-08-30,110.19552612304688
2012-08-31,110.72106170654297
2012-09-04,110.61907958984375
2012-09-05,110.52503204345703
2012-09-06,112.76832580566406
2012-09-07,113.20748901367188
2012-09-10,112.56437683105469
2012-09-11,112.87802124023438
2012-09-12,113.25453186035156
2012-09-13,114.98017120361328
2012-09-14,115.48999786376953
2012-09-17,115.09783172607422
2012-09-18,115.00365447998047
2012-09-19,115.06645202636719
2012-09-20,115.0743179321289
2012-09-21,115.02619934082031
2012-09-24,114.85266876220703
2012-09-25,113.63045501708984
2012-09-26,112.9916763305664
2012-09-27,114.05632019042969
2012-09-28,113.52789306640625
2012-10-01,113.82759094238281
2012-10-02,113.94591522216797
2012-10-03,114.41106414794922
2012-10-04,115.23120880126953
2012-10-05,115.23908233642578
2012-10-08,114.84479522705078
2012-10-09,113.70933532714844
2012-10-10,112.98384094238281
2012-10-11,113.04693603515625
2012-10-12,112.6762924194336
2012-10-15,113.61470031738281
2012-10-16,114.7659912109375
2012-10-17,115.28644561767578
2012-10-18,114.98677062988281
2012-10-19,113.07056427001953
2012-10-22,113.08635711669922
2012-10-23,111.51712799072266
2012-10-24,111.20172882080078
2012-10-25,111.5250244140625
2012-10-26,111.46196746826172
2012-10-31,111.46196746826172
2012-11-01,112.62896728515625
2012-11-02,111.62750244140625
2012-11-05,111.85621643066406
2012-11-06,112.73152160644531
2012-11-07,110.17659759521484
2012-11-08,108.85181427001953
2012-11-09,108.94647216796875
2012-11-12,109.03321838378906
2012-11-13,108.65469360351562
2012-11-14,107.18797302246094
2012-11-15,107.00662994384766
2012-11-16,107.53491973876953
2012-11-19,109.71135711669922
2012-11-20,109.7586669921875
2012-11-21,109.96367645263672
2012-11-23,111.46196746826172
2012-11-26,111.2253189086914
2012-11-27,110.65760040283203
2012-11-28,111.5486831665039
2012-11-29,112.0691146850586
2012-11-30,112.0927734375
2012-12-03,111.54078674316406
2012-12-04,111.38310241699219
2012-12-05,111.5802230834961
2012-12-06,111.95873260498047
2012-12-07,112.29779052734375
2012-12-10,112.3450927734375
2012-12-11,113.11003875732422
2012-12-12,113.1652603149414
2012-12-13,112.4712905883789
2012-12-14,112.0533676147461
2012-12-17,113.37030029296875
2012-12-18,114.63187408447266
2012-12-19,113.78028869628906
2012-12-20,114.43473815917969
2012-12-21,113.39604187011719
2012-12-24,113.0466079711914
2012-12-26,112.5700912475586
2012-12-27,112.4192123413086
2012-12-28,111.2042007446289
2012-12-31,113.09424591064453
2013-01-02,115.9928970336914
2013-01-03,115.7308120727539
2013-01-04,116.23908996582031
2013-01-07,115.92141723632812
2013-01-08,115.58785247802734
2013-01-09,115.88168334960938
2013-01-10,116.80286407470703
2013-01-11,116.79499053955078
2013-01-14,116.7155532836914
2013-01-15,116.79499053955078
2013-01-16,116.77908325195312
2013-01-17,117.53350830078125
2013-01-18,117.79559326171875
2013-01-22,118.43093872070312
2013-01-23,118.6214828491211
2013-01-24,118.65330505371094
2013-01-25,119.32037353515625
2013-01-28,119.17740631103516
2013-01-29,119.64594268798828
2013-01-30,119.17740631103516
2013-01-31,118.88359069824219
2013-02-01,120.10655212402344
2013-02-04,118.75656127929688
2013-02-05,119.95567321777344
2013-02-06,120.04302215576172
2013-02-07,119.88424682617188
2013-02-08,120.5512924194336
2013-02-11,120.52745056152344
2013-02-12,120.72599029541016
2013-02-13,120.82921600341797
2013-02-14,120.94038391113281
2013-02-15,120.79747009277344
2013-02-19,121.70280456542969
2013-02-20,120.18597412109375
2013-02-21,119.45535278320312
2013-02-22,120.62279510498047
2013-02-25,118.32769775390625
2013-02-26,119.13771057128906
2013-02-27,120.63861846923828
2013-02-28,120.40042114257812
2013-03-01,120.79747009277344
2013-03-04,121.44070434570312
2013-03-05,122.52873229980469
2013-03-06,122.69549560546875
2013-03-07,122.91785430908203
2013-03-08,123.4419937133789
2013-03-11,123.91050720214844
2013-03-12,123.6325912475586
2013-03-13,123.8072738647461
2013-03-14,124.46641540527344
2013-03-15,124.30211639404297
2013-03-18,123.6160888671875
2013-03-19,123.32891845703125
2013-03-20,124.19043731689453
2013-03-21,123.12950134277344
2013-03-22,124.11865234375
2013-03-25,123.60020446777344
2013-03-26,124.58926391601562
2013-03-27,124.58926391601562
2013-03-28,124.9721908569336
2013-04-01,124.47759246826172
2013-04-02,125.09178161621094
2013-04-03,123.8235092163086
2013-04-04,124.32608795166016
2013-04-05,123.76766204833984
2013-04-08,124.60518646240234
2013-04-09,125.0359115600586
2013-04-10,126.56748962402344
2013-04-11,126.98233032226562
2013-04-12,126.67121887207031
2013-04-15,123.7357177734375
2013-04-16,125.56246948242188
2013-04-17,123.7277603149414
2013-04-18,122.9540023803711
2013-04-19,124.02294921875
2013-04-22,124.57331085205078
2013-04-23,125.8575210571289
2013-04-24,125.93732452392578
2013-04-25,126.44782257080078
2013-04-26,126.22447967529297
2013-04-29,127.07003784179688
2013-04-30,127.37311553955078
2013-05-01,126.25640106201172
2013-05-02,127.42903137207031
2013-05-03,128.72125244140625
2013-05-06,129.04827880859375
2013-05-07,129.70237731933594
2013-05-08,130.29270935058594
2013-05-09,129.92578125
2013-05-10,130.3485107421875
2013-05-13,130.4521484375
2013-05-14,131.80027770996094
2013-05-15,132.5101776123047
2013-05-16,131.88800048828125
2013-05-17,133.164306640625
2013-05-20,133.15626525878906
2013-05-21,133.3477783203125
2013-05-22,132.35865783691406
2013-05-23,131.97579956054688
2013-05-24,131.86410522460938
2013-05-28,132.65382385253906
2013-05-29,131.7923126220703
2013-05-30,132.27890014648438
2013-05-31,130.38038635253906
2013-06-03,131.09835815429688
2013-06-04,130.46815490722656
2013-06-05,128.64151000976562
2013-06-06,129.80604553222656
2013-06-07,131.45726013183594
2013-06-10,131.45726013183594
2013-06-11,130.10121154785156
2013-06-12,129.0243682861328
2013-06-13,130.9866180419922
2013-06-14,130.16500854492188
2013-06-17,131.17010498046875
2013-06-18,132.2071075439453
2013-06-19,130.38038635253906
2013-06-20,127.14978790283203
2013-06-21,127.55797576904297
2013-06-24,125.9461669921875
2013-06-25,127.15699005126953
2013-06-26,128.41600036621094
2013-06-27,129.16978454589844
2013-06-28,128.64051818847656
2013-07-01,129.39431762695312
2013-07-02,129.2740478515625
2013-07-03,129.33021545410156
2013-07-05,130.72552490234375
2013-07-08,131.47125244140625
2013-07-09,132.41749572753906
2013-07-10,132.4656219482422
2013-07-11,134.2698974609375
2013-07-12,134.32598876953125
2013-07-15,134.83920288085938
2013-07-16,134.33396911621094
2013-07-17,134.67877197265625
2013-07-18,135.4165802001953
2013-07-19,135.6571502685547
2013-07-22,135.92178344726562
2013-07-23,135.63308715820312
2013-07-24,135.1359100341797
2013-07-25,135.46470642089844
2013-07-26,135.60902404785156
2013-07-29,135.1920623779297
2013-07-30,135.1920623779297
2013-07-31,135.2882843017578
2013-08-01,136.8520050048828
2013-08-02,137.08448791503906
2013-08-05,136.88400268554688
2013-08-06,136.106201171875
2013-08-07,135.6651611328125
2013-08-08,136.162353515625
2013-08-09,135.76939392089844
2013-08-12,135.60902404785156
2013-08-13,136.0099639892578
2013-08-14,135.31234741210938
2013-08-15,133.4197998046875
2013-08-16,132.9788055419922
2013-08-19,132.1287384033203
2013-08-20,132.77828979492188
2013-08-21,131.96041870117188
2013-08-22,133.1632537841797
2013-08-23,133.61228942871094
2013-08-26,133.11514282226562
2013-08-27,130.97406005859375
2013-08-28,131.43914794921875
2013-08-29,131.64764404296875
2013-08-30,131.23062133789062
2013-09-03,131.8240966796875
2013-09-04,132.91468811035156
2013-09-05,133.08309936523438
2013-09-06,133.14723205566406
2013-09-09,134.42225646972656
2013-09-10,135.4165802001953
2013-09-11,135.84156799316406
2013-09-12,135.480712890625
2013-09-13,135.78543090820312
2013-09-16,136.5713348388672
2013-09-17,137.1807403564453
2013-09-18,138.76853942871094
2013-09-19,138.53594970703125
2013-09-20,137.5673828125
2013-09-23,136.93080139160156
2013-09-24,136.60842895507812
2013-09-25,136.2136688232422
2013-09-26,136.73744201660156
2013-09-27,136.10885620117188
2013-09-30,135.38365173339844
2013-10-01,136.45538330078125
2013-10-02,136.32643127441406
2013-10-03,135.06930541992188
2013-10-04,136.09275817871094
2013-10-07,134.91624450683594
2013-10-08,133.34494018554688
2013-10-09,133.44168090820312
2013-10-10,136.318359375
2013-10-11,137.19671630859375
2013-10-14,137.74465942382812
2013-10-15,136.74545288085938
2013-10-16,138.65525817871094
2013-10-17,139.58192443847656
2013-10-18,140.52468872070312
2013-10-21,140.5327911376953
2013-10-22,141.34661865234375
2013-10-23,140.6697540283203
2013-10-24,141.1371307373047
2013-10-25,141.78175354003906
2013-10-28,142.0074005126953
2013-10-29,142.7648162841797
2013-10-30,142.05577087402344
2013-10-31,141.65283203125
2013-11-01,141.9912567138672
2013-11-04,142.4909210205078
2013-11-05,142.03961181640625
2013-11-06,142.7648162841797
2013-11-07,140.95980834960938
2013-11-08,142.8615264892578
2013-11-11,142.88575744628906
2013-11-12,142.5956573486328
2013-11-13,143.7398681640625
2013-11-14,144.45706176757812
2013-11-15,145.0855712890625
2013-11-18,144.5779266357422
2013-11-19,144.263671875
2013-11-20,143.81239318847656
2013-11-21,144.97276306152344
2013-11-22,145.69796752929688
2013-11-25,145.5529327392578
2013-11-26,145.5932159423828
2013-11-27,145.94778442382812
2013-11-29,145.85107421875
2013-12-02,145.47239685058594
2013-12-03,144.84384155273438
2013-12-04,144.82769775390625
2013-12-05,144.19107055664062
2013-12-06,145.802734375
2013-12-09,146.17335510253906
2013-12-10,145.649658203125
2013-12-11,144.01382446289062
2013-12-12,143.53846740722656
2013-12-13,143.5222930908203
2013-12-16,144.41677856445312
2013-12-17,143.95741271972656
2013-12-18,146.41513061523438
2013-12-19,146.2459716796875
2013-12-20,147.09658813476562
2013-12-23,147.88250732421875
2013-12-24,148.20654296875
2013-12-26,148.9600067138672
2013-12-27,148.95196533203125
2013-12-30,148.92762756347656
2013-12-31,149.6325225830078
2014-01-02,148.19847106933594
2014-01-03,148.17416381835938
2014-01-06,147.7447967529297
2014-01-07,148.65219116210938
2014-01-08,148.6846160888672
2014-01-09,148.7817840576172
2014-01-10,149.18690490722656
2014-01-13,147.20193481445312
2014-01-14,148.80616760253906
2014-01-15,149.60818481445312
2014-01-16,149.4137725830078
2014-01-17,148.7817840576172
2014-01-21,149.21929931640625
2014-01-22,149.31649780273438
2014-01-23,148.09315490722656
2014-01-24,144.9334259033203
2014-01-27,144.22047424316406
2014-01-28,145.07923889160156
2014-01-29,143.68572998046875
2014-01-30,145.2089385986328
2014-01-31,144.35824584960938
2014-02-03,141.10940551757812
2014-02-04,142.0977783203125
2014-02-05,141.9195098876953
2014-02-06,143.79107666015625
2014-02-07,145.57350158691406
2014-02-10,145.8408203125
2014-02-11,147.43690490722656
2014-02-12,147.50982666015625
2014-02-13,148.27139282226562
2014-02-14,149.0896759033203
2014-02-18,149.26791381835938
2014-02-19,148.27947998046875
2014-02-20,149.1544952392578
2014-02-21,148.98435974121094
2014-02-24,149.81076049804688
2014-02-25,149.75399780273438
2014-02-26,149.7621307373047
2014-02-27,150.5480194091797
2014-02-28,150.9287567138672
2014-03-03,149.86744689941406
2014-03-04,151.9739227294922
2014-03-05,152.1116943359375
2014-03-06,152.4600372314453
2014-03-07,152.52481079101562
2014-03-10,152.44386291503906
2014-03-11,151.6903076171875
2014-03-12,151.73081970214844
2014-03-13,150.02944946289062
2014-03-14,149.60818481445312
2014-03-17,150.96121215820312
2014-03-18,152.03875732421875
2014-03-19,151.22857666015625
2014-03-20,152.1116943359375
2014-03-21,151.5216827392578
2014-03-24,150.89505004882812
2014-03-25,151.61119079589844
2014-03-26,150.52076721191406
2014-03-27,150.203369140625
2014-03-28,150.94395446777344
2014-03-31,152.18081665039062
2014-04-01,153.1898651123047
2014-04-02,153.7025604248047
2014-04-03,153.4990997314453
2014-04-04,151.68443298339844
2014-04-07,150.008056640625
2014-04-08,150.62655639648438
2014-04-09,152.2459259033203
2014-04-10,149.04788208007812
2014-04-11,147.7051239013672
2014-04-14,148.8688201904297
2014-04-15,149.89419555664062
2014-04-16,151.4646759033203
2014-04-17,151.67628479003906
2014-04-21,152.20523071289062
2014-04-22,152.8969268798828
2014-04-23,152.53883361816406
2014-04-24,152.8480987548828
2014-04-25,151.59495544433594
2014-04-28,152.07501220703125
2014-04-29,152.78298950195312
2014-04-30,153.2386932373047
2014-05-01,153.25494384765625
2014-05-02,153.03521728515625
2014-05-05,153.3282012939453
2014-05-06,151.99363708496094
2014-05-07,152.88876342773438
2014-05-08,152.7260284423828
2014-05-09,152.953857421875
2014-05-12,154.4429931640625
2014-05-13,154.5814208984375
2014-05-14,153.8489990234375
2014-05-15,152.49815368652344
2014-05-16,153.0271453857422
2014-05-19,153.58859252929688
2014-05-20,152.62033081054688
2014-05-21,153.9059600830078
2014-05-22,154.28030395507812
2014-05-23,154.89874267578125
2014-05-27,155.85086059570312
2014-05-28,155.7369384765625
2014-05-29,156.5425567626953
2014-05-30,156.7947998046875
2014-06-02,156.97389221191406
2014-06-03,156.89248657226562
2014-06-04,157.20985412597656
2014-06-05,158.23516845703125
2014-06-06,158.99200439453125
2014-06-09,159.15476989746094
2014-06-10,159.1709442138672
2014-06-11,158.6176300048828
2014-06-12,157.49465942382812
2014-06-13,157.97476196289062
2014-06-16,158.10496520996094
2014-06-17,158.5443878173828
2014-06-18,159.7080841064453
2014-06-19,159.88711547851562
2014-06-20,160.21173095703125
2014-06-23,160.1627197265625
2014-06-24,159.19781494140625
2014-06-25,159.91737365722656
2014-06-26,159.80287170410156
2014-06-27,160.11361694335938
2014-06-30,160.03176879882812
2014-07-01,161.1029510498047
2014-07-02,161.26649475097656
2014-07-03,162.05955505371094
2014-07-07,161.49542236328125
2014-07-08,160.45697021484375
2014-07-09,161.17657470703125
2014-07-10,160.53878784179688
2014-07-11,160.75955200195312
2014-07-14,161.56903076171875
2014-07-15,161.26649475097656
2014-07-16,161.86337280273438
2014-07-17,160.02369689941406
2014-07-18,161.6589813232422
2014-07-21,161.35641479492188
2014-07-22,162.05955505371094
2014-07-23,162.4193878173828
2014-07-24,162.4275665283203
2014-07-25,161.66712951660156
2014-07-28,161.73251342773438
2014-07-29,161.0375518798828
2014-07-30,161.06207275390625
2014-07-31,157.88140869140625
2014-08-01,157.3989715576172
2014-08-04,158.53549194335938
2014-08-05,156.9983367919922
2014-08-06,157.04737854003906
2014-08-07,156.1969757080078
2014-08-08,158.0040283203125
2014-08-11,158.4619140625
2014-08-12,158.24110412597656
2014-08-13,159.31227111816406
2014-08-14,160.0644989013672
2014-08-15,160.03176879882812
2014-08-18,161.37278747558594
2014-08-19,162.21493530273438
2014-08-20,162.64828491210938
2014-08-21,163.12257385253906
2014-08-22,162.8690948486328
2014-08-25,163.6949005126953
2014-08-26,163.80126953125
2014-08-27,163.73583984375
2014-08-28,163.64590454101562
2014-08-29,164.1119842529297
2014-09-02,164.0301513671875
2014-09-03,163.9402313232422
2014-09-04,163.70309448242188
2014-09-05,164.43898010253906
2014-09-08,164.01382446289062
2014-09-09,162.975341796875
2014-09-10,163.58863830566406
2014-09-11,163.7767333984375
2014-09-12,162.82003784179688
2014-09-15,162.6973876953125
2014-09-16,163.92384338378906
2014-09-17,164.1446075439453
2014-09-18,165.0195770263672
2014-09-19,164.87078857421875
2014-09-22,163.59750366210938
2014-09-23,162.6610870361328
2014-09-24,163.9344024658203
2014-09-25,161.2892303466797
2014-09-26,162.5706787109375
2014-09-29,162.2749786376953
2014-09-30,161.8477325439453
2014-10-01,159.6544647216797
2014-10-02,159.6790771484375
2014-10-03,161.43710327148438
2014-10-06,161.24813842773438
2014-10-07,158.75901794433594
2014-10-08,161.53564453125
2014-10-09,158.3319091796875
2014-10-10,156.52462768554688
2014-10-13,153.9534149169922
2014-10-14,154.1916046142578
2014-10-15,153.14840698242188
2014-10-16,153.0169219970703
2014-10-17,154.82415771484375
2014-10-20,156.32745361328125
2014-10-21,159.42442321777344
2014-10-22,158.29083251953125
2014-10-23,160.13087463378906
2014-10-24,161.3631134033203
2014-10-27,161.14132690429688
2014-10-28,162.9897003173828
2014-10-29,162.74322509765625
2014-10-30,163.7864990234375
2014-10-31,165.6594696044922
2014-11-03,165.74981689453125
2014-11-04,165.1747589111328
2014-11-05,166.2180938720703
2014-11-06,166.8834686279297
2014-11-07,167.03955078125
2014-11-10,167.5653076171875
2014-11-11,167.72959899902344
2014-11-12,167.54888916015625
2014-11-13,167.7378387451172
2014-11-14,167.77894592285156
2014-11-17,167.8856658935547
2014-11-18,168.8550262451172
2014-11-19,168.5839385986328
2014-11-20,168.87966918945312
2014-11-21,169.7832489013672
2014-11-24,170.2597198486328
2014-11-25,170.13658142089844
2014-11-26,170.5718994140625
2014-11-28,170.21043395996094
2014-12-01,169.0275421142578
2014-12-02,170.12008666992188
2014-12-03,170.7772979736328
2014-12-04,170.58837890625
2014-12-05,170.86767578125
2014-12-08,169.7257843017578
2014-12-09,169.61077880859375
2014-12-10,166.89173889160156
2014-12-11,167.7378387451172
2014-12-12,165.02694702148438
2014-12-15,163.89329528808594
2014-12-16,162.57888793945312
2014-12-17,165.76625061035156
2014-12-18,169.865478515625
2014-12-19,170.58824157714844
2014-12-22,171.37289428710938
2014-12-23,171.60418701171875
2014-12-24,171.6207275390625
2014-12-26,172.17416381835938
2014-12-29,172.4054718017578
2014-12-30,171.48033142089844
2014-12-31,169.77865600585938
2015-01-02,169.68783569335938
2015-01-05,166.6233673095703
2015-01-06,165.05392456054688
2015-01-07,167.1106719970703
2015-01-08,170.0760498046875
2015-01-09,168.71316528320312
2015-01-12,167.39149475097656
2015-01-13,166.92076110839844
2015-01-14,165.91297912597656
2015-01-15,164.39317321777344
2015-01-16,166.5489959716797
2015-01-20,166.9041748046875
2015-01-21,167.74673461914062
2015-01-22,170.2412567138672
2015-01-23,169.30787658691406
2015-01-26,169.70436096191406
2015-01-27,167.4659423828125
2015-01-28,165.31825256347656
2015-01-29,166.8463592529297
2015-01-30,164.748291015625
2015-02-02,166.78851318359375
2015-02-03,169.2005157470703
2015-02-04,168.5561981201172
2015-02-05,170.25787353515625
2015-02-06,169.78700256347656
2015-02-09,169.0270233154297
2015-02-10,170.8277587890625
2015-02-11,170.92689514160156
2015-02-12,172.5706024169922
2015-02-13,173.28099060058594
2015-02-17,173.5535888671875
2015-02-18,173.57009887695312
2015-02-19,173.4462127685547
2015-02-20,174.48696899414062
2015-02-23,174.46224975585938
2015-02-24,174.95779418945312
2015-02-25,174.8091278076172
2015-02-26,174.6025390625
2015-02-27,174.00791931152344
2015-03-02,175.10650634765625
2015-03-03,174.38784790039062
2015-03-04,173.6527099609375
2015-03-05,173.8426971435547
2015-03-06,171.39768981933594
2015-03-09,172.10806274414062
2015-03-10,169.316162109375
2015-03-11,168.91964721679688
2015-03-12,171.06732177734375
2015-03-13,170.018310546875
2015-03-16,172.2898406982422
2015-03-17,171.77772521972656
2015-03-18,173.8426971435547
2015-03-19,173.0498046875
2015-03-20,174.57720947265625
2015-03-23,174.23699951171875
2015-03-24,173.2579803466797
2015-03-25,170.7191162109375
2015-03-26,170.3125762939453
2015-03-27,170.7025146484375
2015-03-30,172.78506469726562
2015-03-31,171.2749786376953
2015-04-01,170.66934204101562
2015-04-02,171.2832794189453
2015-04-06,172.4365692138672
2015-04-07,171.98023986816406
2015-04-08,172.56100463867188
2015-04-09,173.3243408203125
2015-04-10,174.27015686035156
2015-04-13,173.4819793701172
2015-04-14,173.81390380859375
2015-04-15,174.5937957763672
2015-04-16,174.5440216064453
2015-04-17,172.53611755371094
2015-04-20,174.11257934570312
2015-04-21,173.9051055908203
2015-04-22,174.75979614257812
2015-04-23,175.19949340820312
2015-04-24,175.60598754882812
2015-04-27,174.87594604492188
2015-04-28,175.43182373046875
2015-04-29,174.7099609375
2015-04-30,172.95928955078125
2015-05-01,174.83441162109375
2015-05-04,175.33226013183594
2015-05-05,173.3243408203125
2015-05-06,172.61082458496094
2015-05-07,173.29945373535156
2015-05-08,175.5811309814453
2015-05-11,174.74313354492188
2015-05-12,174.22044372558594
2015-05-13,174.2536163330078
2015-05-14,176.07061767578125
2015-05-15,176.26150512695312
2015-05-18,176.80908203125
2015-05-19,176.75103759765625
2015-05-20,176.62655639648438
2015-05-21,177.14096069335938
2015-05-22,176.71783447265625
2015-05-26,174.81784057617188
2015-05-27,176.47720336914062
2015-05-28,176.2781219482422
2015-05-29,175.18292236328125
2015-06-01,175.53964233398438
2015-06-02,175.3654327392578
2015-06-03,175.83004760742188
2015-06-04,174.34487915039062
2015-06-05,174.04623413085938
2015-06-08,172.9758758544922
2015-06-09,172.9509735107422
2015-06-10,175.0252227783203
2015-06-11,175.5894317626953
2015-06-12,174.2452850341797
2015-06-15,173.49859619140625
2015-06-16,174.4444580078125
2015-06-17,174.72653198242188
2015-06-18,176.5435791015625
2015-06-19,175.75985717773438
2015-06-22,176.66036987304688
2015-06-23,176.78533935546875
2015-06-24,175.50143432617188
2015-06-25,174.9678497314453
2015-06-26,174.93446350097656
2015-06-29,171.26605224609375
2015-06-30,171.62454223632812
2015-07-01,173.000244140625
2015-07-02,172.841796875
2015-07-06,172.349853515625
2015-07-07,173.4337615966797
2015-07-08,170.52401733398438
2015-07-09,170.83248901367188
2015-07-10,172.9835968017578
2015-07-13,174.892822265625
2015-07-14,175.6514892578125
2015-07-15,175.5931396484375
2015-07-16,177.00210571289062
2015-07-17,177.15223693847656
2015-07-20,177.243896484375
2015-07-21,176.54356384277344
2015-07-22,176.226806640625
2015-07-23,175.2346649169922
2015-07-24,173.4170684814453
2015-07-27,172.40821838378906
2015-07-28,174.52593994140625
2015-07-29,175.72653198242188
2015-07-30,175.76821899414062
2015-07-31,175.50143432617188
2015-08-03,174.9095001220703
2015-08-04,174.567626953125
2015-08-05,175.14288330078125
2015-08-06,173.7089080810547
2015-08-07,173.3754119873047
2015-08-10,175.559814453125
2015-08-11,173.97567749023438
2015-08-12,174.1841278076172
2015-08-13,173.96734619140625
2015-08-14,174.6010284423828
2015-08-17,175.5764617919922
2015-08-18,175.06790161132812
2015-08-19,173.6838836669922
2015-08-20,170.05715942382812
2015-08-21,164.93800354003906
2015-08-24,157.992919921875
2015-08-25,156.13377380371094
2015-08-26,162.12828063964844
2015-08-27,166.1385955810547
2015-08-28,166.1468963623047
2015-08-31,164.80458068847656
2015-09-01,159.8855743408203
2015-09-02,162.92034912109375
2015-09-03,163.03704833984375
2015-09-04,160.56922912597656
2015-09-08,164.60446166992188
2015-09-09,162.40342712402344
2015-09-10,163.28713989257812
2015-09-11,164.02920532226562
2015-09-14,163.42059326171875
2015-09-15,165.46324157714844
2015-09-16,166.8972625732422
2015-09-17,166.52212524414062
2015-09-18,163.80087280273438
2015-09-21,164.64730834960938
2015-09-22,162.51023864746094
2015-09-23,162.2504119873047
2015-09-24,161.66375732421875
2015-09-25,161.62185668945312
2015-09-28,157.5656280517578
2015-09-29,157.65780639648438
2015-09-30,160.59942626953125
2015-10-01,161.01849365234375
2015-10-02,163.4237060546875
2015-10-05,166.33181762695312
2015-10-06,165.76193237304688
2015-10-07,167.11962890625
2015-10-08,168.628173828125
2015-10-09,168.72869873046875
2015-10-12,168.88800048828125
2015-10-13,167.82357788085938
2015-10-14,167.01904296875
2015-10-15,169.58355712890625
2015-10-16,170.35458374023438
2015-10-19,170.43841552734375
2015-10-20,170.22048950195312
2015-10-21,169.16453552246094
2015-10-22,172.0222930908203
2015-10-23,173.90797424316406
2015-10-26,173.48056030273438
2015-10-27,173.1453399658203
2015-10-28,175.1148223876953
2015-10-29,175.01425170898438
2015-10-30,174.2599639892578
2015-11-02,176.32159423828125
2015-11-03,176.83285522460938
2015-11-04,176.29649353027344
2015-11-05,176.12049865722656
2015-11-06,176.02828979492188
2015-11-09,174.38571166992188
2015-11-10,174.78794860839844
2015-11-11,174.10081481933594
2015-11-12,171.67031860351562
2015-11-13,169.74276733398438
2015-11-16,172.3240203857422
2015-11-17,172.19830322265625
2015-11-18,174.930419921875
2015-11-19,174.7795867919922
2015-11-20,175.4165496826172
2015-11-23,175.2154083251953
2015-11-24,175.45001220703125
2015-11-25,175.4248809814453
2015-11-27,175.6260223388672
2015-11-30,174.8968963623047
2015-12-01,176.56466674804688
2015-12-02,174.76280212402344
2015-12-03,172.31564331054688
2015-12-04,175.67636108398438
2015-12-07,174.6120147705078
2015-12-08,173.4386444091797
2015-12-09,172.08938598632812
2015-12-10,172.53353881835938
2015-12-11,169.18966674804688
2015-12-14,170.04452514648438
2015-12-15,171.82955932617188
2015-12-16,174.34376525878906
2015-12-17,171.68710327148438
2015-12-18,168.6284942626953
2015-12-21,170.01951599121094
2015-12-22,171.56236267089844
2015-12-23,173.68687438964844
2015-12-24,173.40020751953125
2015-12-28,173.0039520263672
2015-12-29,174.8502197265625
2015-12-30,173.6109619140625
2015-12-31,171.87423706054688
2016-01-04,169.4715576171875
2016-01-05,169.75819396972656
2016-01-06,167.61688232421875
2016-01-07,163.595458984375
2016-01-08,161.79969787597656
2016-01-11,161.95989990234375
2016-01-12,163.2666778564453
2016-01-13,159.19468688964844
2016-01-14,161.80810546875
2016-01-15,158.33477783203125
2016-01-19,158.54554748535156
2016-01-20,156.51376342773438
2016-01-21,157.39048767089844
2016-01-22,160.6194610595703
2016-01-25,158.1914520263672
2016-01-26,160.34967041015625
2016-01-27,158.6045379638672
2016-01-28,159.43075561523438
2016-01-29,163.3172607421875
2016-02-01,163.25823974609375
2016-02-02,160.31594848632812
2016-02-03,161.27703857421875
2016-02-04,161.52989196777344
2016-02-05,158.4527587890625
2016-02-08,156.31985473632812
2016-02-09,156.3282470703125
2016-02-10,156.19337463378906
2016-02-11,154.16162109375
2016-02-12,157.3399658203125
2016-02-16,159.99563598632812
2016-02-17,162.6090087890625
2016-02-18,161.94302368164062
2016-02-19,161.8671875
2016-02-22,164.21080017089844
2016-02-23,162.13693237304688
2016-02-24,162.87884521484375
2016-02-25,164.8516082763672
2016-02-26,164.47222900390625
2016-02-29,163.18234252929688
2016-03-01,167.0182647705078
2016-03-02,167.76853942871094
2016-03-03,168.4261474609375
2016-03-04,168.97410583496094
2016-03-07,169.1090850830078
2016-03-08,167.2627716064453
2016-03-09,168.0889434814453
2016-03-10,168.22384643554688
2016-03-11,170.9384765625
2016-03-14,170.71926879882812
2016-03-15,170.44110107421875
2016-03-16,171.42747497558594
2016-03-17,172.51502990722656
2016-03-18,173.19297790527344
2016-03-21,173.43869018554688
2016-03-22,173.3454132080078
2016-03-23,172.201416015625
2016-03-24,172.12518310546875
2016-03-28,172.22689819335938
2016-03-29,173.81997680664062
2016-03-30,174.58262634277344
2016-03-31,174.1589813232422
2016-04-01,175.34535217285156
2016-04-04,174.77757263183594
2016-04-05,173.0319366455078
2016-04-06,174.92161560058594
2016-04-07,172.8285369873047
2016-04-08,173.2946014404297
2016-04-11,172.8878173828125
2016-04-12,174.49795532226562
2016-04-13,176.2605438232422
2016-04-14,176.26901245117188
2016-04-15,176.07408142089844
2016-04-18,177.31130981445312
2016-04-19,177.87060546875
2016-04-20,178.0400848388672
2016-04-21,177.08245849609375
2016-04-22,177.08245849609375
2016-04-25,176.77745056152344
2016-04-26,177.04010009765625
2016-04-27,177.4045867919922
2016-04-28,175.79444885253906
2016-04-29,174.84535217285156
2016-05-02,176.235107421875
2016-05-03,174.7012939453125
2016-05-04,173.72679138183594
2016-05-05,173.69290161132812
2016-05-06,174.3284454345703
2016-05-09,174.4725341796875
2016-05-10,176.64186096191406
2016-05-11,174.9893798828125
2016-05-12,175.04022216796875
2016-05-13,173.514892578125
2016-05-16,175.2267303466797
2016-05-17,173.59120178222656
2016-05-18,173.64205932617188
2016-05-19,173.04037475585938
2016-05-20,174.13351440429688
2016-05-23,173.89630126953125
2016-05-24,176.1503143310547
2016-05-25,177.34523010253906
2016-05-26,177.39605712890625
2016-05-27,178.15870666503906
2016-05-31,177.81979370117188
2016-06-01,178.1841583251953
2016-06-02,178.7265167236328
2016-06-03,178.19265747070312
2016-06-06,179.09930419921875
2016-06-07,179.37896728515625
2016-06-08,179.9636993408203
2016-06-09,179.7178955078125
2016-06-10,178.01467895507812
2016-06-13,176.64186096191406
2016-06-14,176.29440307617188
2016-06-15,176.04867553710938
2016-06-16,176.57403564453125
2016-06-17,175.91650390625
2016-06-20,177.0493621826172
2016-06-21,177.55194091796875
2016-06-22,177.26234436035156
2016-06-23,179.57073974609375
2016-06-24,173.12254333496094
2016-06-27,170.0218963623047
2016-06-28,173.0884552001953
2016-06-29,176.03570556640625
2016-06-30,178.4378204345703
2016-07-01,178.8126220703125
2016-07-05,177.5264129638672
2016-07-06,178.5911407470703
2016-07-07,178.4803924560547
2016-07-08,181.13809204101562
2016-07-11,181.77699279785156
2016-07-12,183.0972442626953
2016-07-13,183.0716552734375
2016-07-14,184.09385681152344
2016-07-15,183.8468475341797
2016-07-18,184.34088134765625
2016-07-19,184.15353393554688
2016-07-20,184.9201202392578
2016-07-21,184.2216339111328
2016-07-22,185.04788208007812
2016-07-25,184.5453338623047
2016-07-26,184.63052368164062
2016-07-27,184.4346466064453
2016-07-28,184.64755249023438
2016-07-29,184.9456787109375
2016-08-01,184.7924041748047
2016-08-02,183.60833740234375
2016-08-03,184.14495849609375
2016-08-04,184.34088134765625
2016-08-05,185.8485870361328
2016-08-08,185.7378692626953
2016-08-09,185.8485870361328
2016-08-10,185.3885498046875
2016-08-11,186.2489776611328
2016-08-12,186.08712768554688
2016-08-15,186.62371826171875
2016-08-16,185.66122436523438
2016-08-17,186.01048278808594
2016-08-18,186.4278564453125
2016-08-19,186.15521240234375
2016-08-22,186.146728515625
2016-08-23,186.52154541015625
2016-08-24,185.56753540039062
2016-08-25,185.43975830078125
2016-08-26,185.09048461914062
2016-08-29,186.00193786621094
2016-08-30,185.6952667236328
2016-08-31,185.1671600341797
2016-09-01,185.17572021484375
2016-09-02,186.01048278808594
2016-09-06,186.5726776123047
2016-09-07,186.55560302734375
2016-09-08,186.12969970703125
2016-09-09,181.67474365234375
2016-09-12,184.28126525878906
2016-09-13,181.63214111328125
2016-09-14,181.56399536132812
2016-09-15,183.37838745117188
2016-09-16,182.6694793701172
2016-09-19,182.7036895751953
2016-09-20,182.71229553222656
2016-09-21,184.76699829101562
2016-09-22,185.93128967285156
2016-09-23,184.91250610351562
2016-09-26,183.41432189941406
2016-09-27,184.55296325683594
2016-09-28,185.4689483642578
2016-09-29,183.79098510742188
2016-09-30,185.17788696289062
2016-10-03,184.7327117919922
2016-10-04,183.79098510742188
2016-10-05,184.60426330566406
2016-10-06,184.7327117919922
2016-10-07,184.0991973876953
2016-10-10,185.05804443359375
2016-10-11,182.7208251953125
2016-10-12,182.96060180664062
2016-10-13,182.36126708984375
2016-10-14,182.45545959472656
2016-10-17,181.82196044921875
2016-10-18,182.96060180664062
2016-10-19,183.44854736328125
2016-10-20,183.1060791015625
2016-10-21,183.1916961669922
2016-10-24,183.97076416015625
2016-10-25,183.35443115234375
2016-10-26,182.98623657226562
2016-10-27,182.49827575683594
2016-10-28,181.9588623046875
2016-10-31,181.96751403808594
2016-11-01,180.6490478515625
2016-11-02,179.5618133544922
2016-11-03,178.7399139404297
2016-11-04,178.5430450439453
2016-11-07,182.48114013671875
2016-11-08,183.3030242919922
2016-11-09,185.24639892578125
2016-11-10,185.70867919921875
2016-11-11,185.28062438964844
2016-11-14,185.42620849609375
2016-11-15,186.8730010986328
2016-11-16,186.5220489501953
2016-11-17,187.48081970214844
2016-11-18,187.06138610839844
2016-11-21,188.47396850585938
2016-11-22,188.84207153320312
2016-11-23,188.94482421875
2016-11-25,189.64682006835938
2016-11-28,188.75645446777344
2016-11-29,189.1246337890625
2016-11-30,188.6708526611328
2016-12-01,187.97744750976562
2016-12-02,188.07154846191406
2016-12-05,189.20166015625
2016-12-06,189.80096435546875
2016-12-07,192.28367614746094
2016-12-08,192.75454711914062
2016-12-09,193.91883850097656
2016-12-12,193.6962432861328
2016-12-13,194.9889678955078
2016-12-14,193.37950134277344
2016-12-15,194.17564392089844
2016-12-16,193.79591369628906
2016-12-19,194.21792602539062
2016-12-20,194.9670867919922
2016-12-21,194.424560546875
2016-12-22,194.08872985839844
2016-12-23,194.37286376953125
2016-12-27,194.85513305664062
2016-12-28,193.2447967529297
2016-12-29,193.20175170898438
2016-12-30,192.49559020996094
2017-01-03,193.96815490722656
2017-01-04,195.1221160888672
2017-01-05,194.9670867919922
2017-01-06,195.66465759277344
2017-01-09,195.018798828125
2017-01-10,195.018798828125
2017-01-11,195.56991577148438
2017-01-12,195.07904052734375
2017-01-13,195.5268096923828
2017-01-17,194.83792114257812
2017-01-18,195.2684783935547
2017-01-19,194.5451202392578
2017-01-20,195.2598876953125
2017-01-23,194.75181579589844
2017-01-24,196.00050354003906
2017-01-25,197.69700622558594
2017-01-26,197.49029541015625
2017-01-27,197.18028259277344
2017-01-30,195.9574737548828
2017-01-31,195.940185546875
2017-02-01,196.01773071289062
2017-02-02,196.14683532714844
2017-02-03,197.49888610839844
2017-02-06,197.14588928222656
2017-02-07,197.15444946289062
2017-02-08,197.41278076171875
2017-02-09,198.583984375
2017-02-10,199.3676300048828
2017-02-13,200.4527130126953
2017-02-14,201.2535858154297
2017-02-15,202.30419921875
2017-02-16,202.13197326660156
2017-02-17,202.4506378173828
2017-02-21,203.6562042236328
2017-02-22,203.475341796875
2017-02-23,203.61317443847656
2017-02-24,203.8715057373047
2017-02-27,204.19015502929688
2017-02-28,203.63905334472656
2017-03-01,206.48947143554688
2017-03-02,205.18911743164062
2017-03-03,205.31825256347656
2017-03-06,204.7068328857422
2017-03-07,204.0954132080078
2017-03-08,203.71649169921875
2017-03-09,203.97486877441406
2017-03-10,204.68960571289062
2017-03-13,204.79298400878906
2017-03-14,204.00930786132812
2017-03-15,205.7747039794922
2017-03-16,205.36990356445312
2017-03-17,205.00926208496094
2017-03-20,204.78436279296875
2017-03-21,202.15505981445312
2017-03-22,202.63075256347656
2017-03-23,202.41458129882812
2017-03-24,202.2675018310547
2017-03-27,202.0599365234375
2017-03-28,203.53030395507812
2017-03-29,203.72056579589844
2017-03-30,204.36923217773438
2017-03-31,203.89358520507812
2017-04-03,203.5389404296875
2017-04-04,203.668701171875
2017-04-05,203.063232421875
2017-04-06,203.6340789794922
2017-04-07,203.42649841308594
2017-04-10,203.5475616455078
2017-04-11,203.30540466308594
2017-04-12,202.41458129882812
2017-04-13,201.09983825683594
2017-04-17,202.88160705566406
2017-04-18,202.27618408203125
2017-04-19,201.90428161621094
2017-04-20,203.5475616455078
2017-04-21,202.89891052246094
2017-04-24,205.13037109375
2017-04-25,206.32391357421875
2017-04-26,206.1941680908203
2017-04-27,206.3671875
2017-04-28,205.9174346923828
2017-05-01,206.4363555908203
2017-05-02,206.51419067382812
2017-05-03,206.26336669921875
2017-05-04,206.5055694580078
2017-05-05,207.3185577392578
2017-05-08,207.28395080566406
2017-05-09,207.09368896484375
2017-05-10,207.46560668945312
2017-05-11,207.04180908203125
2017-05-12,206.6958465576172
2017-05-15,207.83749389648438
2017-05-16,207.647216796875
2017-05-17,203.9627227783203
2017-05-18,204.78436279296875
2017-05-19,206.1163330078125
2017-05-22,207.162841796875
2017-05-23,207.62130737304688
2017-05-24,208.1056365966797
2017-05-25,209.1002960205078
2017-05-26,209.05703735351562
2017-05-30,208.87539672851562
2017-05-31,208.82351684570312
2017-06-01,210.48411560058594
2017-06-02,211.18472290039062
2017-06-05,211.0290069580078
2017-06-06,210.3544464111328
2017-06-07,210.74359130859375
2017-06-08,210.84739685058594
2017-06-09,210.52735900878906
2017-06-12,210.48411560058594
2017-06-13,211.51333618164062
2017-06-14,211.24526977539062
2017-06-15,210.8387451171875
2017-06-16,210.88478088378906
2017-06-19,212.64048767089844
2017-06-20,211.20639038085938
2017-06-21,211.15423583984375
2017-06-22,211.05860900878906
2017-06-23,211.31068420410156
2017-06-26,211.4497528076172
2017-06-27,209.74624633789062
2017-06-28,211.62356567382812
2017-06-29,209.76364135742188
2017-06-30,210.15476989746094
2017-07-03,210.5111083984375
2017-07-05,210.99783325195312
2017-07-06,209.06834411621094
2017-07-07,210.42416381835938
2017-07-10,210.65013122558594
2017-07-11,210.4936981201172
2017-07-12,212.0755157470703
2017-07-13,212.4318389892578
2017-07-14,213.42271423339844
2017-07-17,213.39657592773438
2017-07-18,213.50953674316406
2017-07-19,214.66551208496094
2017-07-20,214.76112365722656
2017-07-21,214.56993103027344
2017-07-24,214.5177459716797
2017-07-25,215.03921508789062
2017-07-26,215.0478973388672
2017-07-27,214.84800720214844
2017-07-28,214.595947265625
2017-07-31,214.47430419921875
2017-08-01,214.9523162841797
2017-08-02,215.05662536621094
2017-08-03,214.639404296875
2017-08-04,215.03057861328125
2017-08-07,215.4303436279297
2017-08-08,214.9001922607422
2017-08-09,214.89146423339844
2017-08-10,211.85824584960938
2017-08-11,212.17112731933594
2017-08-14,214.27438354492188
2017-08-15,214.24830627441406
2017-08-16,214.62205505371094
2017-08-17,211.27593994140625
2017-08-18,210.94569396972656
2017-08-21,211.11080932617188
2017-08-22,213.318359375
2017-08-23,212.5535430908203
2017-08-24,212.05812072753906
2017-08-25,212.5535430908203
2017-08-28,212.5621795654297
2017-08-29,212.80557250976562
2017-08-30,213.81373596191406
2017-08-31,215.1000518798828
2017-09-01,215.4042510986328
2017-09-05,213.85719299316406
2017-09-06,214.58724975585938
2017-09-07,214.56121826171875
2017-09-08,214.30914306640625
2017-09-11,216.59498596191406
2017-09-12,217.32501220703125
2017-09-13,217.42933654785156
2017-09-14,217.3597869873047
2017-09-15,217.6524200439453
2017-09-18,218.11534118652344
2017-09-19,218.3336639404297
2017-09-20,218.4122314453125
2017-09-21,217.8271026611328
2017-09-22,217.87078857421875
2017-09-25,217.42529296875
2017-09-26,217.55636596679688
2017-09-27,218.4035186767578
2017-09-28,218.6656036376953
2017-09-29,219.4342041015625
2017-10-02,220.38629150390625
2017-10-03,220.8579559326172
2017-10-04,221.11996459960938
2017-10-05,222.43008422851562
2017-10-06,222.1768035888672
2017-10-09,221.8100128173828
2017-10-10,222.3951873779297
2017-10-11,222.7445526123047
2017-10-12,222.41268920898438
2017-10-13,222.6834259033203
2017-10-16,222.9804229736328
2017-10-17,223.13766479492188
2017-10-18,223.35598754882812
2017-10-19,223.4171142578125
2017-10-20,224.5700225830078
2017-10-23,223.69668579101562
2017-10-24,224.0896453857422
2017-10-25,222.9804229736328
2017-10-26,223.26861572265625
2017-10-27,225.0940704345703
2017-10-30,224.25563049316406
2017-10-31,224.60501098632812
2017-11-01,224.90191650390625
2017-11-02,224.98928833007812
2017-11-03,225.74050903320312
2017-11-06,226.08984375
2017-11-07,225.93264770507812
2017-11-08,226.31690979003906
2017-11-09,225.4958953857422
2017-11-10,225.42605590820312
2017-11-13,225.63565063476562
2017-11-14,225.1116180419922
2017-11-15,223.9848175048828
2017-11-16,225.88893127441406
2017-11-17,225.2251739501953
2017-11-20,225.6094512939453
2017-11-21,227.0856170654297
2017-11-22,226.88465881347656
2017-11-24,227.4087371826172
2017-11-27,227.2952423095703
2017-11-28,229.60104370117188
2017-11-29,229.4613494873047
2017-11-30,231.47021484375
2017-12-01,230.9897918701172
2017-12-04,230.71034240722656
2017-12-05,229.8805694580078
2017-12-06,229.92420959472656
2017-12-07,230.6492156982422
2017-12-08,231.9069061279297
2017-12-11,232.605712890625
2017-12-12,233.01612854003906
2017-12-13,232.99000549316406
2017-12-14,232.03794860839844
2017-12-15,233.97027587890625
2017-12-18,235.45382690429688
2017-12-19,234.5496368408203
2017-12-20,234.4267578125
2017-12-21,234.90953063964844
2017-12-22,234.8480987548828
2017-12-26,234.5672149658203
2017-12-27,234.68128967285156
2017-12-28,235.16416931152344
2017-12-29,234.27745056152344
2018-01-02,235.95428466796875
2018-01-03,237.4467010498047
2018-01-04,238.44752502441406
2018-01-05,240.03652954101562
2018-01-08,240.47555541992188
2018-01-09,241.01980590820312
2018-01-10,240.65101623535156
2018-01-11,242.40687561035156
2018-01-12,243.9871826171875
2018-01-16,243.1531219482422
2018-01-17,245.47073364257812
2018-01-18,245.0581512451172
2018-01-19,246.17306518554688
2018-01-22,248.1747589111328
2018-01-23,248.70143127441406
2018-01-24,248.6048583984375
2018-01-25,248.7101593017578
2018-01-26,251.58970642089844
2018-01-29,249.92173767089844
2018-01-30,247.3582305908203
2018-01-31,247.4811248779297
2018-02-01,247.2002716064453
2018-02-02,241.8187255859375
2018-02-05,231.70526123046875
2018-02-06,236.27040100097656
2018-02-07,234.98861694335938
2018-02-08,226.1744384765625
2018-02-09,229.5719451904297
2018-02-12,232.94309997558594
2018-02-13,233.5224609375
2018-02-14,236.67422485351562
2018-02-15,239.6941375732422
2018-02-16,239.764404296875
2018-02-20,238.2631378173828
2018-02-21,237.07798767089844
2018-02-22,237.38531494140625
2018-02-23,241.16903686523438
2018-02-26,243.9695587158203
2018-02-27,240.92327880859375
2018-02-28,238.48265075683594
2018-03-01,235.01495361328125
2018-03-02,236.2264404296875
2018-03-05,238.95681762695312
2018-03-06,239.5624542236328
2018-03-07,239.4746551513672
2018-03-08,240.633544921875
2018-03-09,244.8211212158203
2018-03-12,244.51382446289062
2018-03-13,242.93368530273438
2018-03-14,241.68690490722656
2018-03-15,241.42367553710938
2018-03-16,241.68544006347656
2018-03-19,238.41529846191406
2018-03-20,238.82081604003906
2018-03-21,238.3624267578125
2018-03-22,232.40411376953125
2018-03-23,227.4504852294922
2018-03-26,233.67327880859375
2018-03-27,229.69810485839844
2018-03-28,229.01939392089844
2018-03-29,231.9457244873047
2018-04-02,226.93930053710938
2018-04-03,229.8479461669922
2018-04-04,232.30711364746094
2018-04-05,234.14047241210938
2018-04-06,228.9224395751953
2018-04-09,230.0507049560547
2018-04-10,233.70851135253906
2018-04-11,232.4834442138672
2018-04-12,234.3960723876953
2018-04-13,233.70851135253906
2018-04-16,235.62997436523438
2018-04-17,238.15086364746094
2018-04-18,238.32725524902344
2018-04-19,237.00506591796875
2018-04-20,234.99542236328125
2018-04-23,234.96018981933594
2018-04-24,231.7958984375
2018-04-25,232.3688507080078
2018-04-26,234.73101806640625
2018-04-27,234.9513702392578
2018-04-30,233.1444854736328
2018-05-01,233.5587615966797
2018-05-02,231.9897918701172
2018-05-03,231.4785919189453
2018-05-04,234.47544860839844
2018-05-07,235.26869201660156
2018-05-08,235.26869201660156
2018-05-09,237.542724609375
2018-05-10,239.76393127441406
2018-05-11,240.49554443359375
2018-05-14,240.61004638671875
2018-05-15,238.95306396484375
2018-05-16,239.95785522460938
2018-05-17,239.75515747070312
2018-05-18,239.15577697753906
2018-05-21,240.95382690429688
2018-05-22,240.28396606445312
2018-05-23,240.94500732421875
2018-05-24,240.45140075683594
2018-05-25,239.87852478027344
2018-05-29,237.11962890625
2018-05-30,240.28396606445312
2018-05-31,238.81204223632812
2018-06-01,241.15655517578125
2018-06-04,242.3024139404297
2018-06-05,242.47872924804688
2018-06-06,244.50592041015625
2018-06-07,244.47955322265625
2018-06-08,245.20228576660156
2018-06-11,245.5283203125
2018-06-12,245.84573364257812
2018-06-13,245.06126403808594
2018-06-14,245.6781768798828
2018-06-15,245.3648223876953
2018-06-18,244.86016845703125
2018-06-19,243.9217071533203
2018-06-20,244.3378143310547
2018-06-21,242.8061065673828
2018-06-22,243.24880981445312
2018-06-25,239.9374237060547
2018-06-26,240.46868896484375
2018-06-27,238.47662353515625
2018-06-28,239.84011840820312
2018-06-29,240.18540954589844
2018-07-02,240.69888305664062
2018-07-03,239.8489227294922
2018-07-05,241.8056640625
2018-07-06,243.85086059570312
2018-07-09,246.04656982421875
2018-07-10,246.93199157714844
2018-07-11,245.12571716308594
2018-07-12,247.34803771972656
2018-07-13,247.54287719726562
2018-07-16,247.3214874267578
2018-07-17,248.32200622558594
2018-07-18,248.8444061279297
2018-07-19,247.9058837890625
2018-07-20,247.6225128173828
2018-07-23,248.08297729492188
2018-07-24,249.3313446044922
2018-07-25,251.45620727539062
2018-07-26,250.86306762695312
2018-07-27,249.16317749023438
2018-07-30,247.86154174804688
2018-07-31,249.08346557617188
2018-08-01,248.66732788085938
2018-08-02,250.02197265625
2018-08-03,251.0931854248047
2018-08-06,252.01406860351562
2018-08-07,252.84629821777344
2018-08-08,252.74002075195312
2018-08-09,252.3947296142578
2018-08-10,250.70367431640625
2018-08-13,249.76512145996094
2018-08-14,251.3588409423828
2018-08-15,249.48184204101562
2018-08-16,251.50050354003906
2018-08-17,252.38595581054688
2018-08-20,252.92596435546875
2018-08-21,253.51919555664062
2018-08-22,253.36866760253906
2018-08-23,253.03219604492188
2018-08-24,254.55514526367188
2018-08-27,256.56488037109375
2018-08-28,256.6888122558594
2018-08-29,258.0699157714844
2018-08-30,257.0252685546875
2018-08-31,257.0341491699219
2018-09-04,256.591552734375
2018-09-05,255.90087890625
2018-09-06,255.1305389404297
2018-09-07,254.634765625
2018-09-10,255.07745361328125
2018-09-11,255.91847229003906
2018-09-12,255.98052978515625
2018-09-13,257.4945068359375
2018-09-14,257.5387268066406
2018-09-17,256.17529296875
2018-09-18,257.56536865234375
2018-09-19,257.83978271484375
2018-09-20,259.9291687011719
2018-09-21,259.69189453125
2018-09-24,258.8290710449219
2018-09-25,258.5889587402344
2018-09-26,257.8152770996094
2018-09-27,258.5356750488281
2018-09-28,258.5623779296875
2018-10-01,259.4606018066406
2018-10-02,259.309326171875
2018-10-03,259.4516906738281
2018-10-04,257.4239501953125
2018-10-05,255.98313903808594
2018-10-08,255.98313903808594
2018-10-09,255.6094970703125
2018-10-10,247.51611328125
2018-10-11,242.06414794921875
2018-10-12,245.42608642578125
2018-10-15,244.04751586914062
2018-10-16,249.38381958007812
2018-10-17,249.4283447265625
2018-10-18,245.82630920410156
2018-10-19,245.69290161132812
2018-10-22,244.59010314941406
2018-10-23,243.34487915039062
2018-10-24,235.9718780517578
2018-10-25,240.20547485351562
2018-10-26,235.9807586669922
2018-10-29,234.67340087890625
2018-10-30,238.1509246826172
2018-10-31,240.694580078125
2018-11-01,243.25601196289062
2018-11-02,241.81515502929688
2018-11-05,243.1492919921875
2018-11-06,244.68792724609375
2018-11-07,249.9263916015625
2018-11-08,249.47280883789062
2018-11-09,247.03582763671875
2018-11-12,242.4200439453125
2018-11-13,241.96636962890625
2018-11-14,240.31214904785156
2018-11-15,242.82022094726562
2018-11-16,243.45162963867188
2018-11-19,239.333740234375
2018-11-20,234.90469360351562
2018-11-21,235.70510864257812
2018-11-23,234.13088989257812
2018-11-26,237.9108123779297
2018-11-27,238.71116638183594
2018-11-28,244.20761108398438
2018-11-29,243.6740264892578
2018-11-30,245.1592254638672
2018-12-03,248.40560913085938
2018-12-04,240.35659790039062
2018-12-06,239.99188232421875
2018-12-07,234.4154510498047
2018-12-10,234.86016845703125
2018-12-11,234.9135284423828
2018-12-12,236.09645080566406
2018-12-13,236.01632690429688
2018-12-14,231.6583709716797
2018-12-17,227.1136474609375
2018-12-18,226.86460876464844
2018-12-19,223.46714782714844
2018-12-20,219.82958984375
2018-12-21,215.3253173828125
2018-12-24,209.6357879638672
2018-12-26,220.22763061523438
2018-12-27,221.91836547851562
2018-12-28,221.6321258544922
2018-12-31,223.5734100341797
2019-01-02,223.80593872070312
2019-01-03,218.46531677246094
2019-01-04,225.78297424316406
2019-01-07,227.5631866455078
2019-01-08,229.7012176513672
2019-01-09,230.77476501464844
2019-01-10,231.58880615234375
2019-01-11,231.67825317382812
2019-01-14,230.26480102539062
2019-01-15,232.90383911132812
2019-01-16,233.4674072265625
2019-01-17,235.23867797851562
2019-01-18,238.36962890625
2019-01-22,235.1492462158203
2019-01-23,235.64126586914062
2019-01-24,235.76644897460938
2019-01-25,237.76144409179688
2019-01-28,235.95433044433594
2019-01-29,235.64126586914062
2019-01-30,239.3716583251953
2019-01-31,241.473876953125
2019-02-01,241.5901641845703
2019-02-04,243.28994750976562
2019-02-05,244.30975341796875
2019-02-06,243.98760986328125
2019-02-07,241.66188049316406
2019-02-08,241.95693969726562
2019-02-11,242.09120178222656
2019-02-12,245.20431518554688
2019-02-13,246.0004425048828
2019-02-14,245.45481872558594
2019-02-15,248.12957763671875
2019-02-19,248.55894470214844
2019-02-20,249.0598602294922
2019-02-21,248.17434692382812
2019-02-22,249.71302795410156
2019-02-25,250.052978515625
2019-02-26,249.8740234375
2019-02-27,249.7667236328125
2019-02-28,249.3014678955078
2019-03-01,250.8580780029297
2019-03-04,249.94566345214844
2019-03-05,249.60562133789062
2019-03-06,248.09378051757812
2019-03-07,246.0183563232422
2019-03-08,245.5264434814453
2019-03-11,249.0867919921875
2019-03-12,250.02606201171875
2019-03-13,251.68109130859375
2019-03-14,251.52003479003906
2019-03-15,252.7627716064453
2019-03-18,253.6791534423828
2019-03-19,253.74215698242188
2019-03-20,252.97836303710938
2019-03-21,255.83554077148438
2019-03-22,250.91175842285156
2019-03-25,250.72305297851562
2019-03-26,252.5919952392578
2019-03-27,251.27110290527344
2019-03-28,252.2235565185547
2019-03-29,253.81402587890625
2019-04-01,256.8240051269531
2019-04-02,256.94976806640625
2019-04-03,257.35418701171875
2019-04-04,258.0370788574219
2019-04-05,259.285888671875
2019-04-08,259.483642578125
2019-04-09,258.1538391113281
2019-04-10,259.03436279296875
2019-04-11,258.96246337890625
2019-04-12,260.7146301269531
2019-04-15,260.54388427734375
2019-04-16,260.7146301269531
2019-04-17,260.0765380859375
2019-04-18,260.58880615234375
2019-04-22,260.81341552734375
2019-04-23,263.1585998535156
2019-04-24,262.5745544433594
2019-04-25,262.41278076171875
2019-04-26,263.6348571777344
2019-04-29,264.04815673828125
2019-04-30,264.182861328125
2019-05-01,262.19720458984375
2019-05-02,261.63104248046875
2019-05-03,264.1918640136719
2019-05-06,263.10467529296875
2019-05-07,258.7109680175781
2019-05-08,258.35150146484375
2019-05-09,257.56976318359375
2019-05-10,258.8636779785156
2019-05-13,252.35836791992188
2019-05-14,254.6405487060547
2019-05-15,256.13214111328125
2019-05-16,258.5042724609375
2019-05-17,256.8329772949219
2019-05-20,255.13473510742188
2019-05-21,257.43505859375
2019-05-22,256.6442565917969
2019-05-23,253.5084991455078
2019-05-24,254.0834503173828
2019-05-28,251.72039794921875
2019-05-29,250.03118896484375
2019-05-30,250.71405029296875
2019-05-31,247.33566284179688
2019-06-03,246.70668029785156
2019-06-04,252.06185913085938
2019-06-05,254.24520874023438
2019-06-06,255.8985137939453
2019-06-07,258.459228515625
2019-06-10,259.64544677734375
2019-06-11,259.5824279785156
2019-06-12,259.1241760253906
2019-06-13,260.19342041015625
2019-06-14,259.9059143066406
2019-06-17,260.0048522949219
2019-06-18,262.727294921875
2019-06-19,263.3203125
2019-06-20,265.8360900878906
2019-06-21,265.4495849609375
2019-06-24,265.12469482421875
2019-06-25,262.5242919921875
2019-06-26,262.2625427246094
2019-06-27,263.19256591796875
2019-06-28,264.5468444824219
2019-07-01,266.9485168457031
2019-07-02,267.6437072753906
2019-07-03,269.7835388183594
2019-07-05,269.4765930175781
2019-07-08,267.995849609375
2019-07-09,268.3299560546875
2019-07-10,269.6120910644531
2019-07-11,270.24407958984375
2019-07-12,271.4539794921875
2019-07-15,271.54412841796875
2019-07-16,270.6683044433594
2019-07-17,268.82647705078125
2019-07-18,269.81072998046875
2019-07-19,268.3119812011719
2019-07-22,268.9709167480469
2019-07-23,270.89410400390625
2019-07-24,272.16717529296875
2019-07-25,270.8670654296875
2019-07-26,272.68182373046875
2019-07-29,272.1852722167969
2019-07-30,271.51708984375
2019-07-31,268.546630859375
2019-08-01,266.2081298828125
2019-08-02,264.2037353515625
2019-08-05,256.25830078125
2019-08-06,259.851806640625
2019-08-07,260.0052795410156
2019-08-08,265.1066589355469
2019-08-09,263.3008728027344
2019-08-12,260.0955810546875
2019-08-13,264.14056396484375
2019-08-14,256.3305969238281
2019-08-15,257.0076904296875
2019-08-16,260.7998046875
2019-08-19,263.9419250488281
2019-08-20,261.91943359375
2019-08-21,264.0502624511719
2019-08-22,263.968994140625
2019-08-23,257.1882019042969
2019-08-26,260.0323791503906
2019-08-27,259.0121765136719
2019-08-28,260.83599853515625
2019-08-29,264.1675720214844
2019-08-30,264.0502624511719
2019-09-03,262.5063171386719
2019-09-04,265.48590087890625
2019-09-05,268.8987731933594
2019-09-06,269.1064453125
2019-09-09,269.241943359375
2019-09-10,269.1787109375
2019-09-11,271.0928039550781
2019-09-12,272.03173828125
2019-09-13,271.85125732421875
2019-09-16,271.0115661621094
2019-09-17,271.69775390625
2019-09-18,271.8603210449219
2019-09-19,271.8421630859375
2019-09-20,270.55780029296875
2019-09-23,270.49432373046875
2019-09-24,268.3718566894531
2019-09-25,269.9590759277344
2019-09-26,269.396728515625
2019-09-27,267.9454345703125
2019-09-30,269.18817138671875
2019-10-01,265.9862365722656
2019-10-02,261.28765869140625
2019-10-03,263.4283142089844
2019-10-04,266.9931335449219
2019-10-07,265.8410949707031
2019-10-08,261.7138977050781
2019-10-09,264.1993408203125
2019-10-10,265.9862365722656
2019-10-11,268.74359130859375
2019-10-14,268.44439697265625
2019-10-15,271.10205078125
2019-10-16,270.6666259765625
2019-10-17,271.4648132324219
2019-10-18,270.27655029296875
2019-10-21,272.1088562011719
2019-10-22,271.2200012207031
2019-10-23,272.0091247558594
2019-10-24,272.4535217285156
2019-10-25,273.56927490234375
2019-10-28,275.11114501953125
2019-10-29,275.0296630859375
2019-10-30,275.8731689453125
2019-10-31,275.1384582519531
2019-11-01,277.68731689453125
2019-11-04,278.8030090332031
2019-11-05,278.49456787109375
2019-11-06,278.5580749511719
2019-11-07,279.5377502441406
2019-11-08,280.2270812988281
2019-11-11,279.6919250488281
2019-11-12,280.2814636230469
2019-11-13,280.3721618652344
2019-11-14,280.78033447265625
2019-11-15,282.812255859375
2019-11-18,283.0207214355469
2019-11-19,282.9391784667969
2019-11-20,281.8869323730469
2019-11-21,281.4334411621094
2019-11-22,282.05926513671875
2019-11-25,284.245361328125
2019-11-26,284.88934326171875
2019-11-27,286.1592102050781
2019-11-29,285.09796142578125
2019-12-02,282.6761474609375
2019-12-03,280.78033447265625
2019-12-04,282.51275634765625
2019-12-05,283.0207214355469
2019-12-06,285.60589599609375
2019-12-09,284.7079162597656
2019-12-10,284.3904113769531
2019-12-11,285.1977233886719
2019-12-12,287.6558532714844
2019-12-13,287.82818603515625
2019-12-16,289.8055725097656
2019-12-17,289.869140625
2019-12-18,289.88720703125
2019-12-19,291.07550048828125
2019-12-20,292.3515319824219
2019-12-23,292.7982482910156
2019-12-24,292.8073425292969
2019-12-26,294.3660888671875
2019-12-27,294.2930908203125
2019-12-30,292.6706848144531
2019-12-31,293.3816833496094
2020-01-02,296.12530517578125
2020-01-03,293.8829040527344
2020-01-06,295.004150390625
2020-01-07,294.1747131347656
2020-01-08,295.7425231933594
2020-01-09,297.7478332519531
2020-01-10,296.8909912109375
2020-01-13,298.93280029296875
2020-01-14,298.4770202636719
2020-01-15,299.1515197753906
2020-01-16,301.6399230957031
2020-01-17,302.5788879394531
2020-01-21,301.9863586425781
2020-01-22,302.0228576660156
2020-01-23,302.3692321777344
2020-01-24,299.68017578125
2020-01-27,294.8765563964844
2020-01-28,297.9665222167969
2020-01-29,297.7204284667969
2020-01-30,298.6866149902344
2020-01-31,293.2630920410156
2020-02-03,295.4416198730469
2020-02-04,299.9446105957031
2020-02-05,303.40838623046875
2020-02-06,304.4293518066406
2020-02-07,302.8066711425781
2020-02-10,305.0672607421875
2020-02-11,305.595947265625
2020-02-12,307.5649108886719
2020-02-13,307.2366943359375
2020-02-14,307.7289123535156
2020-02-18,306.9359130859375
2020-02-19,308.4034423828125
2020-02-20,307.136474609375
2020-02-21,303.9734802246094
2020-02-24,293.89202880859375
2020-02-25,284.9864501953125
2020-02-26,283.93829345703125
2020-02-27,271.18603515625
2020-02-28,270.0467529296875
2020-03-02,281.7415771484375
2020-03-03,273.67449951171875
2020-03-04,285.1778259277344
2020-03-05,275.6981506347656
2020-03-06,271.1405944824219
2020-03-09,249.96597290039062
2020-03-10,262.9003601074219
2020-03-11,250.0843963623047
2020-03-12,226.15707397460938
2020-03-13,245.4903564453125
2020-03-16,218.6279296875
2020-03-17,230.4320831298828
2020-03-18,218.76463317871094
2020-03-19,219.2295379638672
2020-03-20,209.781982421875
2020-03-23,204.41824340820312
2020-03-24,222.93917846679688
2020-03-25,226.2766571044922
2020-03-26,239.4889373779297
2020-03-27,232.35552978515625
2020-03-30,239.9014434814453
2020-03-31,236.3256378173828
2020-04-01,225.68984985351562
2020-04-02,230.89772033691406
2020-04-03,227.560302734375
2020-04-06,242.84469604492188
2020-04-07,243.09222412109375
2020-04-08,251.25247192382812
2020-04-09,255.0757293701172
2020-04-13,252.7469482421875
2020-04-14,260.20123291015625
2020-04-15,254.6724090576172
2020-04-16,255.90103149414062
2020-04-17,262.81427001953125
2020-04-20,258.1841125488281
2020-04-21,250.34471130371094
2020-04-22,255.90103149414062
2020-04-23,255.8826446533203
2020-04-24,259.4493103027344
2020-04-27,263.19024658203125
2020-04-28,261.9798889160156
2020-04-29,268.8382263183594
2020-04-30,266.3351745605469
2020-05-01,259.2843017578125
2020-05-04,259.99951171875
2020-05-05,262.4017028808594
2020-05-06,260.6229553222656
2020-05-07,263.7678527832031
2020-05-08,268.13214111328125
2020-05-11,268.1872253417969
2020-05-12,262.8418273925781
2020-05-13,258.1932373046875
2020-05-14,261.2831726074219
2020-05-15,262.4841613769531
2020-05-18,270.4794006347656
2020-05-19,267.7012023925781
2020-05-20,272.2489929199219
2020-05-21,270.36944580078125
2020-05-22,270.8828430175781
2020-05-26,274.2201843261719
2020-05-27,278.3003845214844
2020-05-28,277.7868957519531
2020-05-29,279.02471923828125
2020-06-01,280.15252685546875
2020-06-02,282.47216796875
2020-06-03,286.23138427734375
2020-06-04,285.4795227050781
2020-06-05,292.7962951660156
2020-06-08,296.33544921875
2020-06-09,294.1258239746094
2020-06-10,292.4844970703125
2020-06-11,275.6230773925781
2020-06-12,278.9237976074219
2020-06-15,281.5278015136719
2020-06-16,286.946533203125
2020-06-17,285.7546081542969
2020-06-18,285.86468505859375
2020-06-19,284.2309265136719
2020-06-22,286.05438232421875
2020-06-23,287.37115478515625
2020-06-24,280.0407409667969
2020-06-25,283.04302978515625
2020-06-26,276.3202819824219
2020-06-29,280.38153076171875
2020-06-30,283.97314453125
2020-07-01,285.9622802734375
2020-07-02,287.53704833984375
2020-07-06,291.9757995605469
2020-07-07,288.9644470214844
2020-07-08,291.1746520996094
2020-07-09,289.51702880859375
2020-07-10,292.47314453125
2020-07-13,289.9406433105469
2020-07-14,293.697998046875
2020-07-15,296.396240234375
2020-07-16,295.4200744628906
2020-07-17,296.2764892578125
2020-07-20,298.6708679199219
2020-07-21,299.3063049316406
2020-07-22,301.00994873046875
2020-07-23,297.41845703125
2020-07-24,295.5029296875
2020-07-27,297.65789794921875
2020-07-28,295.77001953125
2020-07-29,299.4076232910156
2020-07-30,298.33929443359375
2020-07-31,300.69683837890625
2020-08-03,302.787353515625
2020-08-04,303.9569396972656
2020-08-05,305.84478759765625
2020-08-06,307.88922119140625
2020-08-07,308.1101989746094
2020-08-10,309.0311279296875
2020-08-11,306.480224609375
2020-08-12,310.7532958984375
2020-08-13,310.1915283203125
2020-08-14,310.20074462890625
2020-08-17,311.18609619140625
2020-08-18,311.8583068847656
2020-08-19,310.5598449707031
2020-08-20,311.5268249511719
2020-08-21,312.6319885253906
2020-08-24,315.79986572265625
2020-08-25,316.9049377441406
2020-08-26,320.0820617675781
2020-08-27,320.78204345703125
2020-08-28,322.8540954589844
2020-08-31,321.6844177246094
2020-09-01,324.71435546875
2020-09-02,329.4109802246094
2020-09-03,318.07452392578125
2020-09-04,315.4775695800781
2020-09-08,306.8577880859375
2020-09-09,312.9173889160156
2020-09-10,307.48406982421875
2020-09-11,307.6405944824219
2020-09-14,311.692626953125
2020-09-15,313.267333984375
2020-09-16,312.0242004394531
2020-09-17,309.27984619140625
2020-09-18,305.71923828125
2020-09-21,302.316650390625
2020-09-22,305.39556884765625
2020-09-23,298.3131408691406
2020-09-24,299.1083068847656
2020-09-25,303.9438781738281
2020-09-28,308.9922790527344
2020-09-29,307.3094787597656
2020-09-30,309.6395263671875
2020-10-01,311.62738037109375
2020-10-02,308.6687316894531
2020-10-05,314.14227294921875
2020-10-06,309.6764221191406
2020-10-07,315.0669860839844
2020-10-08,317.85919189453125
2020-10-09,320.6976013183594
2020-10-12,325.85687255859375
2020-10-13,323.7303771972656
2020-10-14,321.69622802734375
2020-10-15,321.2987365722656
2020-10-16,321.1045227050781
2020-10-19,316.2225646972656
2020-10-20,317.48931884765625
2020-10-21,316.8882751464844
2020-10-22,318.62664794921875
2020-10-23,319.70831298828125
2020-10-26,313.80023193359375
2020-10-27,312.7184143066406
2020-10-28,302.02996826171875
2020-10-29,305.0997009277344
2020-10-30,301.9190368652344
2020-11-02,305.30316162109375
2020-11-03,310.6934509277344
2020-11-04,317.6372375488281
2020-11-05,323.8320617675781
2020-11-06,323.75811767578125
2020-11-09,327.8263244628906
2020-11-10,327.34564208984375
2020-11-11,329.77728271484375
2020-11-12,326.5781555175781
2020-11-13,331.0994567871094
2020-11-16,335.2323913574219
2020-11-17,333.4294738769531
2020-11-18,329.4166259765625
2020-11-19,330.8035888671875
2020-11-20,328.5383605957031
2020-11-23,330.5077209472656
2020-11-24,335.8333740234375
2020-11-25,335.3156433105469
2020-11-27,336.2495422363281
2020-11-30,334.7608642578125
2020-12-01,338.42230224609375
2020-12-02,339.1341857910156
2020-12-03,339.0417785644531
2020-12-04,341.96356201171875
2020-12-07,341.2608337402344
2020-12-08,342.2593994140625
2020-12-09,339.189697265625
2020-12-10,339.07879638671875
2020-12-11,338.6811828613281
2020-12-14,337.164794921875
2020-12-15,341.7231140136719
2020-12-16,342.2593994140625
2020-12-17,344.1732482910156
2020-12-18,342.7990417480469
2020-12-21,341.57330322265625
2020-12-22,340.9976501464844
2020-12-23,341.3040771484375
2020-12-24,342.6319580078125
2020-12-28,345.575439453125
2020-12-29,344.9161376953125
2020-12-30,345.408203125
2020-12-31,347.1632080078125
2021-01-04,342.4369201660156
2021-01-05,344.7954406738281
2021-01-06,346.85675048828125
2021-01-07,352.01019287109375
2021-01-08,354.0158386230469
2021-01-11,351.6294860839844
2021-01-12,351.70379638671875
2021-01-13,352.65087890625
2021-01-14,351.4158935546875
2021-01-15,348.8531799316406
2021-01-19,351.59234619140625
2021-01-20,356.4579162597656
2021-01-21,356.782958984375
2021-01-22,355.5200500488281
2021-01-25,356.9222106933594
2021-01-26,356.3651123046875
2021-01-27,347.6552734375
2021-01-28,350.6451721191406
2021-01-29,343.62542724609375
2021-02-01,349.34527587890625
2021-02-02,354.28509521484375
2021-02-03,354.5637512207031
2021-02-04,358.5935974121094
2021-02-05,360.0048828125
2021-02-08,362.6048278808594
2021-02-09,362.3634338378906
2021-02-10,362.20556640625
2021-02-11,362.79058837890625
2021-02-12,364.5826721191406
2021-02-16,364.2669677734375
2021-02-17,364.35052490234375
2021-02-18,362.79986572265625
2021-02-19,362.1590576171875
2021-02-22,359.37347412109375
2021-02-23,359.8099365234375
2021-02-24,363.7747802734375
2021-02-25,355.0093688964844
2021-02-26,353.1800842285156
2021-03-01,361.7413330078125
2021-03-02,358.9185791015625
2021-03-03,354.1644287109375
2021-03-04,349.7817687988281
2021-03-05,356.2165222167969
2021-03-08,354.4429626464844
2021-03-09,359.5035400390625
2021-03-10,361.7413330078125
2021-03-11,365.4090270996094
2021-03-12,365.901123046875
2021-03-15,368.0832214355469
2021-03-16,367.6190185546875
2021-03-17,368.8725891113281
2021-03-18,363.5055847167969
2021-03-19,362.8328552246094
2021-03-22,365.7301025390625
2021-03-23,362.8515625
2021-03-24,361.0069885253906
2021-03-25,363.03790283203125
2021-03-26,368.8882141113281
2021-03-29,368.701904296875
2021-03-30,367.7237548828125
2021-03-31,369.2142639160156
2021-04-01,373.201416015625
2021-04-05,378.5580139160156
2021-04-06,378.33447265625
2021-04-07,378.77227783203125
2021-04-08,380.5703125
2021-04-09,383.3370666503906
2021-04-12,383.4767761230469
2021-04-13,384.61328125
2021-04-14,383.2998352050781
2021-04-15,387.4173889160156
2021-04-16,388.7122802734375
2021-04-19,386.802490234375
2021-04-20,383.9705505371094
2021-04-21,387.6037292480469
2021-04-22,384.063720703125
2021-04-23,388.2278747558594
2021-04-26,389.0383605957031
2021-04-27,388.9544982910156
2021-04-28,388.8427734375
2021-04-29,391.3207092285156
2021-04-30,388.7496032714844
2021-05-03,389.5880126953125
2021-05-04,387.1845397949219
2021-05-05,387.3055725097656
2021-05-06,390.3984680175781
2021-05-07,393.23974609375
2021-05-10,389.34576416015625
2021-05-11,385.8710021972656
2021-05-12,377.6730651855469
2021-05-13,382.2098388671875
2021-05-14,388.07879638671875
2021-05-17,387.0913391113281
2021-05-18,383.75628662109375
2021-05-19,382.75006103515625
2021-05-20,386.8677978515625
2021-05-21,386.5510559082031
2021-05-24,390.4916076660156
2021-05-25,389.62518310546875
2021-05-26,390.3984680175781
2021-05-27,390.6034240722656
2021-05-28,391.3020935058594
2021-06-01,390.9574279785156
2021-06-02,391.5722961425781
2021-06-03,390.1190490722656
2021-06-04,393.6869812011719
2021-06-07,393.3050537109375
2021-06-08,393.388916015625
2021-06-09,392.8019104003906
2021-06-10,394.6277770996094
2021-06-11,395.27996826171875
2021-06-14,396.1650085449219
2021-06-15,395.4383544921875
2021-06-16,393.2304992675781
2021-06-17,393.10009765625
2021-06-18,387.7970275878906
2021-06-21,393.3486328125
2021-06-22,395.4515075683594
2021-06-23,394.9749450683594
2021-06-24,397.3115234375
2021-06-25,398.7228088378906
2021-06-28,399.526611328125
2021-06-29,399.7415466308594
2021-06-30,400.0780029296875
2021-07-01,402.2930603027344
2021-07-02,405.3680419921875
2021-07-06,404.6296691894531
2021-07-07,406.0596618652344
2021-07-08,402.75115966796875
2021-07-09,407.0503845214844
2021-07-12,408.5084228515625
2021-07-13,407.11578369140625
2021-07-14,407.7232971191406
2021-07-15,406.33074951171875
2021-07-16,403.1436462402344
2021-07-19,397.1900634765625
2021-07-20,402.8819274902344
2021-07-21,406.1437683105469
2021-07-22,406.99432373046875
2021-07-23,411.1814880371094
2021-07-26,412.19085693359375
2021-07-27,410.312255859375
2021-07-28,410.1439514160156
2021-07-29,411.844970703125
2021-07-30,409.844970703125
2021-08-02,408.98504638671875
2021-08-03,412.3123779296875
2021-08-04,410.28424072265625
2021-08-05,412.8824768066406
2021-08-06,413.5647888183594
2021-08-09,413.228271484375
2021-08-10,413.7423400878906
2021-08-11,414.7703857421875
2021-08-12,416.0134582519531
2021-08-13,416.7705078125
2021-08-16,417.75189208984375
2021-08-17,415.0134582519531
2021-08-18,410.47113037109375
2021-08-19,411.10662841796875
2021-08-20,414.3778991699219
2021-08-23,418.02294921875
2021-08-24,418.6865234375
2021-08-25,419.5650329589844
2021-08-26,417.0882873535156
2021-08-27,420.8175048828125
2021-08-30,422.6680603027344
2021-08-31,422.04180908203125
2021-09-01,422.2661437988281
2021-09-02,423.5653076171875
2021-09-03,423.46246337890625
2021-09-07,421.94842529296875
2021-09-08,421.4343566894531
2021-09-09,419.6305236816406
2021-09-10,416.32196044921875
2021-09-13,417.3873291015625
2021-09-14,415.13494873046875
2021-09-15,418.60235595703125
2021-09-16,417.9388427734375
2021-09-17,413.86761474609375
2021-09-20,406.96673583984375
2021-09-21,406.5823669433594
2021-09-22,410.5484619140625
2021-09-23,415.53662109375
2021-09-24,416.22113037109375
2021-09-27,415.0303649902344
2021-09-28,406.6667785644531
2021-09-29,407.3512268066406
2021-09-30,402.3724365234375
2021-10-01,407.154296875
2021-10-04,401.9035949707031
2021-10-05,406.0853271484375
2021-10-06,407.7731018066406
2021-10-07,411.2985534667969
2021-10-08,410.5484619140625
2021-10-11,407.5762939453125
2021-10-12,406.57293701171875
2021-10-13,408.03564453125
2021-10-14,414.8990478515625
2021-10-15,418.05889892578125
2021-10-18,419.2965393066406
2021-10-19,422.53131103515625
2021-10-20,424.19091796875
2021-10-21,425.2973937988281
2021-10-22,424.85662841796875
2021-10-25,427.13507080078125
2021-10-26,427.51953125
2021-10-27,425.6254577636719
2021-10-28,429.7322692871094
2021-10-29,430.6042785644531
2021-11-01,431.34503173828125
2021-11-02,433.08892822265625
2021-11-03,435.7331237792969
2021-11-04,437.78643798828125
2021-11-05,439.305419921875
2021-11-08,439.68048095703125
2021-11-09,438.2271423339844
2021-11-10,434.7016906738281
2021-11-11,434.8423156738281
2021-11-12,438.1240539550781
2021-11-15,438.2740173339844
2021-11-16,440.0086364746094
2021-11-17,438.9397888183594
2021-11-18,440.4305725097656
2021-11-19,439.64300537109375
2021-11-22,438.40533447265625
2021-11-23,438.9866638183594
2021-11-24,440.1585998535156
2021-11-26,430.3417053222656
2021-11-29,435.62054443359375
2021-11-30,427.1445007324219
2021-12-01,422.4000244140625
2021-12-02,428.8696594238281
2021-12-03,425.1379699707031
2021-12-06,430.1729736328125
2021-12-07,439.071044921875
2021-12-08,440.2336120605469
2021-12-09,437.261474609375
2021-12-10,441.3775634765625
2021-12-13,437.4676818847656
2021-12-14,434.4579162597656
2021-12-15,441.2464294433594
2021-12-16,437.3551940917969
2021-12-17,432.7004699707031
2021-12-20,428.099365234375
2021-12-21,435.7020263671875
2021-12-22,440.0583801269531
2021-12-23,442.79656982421875
2021-12-27,449.06304931640625
2021-12-28,448.6960754394531
2021-12-29,449.27001953125
2021-12-30,448.028076171875
2021-12-31,446.8988952636719
2022-01-03,449.4864196777344
2022-01-04,449.33587646484375
2022-01-05,440.70770263671875
2022-01-06,440.29364013671875
2022-01-07,438.5529479980469
2022-01-10,438.00726318359375
2022-01-11,441.9967346191406
2022-01-12,443.191650390625
2022-01-13,437.085205078125
2022-01-14,437.26397705078125
2022-01-18,429.5201416015625
2022-01-19,425.060302734375
2022-01-20,420.3556213378906
2022-01-21,412.103759765625
2022-01-24,413.8539123535156
2022-01-25,408.8011169433594
2022-01-26,407.77545166015625
2022-01-27,405.761962890625
2022-01-28,415.83917236328125
2022-01-31,423.3288879394531
2022-02-01,426.18927001953125
2022-02-02,430.3293762207031
2022-02-03,420.2145080566406
2022-02-04,422.1904296875
2022-02-07,420.8354187011719
2022-02-08,424.2980651855469
2022-02-09,430.50811767578125
2022-02-10,422.7737731933594
2022-02-11,414.4371337890625
2022-02-14,413.08233642578125
2022-02-15,419.7440490722656
2022-02-16,420.2145080566406
2022-02-17,411.23809814453125
2022-02-18,408.57537841796875
2022-02-22,404.1905822753906
2022-02-23,397.02081298828125
2022-02-24,402.99566650390625
2022-02-25,411.8873291015625
2022-02-28,410.83349609375
2022-03-01,404.5763854980469
2022-03-02,412.01910400390625
2022-03-03,409.9678955078125
2022-03-04,406.6370849609375
2022-03-07,394.64971923828125
2022-03-08,391.6575622558594
2022-03-09,402.15826416015625
2022-03-10,400.34228515625
2022-03-11,395.251953125
2022-03-14,392.36328125
2022-03-15,400.99151611328125
2022-03-16,409.88311767578125
2022-03-17,415.0111389160156
2022-03-18,419.55670166015625
2022-03-21,419.43402099609375
2022-03-22,424.3419494628906
2022-03-23,418.87713623046875
2022-03-24,425.19140625
2022-03-25,427.26788330078125
2022-03-28,430.3070373535156
2022-03-29,435.63031005859375
2022-03-30,432.9403991699219
2022-03-31,426.27691650390625
2022-04-01,427.4850158691406
2022-04-04,431.1471252441406
2022-04-05,425.701171875
2022-04-06,421.44439697265625
2022-04-07,423.5680236816406
2022-04-08,422.4354553222656
2022-04-11,415.215087890625
2022-04-12,413.6765441894531
2022-04-13,418.4146728515625
2022-04-14,413.2046203613281
2022-04-18,413.3745422363281
2022-04-19,420.0475769042969
2022-04-20,419.7361145019531
2022-04-21,413.4594421386719
2022-04-22,402.114501953125
2022-04-25,404.44580078125
2022-04-26,392.7327575683594
2022-04-27,393.8369140625
2022-04-28,403.7851257324219
2022-04-29,388.86297607421875
2022-05-02,391.2037353515625
2022-05-03,392.99700927734375
2022-05-04,404.9648742675781
2022-05-05,390.5713195800781
2022-05-06,388.2400817871094
2022-05-09,375.8096618652344
2022-05-10,376.67791748046875
2022-05-11,370.6940002441406
2022-05-12,370.3070068359375
2022-05-13,379.1602783203125
2022-05-16,377.6218566894531
2022-05-17,385.3896484375
2022-05-18,369.8538818359375
2022-05-19,367.5887451171875
2022-05-20,367.7492370605469
2022-05-23,374.6298522949219
2022-05-24,371.7700500488281
2022-05-25,375.0545654296875
2022-05-26,382.5487060546875
2022-05-27,391.9398498535156
2022-05-31,389.7407531738281
2022-06-01,386.58831787109375
2022-06-02,393.9502868652344
2022-06-03,387.4849853515625
2022-06-06,388.6647644042969
2022-06-07,392.3929443359375
2022-06-08,388.1268005371094
2022-06-09,378.8959655761719
2022-06-10,367.9096984863281
2022-06-13,353.9407958984375
2022-06-14,352.8742370605469
2022-06-15,357.90496826171875
2022-06-16,346.0597229003906
2022-06-17,346.8056945800781
2022-06-21,355.5361633300781
2022-06-22,354.89154052734375
2022-06-23,358.370361328125
2022-06-24,369.7643127441406
2022-06-27,368.3519592285156
2022-06-28,360.825439453125
2022-06-29,360.5316162109375
2022-06-30,357.6025695800781
2022-07-01,361.3847351074219
2022-07-05,362.0672607421875
2022-07-06,363.2900695800781
2022-07-07,368.73114013671875
2022-07-08,368.4277648925781
2022-07-11,364.2190246582031
2022-07-12,360.99615478515625
2022-07-13,359.1002502441406
2022-07-14,358.2281494140625
2022-07-15,365.0721740722656
2022-07-18,362.05780029296875
2022-07-19,371.84027099609375
2022-07-20,374.2101135253906
2022-07-21,378.02069091796875
2022-07-22,374.51348876953125
2022-07-25,374.96844482421875
2022-07-26,370.5322570800781
2022-07-27,380.1535339355469
2022-07-28,384.9215087890625
2022-07-29,390.5332946777344
2022-08-01,389.3768005371094
2022-08-02,386.8079833984375
2022-08-03,392.8651428222656
2022-08-04,392.5997314453125
2022-08-05,391.9361572265625
2022-08-08,391.4812316894531
2022-08-09,389.92657470703125
2022-08-10,398.1165771484375
2022-08-11,398.1165771484375
2022-08-12,404.8563537597656
2022-08-15,406.524658203125
2022-08-16,407.32098388671875
2022-08-17,404.42974853515625
2022-08-18,405.605224609375
2022-08-19,400.1546325683594
2022-08-22,391.8224792480469
2022-08-23,390.8745422363281
2022-08-24,392.12579345703125
2022-08-25,397.6616516113281
2022-08-26,384.201171875
2022-08-29,381.6607360839844
2022-08-30,377.4709777832031
2022-08-31,374.5987548828125
2022-09-01,375.77423095703125
2022-09-02,371.8118591308594
2022-09-06,370.4089660644531
2022-09-07,377.0633544921875
2022-09-08,379.5279846191406
2022-09-09,385.42401123046875
2022-09-12,389.5663757324219
2022-09-13,372.6270751953125
2022-09-14,374.0489501953125
2022-09-15,369.8022155761719
2022-09-16,366.98114013671875
2022-09-19,369.82696533203125
2022-09-20,365.5819091796875
2022-09-21,359.2048034667969
2022-09-22,356.18756103515625
2022-09-23,350.2196350097656
2022-09-26,346.7550354003906
2022-09-27,345.86993408203125
2022-09-28,352.67535400390625
2022-09-29,345.30828857421875
2022-09-30,339.9685974121094
2022-10-03,348.9442443847656
2022-10-04,359.7568054199219
2022-10-05,358.9192199707031
2022-10-06,355.2166748046875
2022-10-07,345.30828857421875
2022-10-10,342.6717529296875
2022-10-11,340.50164794921875
2022-10-12,339.37847900390625
2022-10-13,348.3350830078125
2022-10-14,340.39691162109375
2022-10-17,349.1441650390625
2022-10-18,353.2464294433594
2022-10-19,350.74310302734375
2022-10-20,347.80206298828125
2022-10-21,356.25421142578125
2022-10-24,360.61346435546875
2022-10-25,366.3719787597656
2022-10-26,363.6116943359375
2022-10-27,361.66998291015625
2022-10-28,370.27435302734375
2022-10-31,367.5997314453125
2022-11-01,365.9911804199219
2022-11-02,356.80621337890625
2022-11-03,353.1322021484375
2022-11-04,358.21490478515625
2022-11-07,361.64141845703125
2022-11-08,363.59271240234375
2022-11-09,356.1018371582031
2022-11-10,375.671142578125
2022-11-11,379.30712890625
2022-11-14,376.0804443359375
2022-11-15,379.2880554199219
2022-11-16,376.3945007324219
2022-11-17,375.2428283691406
2022-11-18,376.94659423828125
2022-11-21,375.575927734375
2022-11-22,380.630126953125
2022-11-23,383.0286560058594
2022-11-25,382.9430236816406
2022-11-28,376.8323974609375
2022-11-29,376.1850891113281
2022-11-30,388.0351867675781
2022-12-01,387.7496643066406
2022-12-02,387.3022766113281
2022-12-05,380.3350524902344
2022-12-06,374.8526306152344
2022-12-07,374.21484375
2022-12-08,377.14642333984375
2022-12-09,374.3290710449219
2022-12-12,379.7258605957031
2022-12-13,382.600341796875
2022-12-14,380.1541748046875
2022-12-15,370.85498046875
2022-12-16,366.4765930175781
2022-12-19,363.3690490722656
2022-12-20,363.86627197265625
2022-12-21,369.3069152832031
2022-12-22,364.03839111328125
2022-12-23,366.1323547363281
2022-12-27,364.6885986328125
2022-12-28,360.1562805175781
2022-12-29,366.63916015625
2022-12-30,365.67340087890625
2023-01-03,364.1339416503906
2023-01-04,366.94512939453125
2023-01-05,362.757080078125
2023-01-06,371.0758361816406
2023-01-09,370.865478515625
2023-01-10,373.4662170410156
2023-01-11,378.1898498535156
2023-01-12,379.56683349609375
2023-01-13,381.0393371582031
2023-01-17,380.34124755859375
2023-01-18,374.33642578125
2023-01-19,371.611328125
2023-01-20,378.5340881347656
2023-01-23,383.0759582519531
2023-01-24,382.6648254394531
2023-01-25,382.8082275390625
2023-01-26,387.01544189453125
2023-01-27,387.90472412109375
2023-01-30,383.0377197265625
2023-01-31,388.6696472167969
2023-02-01,392.80035400390625
2023-02-02,398.5182800292969
2023-02-03,394.2824401855469
2023-02-06,391.87286376953125
2023-02-07,396.99798583984375
2023-02-08,392.65692138671875
2023-02-09,389.25286865234375
2023-02-10,390.16131591796875
2023-02-13,394.74139404296875
2023-02-14,394.55975341796875
2023-02-15,395.841064453125
2023-02-16,390.3907470703125
2023-02-17,389.41552734375
2023-02-21,381.60345458984375
2023-02-22,381.0775146484375
2023-02-23,383.10467529296875
2023-02-24,379.01214599609375
2023-02-27,380.3030090332031
2023-02-28,378.8974304199219
2023-03-01,377.44403076171875
2023-03-02,380.3795471191406
2023-03-03,386.48004150390625
2023-03-06,386.7476806640625
2023-03-07,380.8193359375
2023-03-08,381.4408874511719
2023-03-09,374.4034423828125
2023-03-10,369.0008544921875
2023-03-13,368.4749755859375
2023-03-14,374.56597900390625
2023-03-15,372.2232666015625
2023-03-16,378.7539978027344
2023-03-17,374.3253173828125
2023-03-20,377.92474365234375
2023-03-21,382.8870849609375
2023-03-22,376.3601989746094
2023-03-23,377.37762451171875
2023-03-24,379.85400390625
2023-03-27,380.56427001953125
2023-03-28,379.7100524902344
2023-03-29,385.22906494140625
2023-03-30,387.48468017578125
2023-03-31,392.9460754394531
2023-04-03,394.4435119628906
2023-04-04,392.2550048828125
2023-04-05,391.2279968261719
2023-04-06,392.7541198730469
2023-04-10,393.15728759765625
2023-04-11,393.2629089355469
2023-04-12,391.6599426269531
2023-04-13,396.86224365234375
2023-04-14,395.8927917480469
2023-04-17,397.3133544921875
2023-04-18,397.572509765625
2023-04-19,397.5054016113281
2023-04-20,395.3361511230469
2023-04-21,395.643310546875
2023-04-24,396.0559997558594
2023-04-25,389.76904296875
2023-04-26,388.1181335449219
2023-04-27,395.84478759765625
2023-04-28,399.223388671875
2023-05-01,398.8202819824219
2023-05-02,394.3379211425781
2023-05-03,391.6311340332031
2023-05-04,388.85723876953125
2023-05-05,396.0559997558594
2023-05-08,396.1615295410156
2023-05-09,394.4242248535156
2023-05-10,396.26715087890625
2023-05-11,395.5760803222656
2023-05-12,395.0577697753906
2023-05-15,396.4207458496094
2023-05-16,393.7716064453125
2023-05-17,398.55157470703125
2023-05-18,402.3908996582031
2023-05-19,401.8053894042969
2023-05-22,401.9685974121094
2023-05-23,397.45733642578125
2023-05-24,394.5778503417969
2023-05-25,397.994873046875
2023-05-26,403.14910888671875
2023-05-30,403.302734375
2023-05-31,401.0662841796875
2023-06-01,404.8768310546875
2023-06-02,410.7318420410156
2023-06-05,409.94476318359375
2023-06-06,410.83746337890625
2023-06-07,409.41680908203125
2023-06-08,411.89324951171875
2023-06-09,412.63232421875
2023-06-12,416.3756103515625
2023-06-13,419.1207580566406
2023-06-14,419.619873046875
2023-06-15,424.82220458984375
2023-06-16,423.3751525878906
2023-06-20,421.1785888671875
2023-06-21,419.0205383300781
2023-06-22,420.53314208984375
2023-06-23,417.35394287109375
2023-06-26,415.6487121582031
2023-06-27,420.2055969238281
2023-06-28,420.41754150390625
2023-06-29,422.0745849609375
2023-06-30,427.0553283691406
2023-07-03,427.5466613769531
2023-07-05,426.9108581542969
2023-07-06,423.56781005859375
2023-07-07,422.4984130859375
2023-07-10,423.56781005859375
2023-07-11,426.265380859375
2023-07-12,429.69500732421875
2023-07-13,433.1054992675781
2023-07-14,432.8357238769531
2023-07-17,434.3385925292969
2023-07-18,437.5660095214844
2023-07-19,438.5390625
2023-07-20,435.6296081542969
2023-07-21,435.6296081542969
2023-07-24,437.5756530761719
2023-07-25,438.770263671875
2023-07-26,438.8376770019531
2023-07-27,435.92822265625
2023-07-28,440.19610595703125
2023-07-31,441.0342712402344
2023-08-01,439.7722473144531
2023-08-02,433.65460205078125
2023-08-03,432.41180419921875
2023-08-04,430.4561462402344
2023-08-07,434.21337890625
2023-08-08,432.32513427734375
2023-08-09,429.4349365234375
2023-08-10,429.5890808105469
2023-08-11,429.3385314941406
2023-08-14,431.70849609375
2023-08-15,426.6795959472656
2023-08-16,423.5485534667969
2023-08-17,420.32122802734375
2023-08-18,420.52349853515625
2023-08-21,423.2594909667969
2023-08-22,422.11309814453125
2023-08-23,426.8144836425781
2023-08-24,420.8992004394531
2023-08-25,423.8664855957031
2023-08-28,426.55438232421875
2023-08-29,432.7200927734375
2023-08-30,434.5024108886719
2023-08-31,433.8665466308594
2023-09-01,434.67578125
2023-09-05,432.7971496582031
2023-09-06,429.8877258300781
2023-09-07,428.5679016113281
2023-09-08,429.2132873535156
2023-09-11,432.0361022949219
2023-09-12,429.6661682128906
2023-09-13,430.1671142578125
2023-09-14,433.8761901855469
2023-09-15,428.6487121582031
2023-09-18,428.90008544921875
2023-09-19,428.0106201171875
2023-09-20,424.0758056640625
2023-09-21,417.0664978027344
2023-09-22,416.12872314453125
2023-09-25,417.87860107421875
2023-09-26,411.739501953125
2023-09-27,411.90374755859375
2023-09-28,414.29180908203125
2023-09-29,413.2862854003906
2023-10-02,413.1219177246094
2023-10-03,407.5919494628906
2023-10-04,410.55999755859375
2023-10-05,410.4053039550781
2023-10-06,415.2779541015625
2023-10-09,417.9366149902344
2023-10-10,420.1119079589844
2023-10-11,421.8327941894531
2023-10-12,419.2611083984375
2023-10-13,417.17279052734375
2023-10-16,421.56207275390625
2023-10-17,421.5427551269531
2023-10-18,415.9256896972656
2023-10-19,412.27117919921875
2023-10-20,407.2051696777344
2023-10-23,406.4993591308594
2023-10-24,409.56414794921875
2023-10-25,403.68603515625
2023-10-26,398.8520202636719
2023-10-27,397.04412841796875
2023-10-30,401.7911071777344
2023-10-31,404.314453125
2023-11-01,408.6263427734375
2023-11-02,416.4574279785156
2023-11-03,420.2569274902344
2023-11-06,421.2237548828125
2023-11-07,422.42254638671875
2023-11-08,422.73193359375
2023-11-09,419.43511962890625
2023-11-10,425.9803771972656
2023-11-13,425.57427978515625
2023-11-14,433.8307189941406
2023-11-15,434.7491760253906
2023-11-16,435.281005859375
2023-11-17,435.82232666015625
2023-11-20,439.1771545410156
2023-11-21,438.2199401855469
2023-11-22,439.91192626953125
2023-11-24,440.1825866699219
2023-11-27,439.38983154296875
2023-11-28,439.82489013671875
2023-11-29,439.5155029296875
2023-11-30,441.24603271484375
2023-12-01,443.8564147949219
2023-12-04,441.52642822265625
2023-12-05,441.4394226074219
2023-12-06,439.66058349609375
2023-12-07,443.01531982421875
2023-12-08,444.919921875
2023-12-11,446.65045166015625
2023-12-12,448.6904296875
2023-12-13,454.8778991699219
2023-12-14,456.3377685546875
2023-12-15,455.58642578125
2023-12-18,458.14910888671875
2023-12-19,460.93505859375
2023-12-20,454.54779052734375
2023-12-21,458.85772705078125
2023-12-22,459.7799072265625
2023-12-26,461.7213439941406
2023-12-27,462.55615234375
2023-12-28,462.7308654785156
2023-12-29,461.39129638671875
2024-01-02,458.8092041015625
2024-01-03,455.0622253417969
2024-01-04,453.5964660644531
2024-01-05,454.21771240234375
2024-01-08,460.7021179199219
2024-01-09,460.0032043457031
2024-01-10,462.60467529296875
2024-01-11,462.4008483886719
2024-01-12,462.7211608886719
2024-01-16,461.02252197265625
2024-01-17,458.4598083496094
2024-01-18,462.5367431640625
2024-01-19,468.30279541015625
2024-01-22,469.29296875
2024-01-23,470.6615905761719
2024-01-24,471.1761474609375
2024-01-25,473.73883056640625
2024-01-26,473.136962890625
2024-01-29,476.8839416503906
2024-01-30,476.5150451660156
2024-01-31,468.7396545410156
2024-02-01,474.8745422363281
2024-02-02,479.87371826171875
2024-02-05,478.12646484375
2024-02-06,479.5146179199219
2024-02-07,483.51397705078125
2024-02-08,483.7275390625
2024-02-09,486.5231628417969
2024-02-12,486.30963134765625
2024-02-13,479.6116638183594
2024-02-14,483.97015380859375
2024-02-15,487.3094787597656
2024-02-16,484.8826904296875
2024-02-20,482.2132263183594
2024-02-21,482.6500244140625
2024-02-22,492.6386413574219
2024-02-23,492.97845458984375
2024-02-26,491.17291259765625
2024-02-27,492.0853576660156
2024-02-28,491.43505859375
2024-02-29,493.2016906738281
2024-03-01,497.83203125
2024-03-04,497.29815673828125
2024-03-05,492.328125
2024-03-06,494.82281494140625
2024-03-07,499.734619140625
2024-03-08,496.7351379394531
2024-03-11,496.3080139160156
2024-03-12,501.6469421386719
2024-03-13,500.860595703125
2024-03-14,499.8704833984375
2024-03-15,496.43817138671875
2024-03-18,499.3885192871094
2024-03-19,502.1637268066406
2024-03-20,506.8082580566406
2024-03-21,508.483154296875
2024-03-22,507.51922607421875
2024-03-25,506.1170349121094
2024-03-26,505.1822814941406
2024-03-27,509.427734375
2024-03-28,509.3304138183594
2024-04-01,508.44427490234375
2024-04-02,505.21148681640625
2024-04-03,505.7664489746094
2024-04-04,499.5930480957031
2024-04-05,504.81219482421875
2024-04-08,505.0945739746094
2024-04-09,505.6788635253906
2024-04-10,500.61541748046875
2024-04-11,504.39349365234375
2024-04-12,497.4313659667969
2024-04-15,491.1994323730469
2024-04-16,490.3035888671875
2024-04-17,487.40185546875
2024-04-18,486.39892578125
2024-04-19,482.15350341796875
2024-04-22,486.59368896484375
2024-04-23,492.3679504394531
2024-04-24,492.1342468261719
2024-04-25,490.2646484375
2024-04-26,494.9093322753906
2024-04-29,496.662109375
2024-04-30,488.7943115234375
2024-05-01,487.2071533203125
2024-05-02,491.76422119140625
2024-05-03,497.85980224609375
2024-05-06,503.0010986328125
2024-05-07,503.55609130859375
2024-05-08,503.6047668457031
2024-05-09,506.5064392089844
2024-05-10,507.158935546875
2024-05-13,507.22705078125
2024-05-14,509.5542907714844
2024-05-15,515.8641357421875
2024-05-16,514.8026733398438
2024-05-17,515.5427856445312
2024-05-20,516.13671875
2024-05-21,517.402587890625
2024-05-22,515.9127807617188
2024-05-23,512.1444091796875
2024-05-24,515.5330200195312
2024-05-28,515.8932495117188
2024-05-29,512.28076171875
2024-05-30,508.8824157714844
2024-05-31,513.517333984375
2024-06-03,513.9360961914062
2024-06-04,514.5106201171875
2024-06-05,520.6256713867188
2024-06-06,520.615966796875
2024-06-07,519.9830322265625
2024-06-10,521.589599609375
2024-06-11,522.8457641601562
2024-06-12,527.1399536132812
2024-06-13,528.2012939453125
2024-06-14,528.5227661132812
2024-06-17,532.7291259765625
2024-06-18,534.0826416015625
2024-06-20,532.6317138671875
2024-06-21,531.9177856445312
2024-06-24,530.1886596679688
2024-06-25,532.2302856445312
2024-06-26,532.89453125
2024-06-27,533.7346801757812
2024-06-28,531.6344604492188
2024-07-01,532.7284545898438
2024-07-02,536.3136596679688
2024-07-03,538.7069702148438
2024-07-05,541.8134155273438
2024-07-08,542.4385986328125
2024-07-09,542.9661254882812
2024-07-10,548.3388671875
2024-07-11,543.6107788085938
2024-07-12,547.0396728515625
2024-07-15,548.5440673828125
2024-07-16,551.7969970703125
2024-07-17,544.0601806640625
2024-07-18,539.8792114257812
2024-07-19,536.2940673828125
2024-07-22,541.8232421875
2024-07-23,540.9732666015625
2024-07-24,528.7135009765625
2024-07-25,525.9586791992188
2024-07-26,531.849365234375
2024-07-29,532.1619262695312
2024-07-30,529.4657592773438
2024-07-31,538.0719604492188
2024-08-01,530.4523315429688
2024-08-02,520.5762329101562
2024-08-05,505.4150695800781
2024-08-06,510.0747375488281
2024-08-07,506.66546630859375
2024-08-08,518.3782958984375
2024-08-09,520.6640625
2024-08-12,520.9376220703125
2024-08-13,529.5048217773438
2024-08-14,531.17529296875
2024-08-15,540.2797241210938
2024-08-16,541.4910278320312
2024-08-19,546.6685180664062
2024-08-20,545.7794799804688
2024-08-21,547.6551513671875
2024-08-22,543.3568725585938
2024-08-23,549.1301879882812
2024-08-26,547.8212280273438
2024-08-27,548.5734252929688
2024-08-28,545.3887939453125
2024-08-29,545.4376220703125
2024-08-30,550.6444091796875
2024-09-03,539.3126220703125
2024-09-04,538.208740234375
2024-09-05,536.899658203125
2024-09-06,527.8636474609375
2024-09-09,533.773681640625
2024-09-10,536.0986938476562
2024-09-11,541.5985107421875
2024-09-12,546.1605834960938
2024-09-13,549.0130615234375
2024-09-16,549.8237915039062
2024-09-17,550.0485229492188
2024-09-18,548.4171142578125
2024-09-19,557.7755126953125
2024-09-20,556.8114013671875
2024-09-23,558.2027587890625
2024-09-24,559.7999267578125
2024-09-25,558.5653076171875
2024-09-26,560.77978515625
2024-09-27,559.9664916992188
2024-09-30,562.21044921875
2024-10-01,557.1738891601562
2024-10-02,557.4090576171875
2024-10-03,556.3900146484375
2024-10-04,561.4461059570312
2024-10-07,556.370361328125
2024-10-08,561.63232421875
2024-10-09,565.5223999023438
2024-10-10,564.53271484375
2024-10-11,567.9132080078125
2024-10-14,572.557861328125
2024-10-15,568.1092529296875
2024-10-16,570.5785522460938
2024-10-17,570.6275024414062
2024-10-18,572.8224487304688
2024-10-21,571.8817138671875
2024-10-22,571.5780029296875
2024-10-23,566.355224609375
2024-10-24,567.5801391601562
2024-10-25,567.3841552734375
2024-10-28,569.1381225585938
2024-10-29,570.0592651367188
2024-10-30,568.3345947265625
2024-10-31,557.1934814453125
2024-11-01,559.545166015625
2024-11-04,558.3399047851562
2024-11-05,565.09130859375
2024-11-06,579.142578125
2024-11-07,583.6205444335938
2024-11-08,586.148681640625
2024-11-11,586.7071533203125
2024-11-12,584.8846435546875
2024-11-13,585.1688232421875
2024-11-14,581.4061279296875
2024-11-15,573.9591064453125
2024-11-18,576.3107299804688
2024-11-19,578.41748046875
2024-11-20,578.6133422851562
2024-11-21,581.7196044921875
2024-11-22,583.5226440429688
2024-11-25,585.501953125
2024-11-26,588.55908203125
2024-11-27,586.7757568359375
2024-11-29,590.4208374023438
2024-12-02,591.4791870117188
2024-12-03,591.7534790039062
2024-12-04,595.427978515625
2024-12-05,594.4481811523438
2024-12-06,595.5750732421875
2024-12-09,592.5079956054688
2024-12-10,590.6658325195312
2024-12-11,595.2320556640625
2024-12-12,592.1651000976562
2024-12-13,592.0474853515625
2024-12-16,594.5755004882812
2024-12-17,592.1257934570312
2024-12-18,574.4784545898438
2024-12-19,574.3020629882812
2024-12-20,581.2000122070312
2024-12-23,584.6802978515625
2024-12-24,591.1790771484375
2024-12-26,591.2184448242188
2024-12-27,584.9949340820312
2024-12-30,578.3192749023438
2024-12-31,576.21533203125
2025-01-02,574.7994995117188
2025-01-03,581.9864501953125
2025-01-06,585.3390502929688
2025-01-07,578.7223510742188
2025-01-08,579.56787109375
2025-01-10,570.7194213867188
2025-01-13,571.6043090820312
2025-01-14,572.3906860351562
2025-01-15,582.8025512695312
2025-01-16,581.6817016601562
2025-01-17,587.521728515625
2025-01-21,592.8995971679688
2025-01-22,596.232666015625
2025-01-23,599.4868774414062
2025-01-24,597.73681640625
2025-01-27,589.2815551757812
2025-01-28,594.344970703125
2025-01-29,591.680419921875
2025-01-30,594.856201171875
2025-01-31,591.6903686523438
2025-02-03,587.7085571289062
2025-02-04,591.651123046875
2025-02-05,594.0498657226562
2025-02-06,596.1145629882812
2025-02-07,590.6580200195312
2025-02-10,594.66943359375
2025-02-11,595.1217041015625
2025-02-12,593.2044067382812
2025-02-13,599.4672241210938
2025-02-14,599.4376831054688
2025-02-18,601.1976318359375
2025-02-19,602.6134033203125
2025-02-20,600.1063232421875
2025-02-21,589.8419799804688
2025-02-24,587.1580200195312
2025-02-25,584.2378540039062
2025-02-26,584.5328979492188
2025-02-27,575.2025146484375
2025-02-28,584.178955078125
2025-03-03,573.9441528320312
2025-03-04,567.1504516601562
2025-03-05,573.2462158203125
2025-03-06,563.0702514648438
2025-03-07,566.226318359375
2025-03-10,551.1444702148438
2025-03-11,546.5629272460938
2025-03-12,549.4631958007812
2025-03-13,542.1386108398438
2025-03-14,553.3369750976562
2025-03-17,557.6039428710938
2025-03-18,551.5770874023438
2025-03-19,557.5842895507812
2025-03-20,555.9718627929688
2025-03-21,556.1553344726562
2025-03-24,566.1151733398438
2025-03-25,567.47607421875
2025-03-26,560.7013549804688
2025-03-27,559.2122802734375
2025-03-28,547.95068359375
2025-03-31,551.62890625
2025-04-01,553.1869506835938
2025-04-02,556.6878051757812
2025-04-03,529.2537231445312
2025-04-04,498.2696533203125
2025-04-07,497.38214111328125
2025-04-08,489.5917663574219
2025-04-09,541.0083618164062
2025-04-10,517.3019409179688
2025-04-11,526.5321044921875
2025-04-14,531.6401977539062
2025-04-15,530.151123046875
2025-04-16,518.3668823242188
2025-04-17,519.1064453125
2025-04-21,506.7503356933594
2025-04-22,519.9348754882812
2025-04-23,527.9915161132812
2025-04-24,539.1051635742188
2025-04-25,543.0004272460938
2025-04-28,543.2074584960938
2025-04-29,546.6292114257812
2025-04-30,546.8462524414062
2025-05-01,550.7217407226562
2025-05-02,558.8966674804688
2025-05-05,555.6917114257812
2025-05-06,551.047119140625
2025-05-07,553.3645629882812
2025-05-08,557.2202758789062
2025-05-09,556.5103759765625
2025-05-12,574.9015502929688
2025-05-13,578.6981201171875
2025-05-14,579.4378051757812
2025-05-15,582.2678833007812
2025-05-16,585.9559936523438
2025-05-19,586.5969848632812
2025-05-20,584.6246948242188
2025-05-21,574.7733154296875
2025-05-22,575.0000610351562
2025-05-23,571.0753784179688
2025-05-27,582.9483642578125
2025-05-28,579.5757446289062
2025-05-29,581.863525390625
2025-05-30,581.2127685546875
2025-06-02,584.4866943359375
2025-06-03,587.8197631835938
2025-06-04,587.6619262695312
2025-06-05,584.8218994140625
2025-06-06,590.8274536132812
2025-06-09,591.3599243164062
2025-06-10,594.7128295898438
2025-06-11,593.0166015625
2025-06-12,595.3734130859375
2025-06-13,588.7171020507812
2025-06-16,594.318359375
2025-06-17,589.23974609375
2025-06-18,589.1510009765625
2025-06-20,587.7673950195312
2025-06-23,593.572998046875
2025-06-24,600.1304321289062
2025-06-25,600.4667358398438
2025-06-26,605.1646118164062
2025-06-27,608.1713256835938
2025-06-30,611.0791015625
2025-07-01,610.8812255859375
2025-07-02,613.6505737304688
2025-07-03,618.4869995117188
2025-07-07,613.8780517578125
2025-07-08,613.5418701171875
2025-07-09,617.220947265625
2025-07-10,618.9617309570312
2025-07-11,616.7857666015625
2025-07-14,617.9627685546875
2025-07-15,615.322021484375
2025-07-16,617.3792724609375
2025-07-17,621.1573486328125
2025-07-18,620.7025146484375
2025-07-21,621.8794555664062
2025-07-22,621.9684448242188
2025-07-23,627.259765625
2025-07-24,627.4674072265625
2025-07-25,630.1181030273438
2025-07-28,629.9598999023438
2025-07-29,628.2982788085938
2025-07-30,627.5070190429688
2025-07-31,625.1531372070312
2025-08-01,614.9066162109375
2025-08-04,624.2530517578125
2025-08-05,621.0880737304688
2025-08-06,625.845458984375
2025-08-07,625.3211669921875
2025-08-08,630.197265625
2025-08-11,628.9509887695312
2025-08-12,635.6468505859375
2025-08-13,637.82275390625
2025-08-14,637.882080078125
2025-08-15,636.388671875
2025-08-18,636.2501831054688
2025-08-19,632.7984008789062
2025-08-20,631.1170043945312
2025-08-21,628.5850830078125
2025-08-22,638.2381591796875
2025-08-25,635.42919921875
2025-08-26,638.0897216796875
2025-08-27,639.543701171875
2025-08-28,641.8085327148438
2025-08-29,637.98095703125
2025-09-02,633.2533569335938
2025-09-03,636.685302734375
2025-09-04,642.00634765625
2025-09-05,640.1469116210938
2025-09-08,641.719482421875
2025-09-09,643.203125
2025-09-10,645.0624389648438
2025-09-11,650.4231567382812
2025-09-12,650.20556640625
2025-09-15,653.6671142578125
2025-09-16,652.76708984375
2025-09-17,651.9561767578125
2025-09-18,655.0023803710938
2025-09-19,658.2465209960938
2025-09-22,661.3607177734375
2025-09-23,657.7605590820312
2025-09-24,655.6678466796875
2025-09-25,652.6429443359375
2025-09-26,656.3818969726562
2025-09-29,658.2266845703125
2025-09-30,660.7060546875
2025-10-01,662.9574584960938
2025-10-02,663.7210693359375
2025-10-03,663.7113037109375
2025-10-06,666.0914916992188
2025-10-07,663.6220092773438
2025-10-08,667.5791625976562
2025-10-09,665.6452026367188
2025-10-10,647.6542358398438
2025-10-13,657.5919189453125
2025-10-14,656.78857421875
2025-10-15,659.7044067382812
2025-10-16,655.211669921875
2025-10-17,658.9308471679688
2025-10-20,665.7840576171875
2025-10-21,665.7741088867188
2025-10-22,662.312744140625
2025-10-23,666.2402954101562
2025-10-24,671.6851806640625
2025-10-27,679.6094970703125
2025-10-28,681.41455078125
2025-10-29,681.7418212890625
2025-10-30,674.2440185546875
2025-10-31,676.4556884765625
2025-11-03,677.7251586914062
2025-11-04,669.691650390625
2025-11-05,672.012451171875
2025-11-06,664.80224609375
2025-11-07,665.4567260742188
2025-11-10,675.8406982421875
2025-11-11,677.387939453125
2025-11-12,677.7647705078125
2025-11-13,666.5180053710938
2025-11-14,666.4088134765625
2025-11-17,660.2003173828125
2025-11-18,654.65625
2025-11-19,657.185302734375
2025-11-20,647.1683349609375
2025-11-21,653.6148681640625
2025-11-24,663.2351684570312
2025-11-25,669.4735107421875
2025-11-26,674.09521484375
2025-11-28,677.7747192382812
2025-12-01,674.6803588867188
2025-12-02,675.9299926757812
2025-12-03,678.2706298828125
2025-12-04,678.7665405273438
2025-12-05,680.0557861328125
2025-12-08,678.0127563476562
2025-12-09,677.4276123046875
2025-12-10,681.9203491210938
2025-12-11,683.5072021484375
2025-12-12,676.1581420898438
2025-12-15,675.1365966796875
2025-12-16,673.2918701171875
2025-12-17,665.8832397460938
2025-12-18,670.9114990234375
2025-12-19,676.9923095703125
2025-12-22,681.2098388671875
2025-12-23,684.3233032226562
2025-12-24,686.7305297851562
2025-12-26,686.660888671875
2025-12-29,684.2138671875
2025-12-30,683.3782958984375
2025-12-31,678.3152465820312
2026-01-02,679.55859375
2026-01-05,684.0845947265625
2026-01-06,688.1529541015625
2026-01-07,685.9347534179688
2026-01-08,685.8651123046875
2026-01-09,690.4010009765625
2026-01-12,691.4852294921875
2026-01-13,690.1026000976562
2026-01-14,686.7105712890625
2026-01-15,688.5806884765625
2026-01-16,688.0037231445312
2026-01-20,673.9981689453125
2026-01-21,681.77685546875
2026-01-22,685.3379516601562
2026-01-23,685.5865478515625
2026-01-26,689.068115234375
2026-01-27,691.8134765625
2026-01-28,691.7438354492188
2026-01-29,690.3711547851562
2026-01-30,688.3121337890625
2026-02-02,691.73388671875
2026-02-03,685.885009765625
2026-02-04,682.5626831054688
2026-02-05,674.0379638671875
2026-02-06,686.96923828125
2026-02-09,690.2816162109375
2026-02-10,688.4613037109375
2026-02-11,688.3021850585938
2026-02-12,677.668701171875
2026-02-13,678.1461181640625
2026-02-17,679.2402954101562
2026-02-18,682.662109375
2026-02-19,680.8616943359375
2026-02-20,685.7855834960938
2026-02-23,678.7827758789062
2026-02-24,683.7164916992188
2026-02-25,689.4859008789062
2026-02-26,685.6561889648438
2026-02-27,682.3637084960938
2026-03-02,682.7516479492188
2026-03-03,676.7337036132812
2026-03-04,681.50830078125
2026-03-05,677.7084350585938
2026-03-06,668.8256225585938
2026-03-09,674.6845092773438
2026-03-10,673.6002807617188
2026-03-11,672.7548217773438
2026-03-12,662.5390625
2026-03-13,658.7890014648438
2026-03-16,665.493408203125
2026-03-17,667.2440185546875
2026-03-18,657.9335327148438
2026-03-19,656.3121337890625
2026-03-20,646.9034423828125
2026-03-23,653.6959228515625
2026-03-24,651.5015869140625
2026-03-25,655.1322021484375
2026-03-26,643.432373046875
2026-03-27,632.4606323242188
2026-03-30,630.3460693359375
2026-03-31,648.6688842773438
2026-04-01,653.5562744140625
2026-04-02,654.144775390625
2026-04-06,657.23681640625
2026-04-07,657.5260009765625
2026-04-08,674.27294921875
2026-04-09,678.162841796875
2026-04-10,677.7140502929688
2026-04-13,684.3369750976562
2026-04-14,692.675537109375
2026-04-15,698.1414184570312
2026-04-16,699.8569946289062
2026-04-17,708.3152465820312
2026-04-20,706.8988037109375
2026-04-21,702.2708129882812
2026-04-22,709.3825073242188
2026-04-23,706.6295776367188
2026-04-24,712.10546875
2026-04-27,713.332275390625
2026-04-28,709.8612060546875
2026-04-29,709.7515258789062
2026-04-30,716.8132934570312
2026-05-01,718.7982177734375
2026-05-04,716.1649780273438
2026-05-05,721.9102172851562
2026-05-06,731.9443359375
2026-05-07,729.7001342773438
2026-05-08,735.724609375
2026-05-11,737.4002685546875
2026-05-12,736.2831420898438
2026-05-13,740.4025268554688
2026-05-14,746.2474975585938
2026-05-15,737.2706298828125
2026-05-18,736.751953125
2026-05-19,731.8446044921875
2026-05-20,739.3452758789062
2026-05-21,740.8114624023438
2026-05-22,743.7239990234375
2026-05-26,748.6613159179688
2026-05-27,748.5316162109375
2026-05-28,752.6609497070312
2026-05-29,754.5361328125
2026-06-01,756.5908203125
2026-06-02,757.6182250976562
2026-06-03,752.3018798828125
2026-06-04,755.1445922851562
2026-06-05,735.65478515625
2026-06-08,737.3204345703125
2026-06-09,735.1560668945312
2026-06-10,723.56591796875
2026-06-11,735.8642578125
2026-06-12,739.843994140625
2026-06-15,752.890380859375
2026-06-16,748.4019775390625
2026-06-17,739.0560302734375
2026-06-18,746.739990234375
2026-06-22,744.3900146484375
2026-06-23,733.5800170898438
2026-06-24,733.239990234375
2026-06-25,734.2999877929688
2026-06-26,728.989990234375
2026-06-29,741.0
2026-06-30,746.77001953125
2026-07-01,745.760009765625
2026-07-02,744.780029296875
2026-07-06,751.280029296875
2026-07-07,747.7100219726562
2026-07-08,745.4000244140625
2026-07-09,751.7100219726562
2026-07-10,754.9500122070312
2026-07-13,749.1699829101562
2026-07-14,751.8300170898438
2026-07-15,754.8099975585938
2026-07-16,750.719970703125
2026-07-17,743.2899780273438
2026-07-20,742.0900268554688
2026-07-21,748.280029296875
2026-07-22,747.4099731445312
2026-07-23,738.1799926757812
2026-07-24,738.8900146484375
