Date,Close
2011-01-03,96.67910766601562
2011-01-04,96.62582397460938
2011-01-05,97.12808227539062
2011-01-06,96.93782806396484
2011-01-07,96.74756622314453
2011-01-10,96.62582397460938
2011-01-11,96.96826934814453
2011-01-12,97.8433609008789
2011-01-13,97.68354797363281
2011-01-14,98.3912582397461
2011-01-18,98.5586929321289
2011-01-19,97.59225463867188
2011-01-20,97.46287536621094
2011-01-21,97.68354797363281
2011-01-24,98.23904418945312
2011-01-25,98.29232788085938
2011-01-26,98.67278289794922
2011-01-27,98.9162826538086
2011-01-28,97.18895721435547
2011-01-31,97.91946411132812
2011-02-01,99.48699951171875
2011-02-02,99.29676818847656
2011-02-03,99.51746368408203
2011-02-04,99.79900360107422
2011-02-07,100.42301177978516
2011-02-08,100.87957000732422
2011-02-09,100.65127563476562
2011-02-10,100.6893310546875
2011-02-11,101.29048919677734
2011-02-14,101.53398132324219
2011-02-15,101.2143783569336
2011-02-16,101.85357666015625
2011-02-17,102.15795135498047
2011-02-18,102.37105560302734
2011-02-22,100.31644439697266
2011-02-23,99.70010375976562
2011-02-24,99.631591796875
2011-02-25,100.69690704345703
2011-02-28,101.32091522216797
2011-03-01,99.631591796875
2011-03-02,99.84463500976562
2011-03-03,101.5644302368164
2011-03-04,100.80345916748047
2011-03-07,100.01207733154297
2011-03-08,100.88719940185547
2011-03-09,100.7425765991211
2011-03-10,98.87823486328125
2011-03-11,99.56311798095703
2011-03-14,98.9619369506836
2011-03-15,97.82811737060547
2011-03-16,96.01708984375
2011-03-17,97.287841796875
2011-03-18,97.6417007446289
2011-03-21,99.15496826171875
2011-03-22,98.81101989746094
2011-03-23,99.09380340576172
2011-03-24,100.04149627685547
2011-03-25,100.34720611572266
2011-03-28,100.1026382446289
2011-03-29,100.77518463134766
2011-03-30,101.47065734863281
2011-03-31,101.33309936523438
2011-04-01,101.76106262207031
2011-04-04,101.84513854980469
2011-04-05,101.82986450195312
2011-04-06,102.1508560180664
2011-04-07,101.89099884033203
2011-04-08,101.53945922851562
2011-04-11,101.23371887207031
2011-04-12,100.47714233398438
2011-04-13,100.46949005126953
2011-04-14,100.54590606689453
2011-04-15,100.91270446777344
2011-04-18,99.7816390991211
2011-04-19,100.3548355102539
2011-04-20,101.72286224365234
2011-04-21,102.24253845214844
2011-04-25,102.13557434082031
2011-04-26,103.01445007324219
2011-04-27,103.68701934814453
2011-04-28,104.02330780029297
2011-04-29,104.26782989501953
2011-05-02,104.10736083984375
2011-05-03,103.73284912109375
2011-05-04,103.04503631591797
2011-05-05,102.11260986328125
2011-05-06,102.56352996826172
2011-05-09,102.96097564697266
2011-05-10,103.83985900878906
2011-05-11,102.74694061279297
2011-05-12,103.2361068725586
2011-05-13,102.4412841796875
2011-05-16,101.79164123535156
2011-05-17,101.77635192871094
2011-05-18,102.68582153320312
2011-05-19,102.93035125732422
2011-05-20,102.11260986328125
2011-05-23,100.92802429199219
2011-05-24,100.84396362304688
2011-05-25,101.18022918701172
2011-05-26,101.64642333984375
2011-05-27,102.03620910644531
2011-05-31,103.09852600097656
2011-06-01,100.78279113769531
2011-06-02,100.67581176757812
2011-06-03,99.67464447021484
2011-06-06,98.61996459960938
2011-06-07,98.558837890625
2011-06-08,98.1461181640625
2011-06-09,98.89508056640625
2011-06-10,97.51944732666016
2011-06-13,97.59588623046875
2011-06-14,98.8339614868164
2011-06-15,97.076171875
2011-06-16,97.29016876220703
2011-06-17,97.58049774169922
2011-06-20,98.07971954345703
2011-06-21,99.42377471923828
2011-06-22,98.82476043701172
2011-06-23,98.5405502319336
2011-06-24,97.3961410522461
2011-06-27,98.26403045654297
2011-06-28,99.54669189453125
2011-06-29,100.39921569824219
2011-06-30,101.3592758178711
2011-07-01,102.85698699951172
2011-07-05,102.7724838256836
2011-07-06,102.8953857421875
2011-07-07,103.96297454833984
2011-07-08,103.22560119628906
2011-07-11,101.3592758178711
2011-07-12,100.92149353027344
2011-07-13,101.2594223022461
2011-07-14,100.56050109863281
2011-07-15,101.1442642211914
2011-07-18,100.31472778320312
2011-07-19,101.9429931640625
2011-07-20,101.88157653808594
2011-07-21,103.29473876953125
2011-07-22,103.36388397216797
2011-07-25,102.78783416748047
2011-07-26,102.40380096435547
2011-07-27,100.30708312988281
2011-07-28,100.01520538330078
2011-07-29,99.33164978027344
2011-08-01,98.90918731689453
2011-08-02,96.38230895996094
2011-08-03,96.90457916259766
2011-08-04,92.3654556274414
2011-08-05,92.22721099853516
2011-08-08,86.22102355957031
2011-08-09,90.23027038574219
2011-08-10,86.24410247802734
2011-08-11,90.11505126953125
2011-08-12,90.72180938720703
2011-08-15,92.64190673828125
2011-08-16,91.85083770751953
2011-08-17,91.91229248046875
2011-08-18,87.94915771484375
2011-08-19,86.51290130615234
2011-08-22,86.58204650878906
2011-08-23,89.43148803710938
2011-08-24,90.69108581542969
2011-08-25,89.30860137939453
2011-08-26,90.60662841796875
2011-08-29,93.21029663085938
2011-08-30,93.45606994628906
2011-08-31,93.8708267211914
2011-09-01,92.88770294189453
2011-09-02,90.51441192626953
2011-09-06,89.8538818359375
2011-09-07,92.38849639892578
2011-09-08,91.42840576171875
2011-09-09,89.0321044921875
2011-09-12,89.6081314086914
2011-09-13,90.4299545288086
2011-09-14,91.6819076538086
2011-09-15,93.2640380859375
2011-09-16,93.8160400390625
2011-09-19,92.88190460205078
2011-09-20,92.77384185791016
2011-09-21,90.04085540771484
2011-09-22,87.13030242919922
2011-09-23,87.65532684326172
2011-09-26,89.7397689819336
2011-09-27,90.743408203125
2011-09-28,88.89054107666016
2011-09-29,89.59307098388672
2011-09-30,87.35420989990234
2011-10-03,84.86833190917969
2011-10-04,86.72889709472656
2011-10-05,88.33467864990234
2011-10-06,89.93275451660156
2011-10-07,89.3305892944336
2011-10-10,92.3183364868164
2011-10-11,92.4109878540039
2011-10-12,93.22158813476562
2011-10-13,93.03630065917969
2011-10-14,94.62665557861328
2011-10-17,92.82013702392578
2011-10-18,94.63439178466797
2011-10-19,93.51496124267578
2011-10-20,93.92413330078125
2011-10-21,95.70751190185547
2011-10-24,96.88095092773438
2011-10-25,94.99724578857422
2011-10-26,95.96224212646484
2011-10-27,99.30514526367188
2011-10-28,99.28195190429688
2011-10-31,96.88866424560547
2011-11-01,94.18663024902344
2011-11-02,95.72293853759766
2011-11-03,97.46770477294922
2011-11-04,96.87323760986328
2011-11-07,97.47542572021484
2011-11-08,98.72611999511719
2011-11-09,95.0821762084961
2011-11-10,95.97766876220703
2011-11-11,97.78422546386719
2011-11-14,96.8577880859375
2011-11-15,97.33647918701172
2011-11-16,95.79238891601562
2011-11-17,94.27153778076172
2011-11-18,94.17121124267578
2011-11-21,92.38009643554688
2011-11-22,92.01725769042969
2011-11-23,89.9868392944336
2011-11-25,89.81700897216797
2011-11-28,92.41871643066406
2011-11-29,92.68120574951172
2011-11-30,96.49494171142578
2011-12-01,96.47953033447266
2011-12-02,96.39459991455078
2011-12-05,97.4445571899414
2011-12-06,97.47542572021484
2011-12-07,97.8382797241211
2011-12-08,95.69204711914062
2011-12-09,97.31327819824219
2011-12-12,95.89278411865234
2011-12-13,94.99724578857422
2011-12-14,93.98590087890625
2011-12-15,94.32556915283203
2011-12-16,94.46544647216797
2011-12-19,93.4554443359375
2011-12-20,96.28341674804688
2011-12-21,96.46988677978516
2011-12-22,97.32447052001953
2011-12-23,98.19463348388672
2011-12-27,98.27233123779297
2011-12-28,96.98263549804688
2011-12-29,97.98486328125
2011-12-30,97.50314331054688
2012-01-03,99.0570297241211
2012-01-04,99.21239471435547
2012-01-05,99.47655487060547
2012-01-06,99.22016143798828
2012-01-09,99.46096801757812
2012-01-10,100.32339477539062
2012-01-11,100.37777709960938
2012-01-12,100.6186294555664
2012-01-13,100.09806823730469
2012-01-17,100.48651885986328
2012-01-18,101.59752655029297
2012-01-19,102.13362121582031
2012-01-20,102.5143051147461
2012-01-23,102.25015258789062
2012-01-24,102.13362121582031
2012-01-25,102.98824310302734
2012-01-26,102.45991516113281
2012-01-27,102.41329956054688
2012-01-30,102.06366729736328
2012-01-31,102.02484893798828
2012-02-01,102.91827392578125
2012-02-02,103.0813980102539
2012-02-03,104.52648162841797
2012-02-06,104.45657348632812
2012-02-07,104.7207260131836
2012-02-08,105.031494140625
2012-02-09,105.16358947753906
2012-02-10,104.38666534423828
2012-02-13,105.16358947753906
2012-02-14,105.031494140625
2012-02-15,104.54206848144531
2012-02-16,105.69962310791016
2012-02-17,105.97937774658203
2012-02-21,106.02594757080078
2012-02-22,105.68409729003906
2012-02-23,106.15025329589844
2012-02-24,106.38333129882812
2012-02-27,106.56201171875
2012-02-28,106.872802734375
2012-02-29,106.45330047607422
2012-03-01,107.0048828125
2012-03-02,106.67857360839844
2012-03-05,106.24348449707031
2012-03-06,104.68965911865234
2012-03-07,105.4199447631836
2012-03-08,106.46881103515625
2012-03-09,106.88054656982422
2012-03-12,106.88835144042969
2012-03-13,108.8150863647461
2012-03-14,108.69856262207031
2012-03-15,109.32781982421875
2012-03-16,109.4792251586914
2012-03-19,109.90840911865234
2012-03-20,109.5884780883789
2012-03-21,109.40906524658203
2012-03-22,108.62091064453125
2012-03-23,108.97201538085938
2012-03-26,110.50143432617188
2012-03-27,110.15813446044922
2012-03-28,109.61193084716797
2012-03-29,109.42464447021484
2012-03-30,109.87722778320312
2012-04-02,110.6809310913086
2012-04-03,110.22833251953125
2012-04-04,109.13591766357422
2012-04-05,109.081298828125
2012-04-09,107.85616302490234
2012-04-10,106.04582977294922
2012-04-11,106.9041748046875
2012-04-12,108.30093383789062
2012-04-13,107.01341247558594
2012-04-16,106.9432144165039
2012-04-17,108.52727508544922
2012-04-18,108.16050720214844
2012-04-19,107.46603393554688
2012-04-20,107.64544677734375
2012-04-23,106.74032592773438
2012-04-24,107.14608764648438
2012-04-25,108.6131362915039
2012-04-26,109.37000274658203
2012-04-27,109.5494613647461
2012-04-30,109.1436996459961
2012-05-01,109.82255554199219
2012-05-02,109.49486541748047
2012-05-03,108.65990447998047
2012-05-04,106.9041748046875
2012-05-07,106.98223114013672
2012-05-08,106.55306243896484
2012-05-09,105.9209976196289
2012-05-10,106.13946533203125
2012-05-11,105.81952667236328
2012-05-14,104.64903259277344
2012-05-15,104.04817962646484
2012-05-16,103.65023040771484
2012-05-17,102.11300659179688
2012-05-18,101.23906707763672
2012-05-21,102.97917938232422
2012-05-22,103.15860748291016
2012-05-23,103.21321868896484
2012-05-24,103.4161148071289
2012-05-25,103.08061218261719
2012-05-29,104.32910919189453
2012-05-30,102.81527709960938
2012-05-31,102.58901977539062
2012-06-01,100.00615692138672
2012-06-04,99.9593276977539
2012-06-05,100.71623229980469
2012-06-06,102.97917938232422
2012-06-07,103.04161071777344
2012-06-08,103.8609390258789
2012-06-11,102.54218292236328
2012-06-12,103.72042846679688
2012-06-13,103.05719757080078
2012-06-14,104.14966583251953
2012-06-15,105.21482849121094
2012-06-18,105.41873931884766
2012-06-19,106.43840789794922
2012-06-20,106.265869140625
2012-06-21,103.8813705444336
2012-06-22,104.68144989013672
2012-06-25,103.0029296875
2012-06-26,103.52058410644531
2012-06-27,104.45397186279297
2012-06-28,104.15592956542969
2012-06-29,106.75215148925781
2012-07-02,107.07373809814453
2012-07-03,107.77971649169922
2012-07-05,107.29338836669922
2012-07-06,106.27373504638672
2012-07-09,106.14038848876953
2012-07-10,105.21482849121094
2012-07-11,105.23050689697266
2012-07-12,104.72066497802734
2012-07-13,106.4776382446289
2012-07-16,106.22662353515625
2012-07-17,106.95613861083984
2012-07-18,107.7483139038086
2012-07-19,108.03068542480469
2012-07-20,107.04236602783203
2012-07-23,105.95997619628906
2012-07-24,105.05010223388672
2012-07-25,105.0736312866211
2012-07-26,106.80706024169922
2012-07-27,108.77582550048828
2012-07-30,108.77582550048828
2012-07-31,108.01496887207031
2012-08-01,107.92084503173828
2012-08-02,107.17571258544922
2012-08-03,109.30132293701172
2012-08-06,109.51312255859375
2012-08-07,110.06220245361328
2012-08-08,110.19554901123047
2012-08-09,110.2896728515625
2012-08-10,110.47001647949219
2012-08-13,110.41515350341797
2012-08-14,110.43083953857422
2012-08-15,110.55636596679688
2012-08-16,111.37211608886719
2012-08-17,111.52108001708984
2012-08-20,111.52901458740234
2012-08-21,111.19166564941406
2012-08-22,111.23873901367188
2012-08-23,110.32889556884766
2012-08-24,110.9955825805664
2012-08-27,111.0191421508789
2012-08-28,110.90929412841797
2012-08-29,110.9955825805664
2012-08-30,110.19554901123047
2012-08-31,110.7210464477539
2012-09-04,110.61908721923828
2012-09-05,110.52499389648438
2012-09-06,112.76825714111328
2012-09-07,113.20748901367188
2012-09-10,112.56432342529297
2012-09-11,112.87808990478516
2012-09-12,113.25452423095703
2012-09-13,114.98017120361328
2012-09-14,115.48997497558594
2012-09-17,115.0977783203125
2012-09-18,115.003662109375
2012-09-19,115.06645202636719
2012-09-20,115.07429504394531
2012-09-21,115.02616119384766
2012-09-24,114.85267639160156
2012-09-25,113.63044738769531
2012-09-26,112.99174499511719
2012-09-27,114.0562515258789
2012-09-28,113.5279541015625
2012-10-01,113.82752990722656
2012-10-02,113.9458999633789
2012-10-03,114.41114044189453
2012-10-04,115.23126220703125
2012-10-05,115.23905181884766
2012-10-08,114.84477996826172
2012-10-09,113.70932006835938
2012-10-10,112.98387145996094
2012-10-11,113.04691314697266
2012-10-12,112.67633056640625
2012-10-15,113.61468505859375
2012-10-16,114.76593017578125
2012-10-17,115.28639221191406
2012-10-18,114.98677062988281
2012-10-19,113.07058715820312
2012-10-22,113.08637237548828
2012-10-23,111.51709747314453
2012-10-24,111.20172119140625
2012-10-25,111.5250244140625
2012-10-26,111.46197509765625
2012-10-31,111.46197509765625
2012-11-01,112.62901306152344
2012-11-02,111.62760162353516
2012-11-05,111.85619354248047
2012-11-06,112.73148345947266
2012-11-07,110.17658996582031
2012-11-08,108.85181427001953
2012-11-09,108.94645690917969
2012-11-12,109.03319549560547
2012-11-13,108.65467071533203
2012-11-14,107.18795776367188
2012-11-15,107.00660705566406
2012-11-16,107.53495788574219
2012-11-19,109.71134185791016
2012-11-20,109.75870513916016
2012-11-21,109.96368408203125
2012-11-23,111.46197509765625
2012-11-26,111.22537231445312
2012-11-27,110.6575927734375
2012-11-28,111.54869079589844
2012-11-29,112.069091796875
2012-11-30,112.0927734375
2012-12-03,111.54076385498047
2012-12-04,111.38304138183594
2012-12-05,111.58023071289062
2012-12-06,111.95873260498047
2012-12-07,112.2978286743164
2012-12-10,112.34513092041016
2012-12-11,113.1100082397461
2012-12-12,113.16521453857422
2012-12-13,112.47129821777344
2012-12-14,112.05331420898438
2012-12-17,113.3702392578125
2012-12-18,114.63188934326172
2012-12-19,113.78028106689453
2012-12-20,114.43476867675781
2012-12-21,113.39605712890625
2012-12-24,113.04659271240234
2012-12-26,112.57009887695312
2012-12-27,112.41927337646484
2012-12-28,111.2042236328125
2012-12-31,113.09431457519531
2013-01-02,115.99295043945312
2013-01-03,115.73080444335938
2013-01-04,116.23905181884766
2013-01-07,115.92143249511719
2013-01-08,115.58790588378906
2013-01-09,115.88170623779297
2013-01-10,116.80296325683594
2013-01-11,116.79496765136719
2013-01-14,116.71556854248047
2013-01-15,116.79496765136719
2013-01-16,116.779052734375
2013-01-17,117.53352355957031
2013-01-18,117.79560089111328
2013-01-22,118.43096160888672
2013-01-23,118.62147521972656
2013-01-24,118.65326690673828
2013-01-25,119.32040405273438
2013-01-28,119.17742156982422
2013-01-29,119.64598083496094
2013-01-30,119.17742156982422
2013-01-31,118.883544921875
2013-02-01,120.1065444946289
2013-02-04,118.75651550292969
2013-02-05,119.95565795898438
2013-02-06,120.04303741455078
2013-02-07,119.88420867919922
2013-02-08,120.55128479003906
2013-02-11,120.52747344970703
2013-02-12,120.72604370117188
2013-02-13,120.8292007446289
2013-02-14,120.94044494628906
2013-02-15,120.79745483398438
2013-02-19,121.7027587890625
2013-02-20,120.18596649169922
2013-02-21,119.45538330078125
2013-02-22,120.62271881103516
2013-02-25,118.32770538330078
2013-02-26,119.13772583007812
2013-02-27,120.63862609863281
2013-02-28,120.40042877197266
2013-03-01,120.79745483398438
2013-03-04,121.4406967163086
2013-03-05,122.5286865234375
2013-03-06,122.69552612304688
2013-03-07,122.9178695678711
2013-03-08,123.44196319580078
2013-03-11,123.91051483154297
2013-03-12,123.63258361816406
2013-03-13,123.80728149414062
2013-03-14,124.46644592285156
2013-03-15,124.30207824707031
2013-03-18,123.61610412597656
2013-03-19,123.32899475097656
2013-03-20,124.1904296875
2013-03-21,123.12947082519531
2013-03-22,124.11863708496094
2013-03-25,123.6001205444336
2013-03-26,124.5892562866211
2013-03-27,124.5892562866211
2013-03-28,124.97215270996094
2013-04-01,124.47760772705078
2013-04-02,125.09181213378906
2013-04-03,123.82350158691406
2013-04-04,124.32608032226562
2013-04-05,123.76769256591797
2013-04-08,124.60521697998047
2013-04-09,125.03601837158203
2013-04-10,126.56755065917969
2013-04-11,126.98224639892578
2013-04-12,126.67119598388672
2013-04-15,123.73575592041016
2013-04-16,125.56250762939453
2013-04-17,123.727783203125
2013-04-18,122.95402526855469
2013-04-19,124.02288055419922
2013-04-22,124.57332611083984
2013-04-23,125.85759735107422
2013-04-24,125.9373550415039
2013-04-25,126.44786834716797
2013-04-26,126.22454833984375
2013-04-29,127.070068359375
2013-04-30,127.37313079833984
2013-05-01,126.25634765625
2013-05-02,127.42898559570312
2013-05-03,128.7212371826172
2013-05-06,129.04830932617188
2013-05-07,129.70237731933594
2013-05-08,130.29269409179688
2013-05-09,129.92575073242188
2013-05-10,130.34849548339844
2013-05-13,130.45220947265625
2013-05-14,131.80029296875
2013-05-15,132.5101776123047
2013-05-16,131.88803100585938
2013-05-17,133.164306640625
2013-05-20,133.15635681152344
2013-05-21,133.3477783203125
2013-05-22,132.35861206054688
2013-05-23,131.97572326660156
2013-05-24,131.86410522460938
2013-05-28,132.65374755859375
2013-05-29,131.79222106933594
2013-05-30,132.2788848876953
2013-05-31,130.3804473876953
2013-06-03,131.0983123779297
2013-06-04,130.4681396484375
2013-06-05,128.64146423339844
2013-06-06,129.80604553222656
2013-06-07,131.457275390625
2013-06-10,131.457275390625
2013-06-11,130.10121154785156
2013-06-12,129.02439880371094
2013-06-13,130.98667907714844
2013-06-14,130.1650848388672
2013-06-17,131.17013549804688
2013-06-18,132.20704650878906
2013-06-19,130.3804473876953
2013-06-20,127.1498031616211
2013-06-21,127.55799102783203
2013-06-24,125.9461898803711
2013-06-25,127.15705108642578
2013-06-26,128.41598510742188
2013-06-27,129.1697235107422
2013-06-28,128.6405792236328
2013-07-01,129.3943634033203
2013-07-02,129.2740936279297
2013-07-03,129.3301544189453
2013-07-05,130.72547912597656
2013-07-08,131.4712677001953
2013-07-09,132.41748046875
2013-07-10,132.465576171875
2013-07-11,134.26986694335938
2013-07-12,134.3259735107422
2013-07-15,134.83914184570312
2013-07-16,134.33407592773438
2013-07-17,134.67884826660156
2013-07-18,135.4165802001953
2013-07-19,135.6571502685547
2013-07-22,135.92176818847656
2013-07-23,135.63311767578125
2013-07-24,135.13589477539062
2013-07-25,135.4646759033203
2013-07-26,135.60903930664062
2013-07-29,135.19203186035156
2013-07-30,135.19203186035156
2013-07-31,135.28829956054688
2013-08-01,136.8519744873047
2013-08-02,137.08453369140625
2013-08-05,136.88400268554688
2013-08-06,136.10623168945312
2013-08-07,135.66519165039062
2013-08-08,136.1623077392578
2013-08-09,135.7694549560547
2013-08-12,135.60903930664062
2013-08-13,136.01007080078125
2013-08-14,135.31231689453125
2013-08-15,133.4198760986328
2013-08-16,132.97879028320312
2013-08-19,132.12875366210938
2013-08-20,132.77830505371094
2013-08-21,131.96038818359375
2013-08-22,133.16322326660156
2013-08-23,133.6123046875
2013-08-26,133.11508178710938
2013-08-27,130.97412109375
2013-08-28,131.43917846679688
2013-08-29,131.6476593017578
2013-08-30,131.23069763183594
2013-09-03,131.82411193847656
2013-09-04,132.91465759277344
2013-09-05,133.08309936523438
2013-09-06,133.14723205566406
2013-09-09,134.42227172851562
2013-09-10,135.4165802001953
2013-09-11,135.84161376953125
2013-09-12,135.48072814941406
2013-09-13,135.78549194335938
2013-09-16,136.57127380371094
2013-09-17,137.1807861328125
2013-09-18,138.76849365234375
2013-09-19,138.5359649658203
2013-09-20,137.56739807128906
2013-09-23,136.9307861328125
2013-09-24,136.60848999023438
2013-09-25,136.213623046875
2013-09-26,136.7374267578125
2013-09-27,136.10890197753906
2013-09-30,135.38363647460938
2013-10-01,136.45535278320312
2013-10-02,136.32644653320312
2013-10-03,135.0693817138672
2013-10-04,136.09280395507812
2013-10-07,134.91624450683594
2013-10-08,133.344970703125
2013-10-09,133.4416961669922
2013-10-10,136.3184051513672
2013-10-11,137.19671630859375
2013-10-14,137.74465942382812
2013-10-15,136.7454833984375
2013-10-16,138.6551971435547
2013-10-17,139.5819549560547
2013-10-18,140.5247344970703
2013-10-21,140.53277587890625
2013-10-22,141.34666442871094
2013-10-23,140.66981506347656
2013-10-24,141.13706970214844
2013-10-25,141.78175354003906
2013-10-28,142.00735473632812
2013-10-29,142.76483154296875
2013-10-30,142.05577087402344
2013-10-31,141.65283203125
2013-11-01,141.99130249023438
2013-11-04,142.49082946777344
2013-11-05,142.0395965576172
2013-11-06,142.76483154296875
2013-11-07,140.95985412597656
2013-11-08,142.8615264892578
2013-11-11,142.8856964111328
2013-11-12,142.59564208984375
2013-11-13,143.73985290527344
2013-11-14,144.45701599121094
2013-11-15,145.08558654785156
2013-11-18,144.5779571533203
2013-11-19,144.2636260986328
2013-11-20,143.8124237060547
2013-11-21,144.97279357910156
2013-11-22,145.69796752929688
2013-11-25,145.55296325683594
2013-11-26,145.5932159423828
2013-11-27,145.94781494140625
2013-11-29,145.85108947753906
2013-12-02,145.47232055664062
2013-12-03,144.84384155273438
2013-12-04,144.82774353027344
2013-12-05,144.19110107421875
2013-12-06,145.80271911621094
2013-12-09,146.17344665527344
2013-12-10,145.64967346191406
2013-12-11,144.01388549804688
2013-12-12,143.53839111328125
2013-12-13,143.52235412597656
2013-12-16,144.41677856445312
2013-12-17,143.9574432373047
2013-12-18,146.41513061523438
2013-12-19,146.24595642089844
2013-12-20,147.09661865234375
2013-12-23,147.8825225830078
2013-12-24,148.20655822753906
2013-12-26,148.96005249023438
2013-12-27,148.9519805908203
2013-12-30,148.9276123046875
2013-12-31,149.63255310058594
2014-01-02,148.19847106933594
2014-01-03,148.1741485595703
2014-01-06,147.74476623535156
2014-01-07,148.65219116210938
2014-01-08,148.68455505371094
2014-01-09,148.78176879882812
2014-01-10,149.18690490722656
2014-01-13,147.20193481445312
2014-01-14,148.80613708496094
2014-01-15,149.6082000732422
2014-01-16,149.41372680664062
2014-01-17,148.78176879882812
2014-01-21,149.2193603515625
2014-01-22,149.3165740966797
2014-01-23,148.09310913085938
2014-01-24,144.93345642089844
2014-01-27,144.220458984375
2014-01-28,145.07933044433594
2014-01-29,143.6857452392578
2014-01-30,145.2089385986328
2014-01-31,144.3582000732422
2014-02-03,141.10935974121094
2014-02-04,142.09779357910156
2014-02-05,141.91958618164062
2014-02-06,143.7910614013672
2014-02-07,145.57342529296875
2014-02-10,145.8408660888672
2014-02-11,147.43692016601562
2014-02-12,147.50985717773438
2014-02-13,148.2713623046875
2014-02-14,149.08963012695312
2014-02-18,149.26791381835938
2014-02-19,148.27951049804688
2014-02-20,149.15444946289062
2014-02-21,148.9843292236328
2014-02-24,149.8106689453125
2014-02-25,149.75404357910156
2014-02-26,149.7621307373047
2014-02-27,150.5479736328125
2014-02-28,150.9288330078125
2014-03-03,149.867431640625
2014-03-04,151.9739532470703
2014-03-05,152.11167907714844
2014-03-06,152.4600067138672
2014-03-07,152.52481079101562
2014-03-10,152.44383239746094
2014-03-11,151.6903533935547
2014-03-12,151.73086547851562
2014-03-13,150.0294952392578
2014-03-14,149.6082000732422
2014-03-17,150.96119689941406
2014-03-18,152.0387725830078
2014-03-19,151.22853088378906
2014-03-20,152.11167907714844
2014-03-21,151.5216522216797
2014-03-24,150.89512634277344
2014-03-25,151.61119079589844
2014-03-26,150.52072143554688
2014-03-27,150.20338439941406
2014-03-28,150.94395446777344
2014-03-31,152.18081665039062
2014-04-01,153.1898651123047
2014-04-02,153.7025146484375
2014-04-03,153.4990997314453
2014-04-04,151.6843719482422
2014-04-07,150.0080108642578
2014-04-08,150.62655639648438
2014-04-09,152.24583435058594
2014-04-10,149.04788208007812
2014-04-11,147.70509338378906
2014-04-14,148.86888122558594
2014-04-15,149.89413452148438
2014-04-16,151.46463012695312
2014-04-17,151.67623901367188
2014-04-21,152.20523071289062
2014-04-22,152.8968963623047
2014-04-23,152.5388641357422
2014-04-24,152.8480987548828
2014-04-25,151.59495544433594
2014-04-28,152.07505798339844
2014-04-29,152.7830352783203
2014-04-30,153.23870849609375
2014-05-01,153.2549591064453
2014-05-02,153.03526306152344
2014-05-05,153.32823181152344
2014-05-06,151.99365234375
2014-05-07,152.8887939453125
2014-05-08,152.7260284423828
2014-05-09,152.95391845703125
2014-05-12,154.4430694580078
2014-05-13,154.58143615722656
2014-05-14,153.84898376464844
2014-05-15,152.49813842773438
2014-05-16,153.0271453857422
2014-05-19,153.588623046875
2014-05-20,152.62030029296875
2014-05-21,153.90599060058594
2014-05-22,154.28033447265625
2014-05-23,154.8988037109375
2014-05-27,155.85084533691406
2014-05-28,155.73687744140625
2014-05-29,156.54258728027344
2014-05-30,156.79483032226562
2014-06-02,156.97381591796875
2014-06-03,156.8925018310547
2014-06-04,157.20977783203125
2014-06-05,158.23516845703125
2014-06-06,158.99200439453125
2014-06-09,159.1547393798828
2014-06-10,159.1710205078125
2014-06-11,158.6175994873047
2014-06-12,157.49465942382812
2014-06-13,157.97476196289062
2014-06-16,158.10496520996094
2014-06-17,158.54443359375
2014-06-18,159.7081298828125
2014-06-19,159.88711547851562
2014-06-20,160.21170043945312
2014-06-23,160.1626434326172
2014-06-24,159.19781494140625
2014-06-25,159.91737365722656
2014-06-26,159.80284118652344
2014-06-27,160.1135711669922
2014-06-30,160.0318603515625
2014-07-01,161.10293579101562
2014-07-02,161.2664337158203
2014-07-03,162.05958557128906
2014-07-07,161.4954376220703
2014-07-08,160.45700073242188
2014-07-09,161.17652893066406
2014-07-10,160.53875732421875
2014-07-11,160.75953674316406
2014-07-14,161.5690460205078
2014-07-15,161.2664337158203
2014-07-16,161.8633575439453
2014-07-17,160.02365112304688
2014-07-18,161.65899658203125
2014-07-21,161.35641479492188
2014-07-22,162.05958557128906
2014-07-23,162.41940307617188
2014-07-24,162.4275665283203
2014-07-25,161.66714477539062
2014-07-28,161.73251342773438
2014-07-29,161.03758239746094
2014-07-30,161.0620574951172
2014-07-31,157.88137817382812
2014-08-01,157.39892578125
2014-08-04,158.5355987548828
2014-08-05,156.998291015625
2014-08-06,157.0474090576172
2014-08-07,156.197021484375
2014-08-08,158.00404357910156
2014-08-11,158.46192932128906
2014-08-12,158.2411346435547
2014-08-13,159.31228637695312
2014-08-14,160.06446838378906
2014-08-15,160.0318603515625
2014-08-18,161.37278747558594
2014-08-19,162.21498107910156
2014-08-20,162.64833068847656
2014-08-21,163.12254333496094
2014-08-22,162.86917114257812
2014-08-25,163.69496154785156
2014-08-26,163.8012237548828
2014-08-27,163.73580932617188
2014-08-28,163.6459197998047
2014-08-29,164.1118927001953
2014-09-02,164.0301971435547
2014-09-03,163.94021606445312
2014-09-04,163.70309448242188
2014-09-05,164.43898010253906
2014-09-08,164.01380920410156
2014-09-09,162.9753875732422
2014-09-10,163.5886688232422
2014-09-11,163.77674865722656
2014-09-12,162.820068359375
2014-09-15,162.69735717773438
2014-09-16,163.92385864257812
2014-09-17,164.14466857910156
2014-09-18,165.0195770263672
2014-09-19,164.87081909179688
2014-09-22,163.59759521484375
2014-09-23,162.66104125976562
2014-09-24,163.93438720703125
2014-09-25,161.2892303466797
2014-09-26,162.57069396972656
2014-09-29,162.27490234375
2014-09-30,161.84780883789062
2014-10-01,159.65444946289062
2014-10-02,159.6790771484375
2014-10-03,161.43702697753906
2014-10-06,161.2481231689453
2014-10-07,158.759033203125
2014-10-08,161.53562927246094
2014-10-09,158.33184814453125
2014-10-10,156.52462768554688
2014-10-13,153.95339965820312
2014-10-14,154.19163513183594
2014-10-15,153.14834594726562
2014-10-16,153.01693725585938
2014-10-17,154.82415771484375
2014-10-20,156.32745361328125
2014-10-21,159.42445373535156
2014-10-22,158.29075622558594
2014-10-23,160.1309051513672
2014-10-24,161.3631591796875
2014-10-27,161.14137268066406
2014-10-28,162.9896697998047
2014-10-29,162.74317932128906
2014-10-30,163.7864990234375
2014-10-31,165.6594696044922
2014-11-03,165.74986267089844
2014-11-04,165.17477416992188
2014-11-05,166.21803283691406
2014-11-06,166.88345336914062
2014-11-07,167.03952026367188
2014-11-10,167.56532287597656
2014-11-11,167.72958374023438
2014-11-12,167.54891967773438
2014-11-13,167.7378387451172
2014-11-14,167.77886962890625
2014-11-17,167.8856658935547
2014-11-18,168.85501098632812
2014-11-19,168.58389282226562
2014-11-20,168.87969970703125
2014-11-21,169.78330993652344
2014-11-24,170.25970458984375
2014-11-25,170.1365203857422
2014-11-26,170.57188415527344
2014-11-28,170.21044921875
2014-12-01,169.0275115966797
2014-12-02,170.12005615234375
2014-12-03,170.77728271484375
2014-12-04,170.5883026123047
2014-12-05,170.86766052246094
2014-12-08,169.72576904296875
2014-12-09,169.6107940673828
2014-12-10,166.89169311523438
2014-12-11,167.7378387451172
2014-12-12,165.0269317626953
2014-12-15,163.8932647705078
2014-12-16,162.57887268066406
2014-12-17,165.7662811279297
2014-12-18,169.86546325683594
2014-12-19,170.5882110595703
2014-12-22,171.3729248046875
2014-12-23,171.60421752929688
2014-12-24,171.62074279785156
2014-12-26,172.17413330078125
2014-12-29,172.40542602539062
2014-12-30,171.48025512695312
2014-12-31,169.7787628173828
2015-01-02,169.6877899169922
2015-01-05,166.62339782714844
2015-01-06,165.05393981933594
2015-01-07,167.11062622070312
2015-01-08,170.07606506347656
2015-01-09,168.71316528320312
2015-01-12,167.39157104492188
2015-01-13,166.92074584960938
2015-01-14,165.9130096435547
2015-01-15,164.39306640625
2015-01-16,166.54893493652344
2015-01-20,166.9042205810547
2015-01-21,167.74673461914062
2015-01-22,170.24127197265625
2015-01-23,169.3079376220703
2015-01-26,169.70433044433594
2015-01-27,167.4658660888672
2015-01-28,165.31822204589844
2015-01-29,166.84640502929688
2015-01-30,164.74827575683594
2015-02-02,166.78855895996094
2015-02-03,169.2004852294922
2015-02-04,168.5562286376953
2015-02-05,170.25782775878906
2015-02-06,169.78695678710938
2015-02-09,169.0270538330078
2015-02-10,170.82777404785156
2015-02-11,170.9268341064453
2015-02-12,172.57061767578125
2015-02-13,173.281005859375
2015-02-17,173.55357360839844
2015-02-18,173.57009887695312
2015-02-19,173.44618225097656
2015-02-20,174.4869842529297
2015-02-23,174.4622039794922
2015-02-24,174.95774841308594
2015-02-25,174.80917358398438
2015-02-26,174.60260009765625
2015-02-27,174.00782775878906
2015-03-02,175.10650634765625
2015-03-03,174.3878936767578
2015-03-04,173.6526641845703
2015-03-05,173.8426971435547
2015-03-06,171.39773559570312
2015-03-09,172.10804748535156
2015-03-10,169.316162109375
2015-03-11,168.91966247558594
2015-03-12,171.06729125976562
2015-03-13,170.0182647705078
2015-03-16,172.28982543945312
2015-03-17,171.7776336669922
2015-03-18,173.8426971435547
2015-03-19,173.04969787597656
2015-03-20,174.57720947265625
2015-03-23,174.23704528808594
2015-03-24,173.25796508789062
2015-03-25,170.7190399169922
2015-03-26,170.31253051757812
2015-03-27,170.7025146484375
2015-03-30,172.7850341796875
2015-03-31,171.27500915527344
2015-04-01,170.66925048828125
2015-04-02,171.28334045410156
2015-04-06,172.4365692138672
2015-04-07,171.980224609375
2015-04-08,172.56105041503906
2015-04-09,173.32437133789062
2015-04-10,174.27017211914062
2015-04-13,173.4819793701172
2015-04-14,173.8138885498047
2015-04-15,174.59373474121094
2015-04-16,174.5440216064453
2015-04-17,172.53611755371094
2015-04-20,174.11257934570312
2015-04-21,173.9051513671875
2015-04-22,174.75979614257812
2015-04-23,175.1995086669922
2015-04-24,175.60604858398438
2015-04-27,174.8759307861328
2015-04-28,175.43174743652344
2015-04-29,174.7100372314453
2015-04-30,172.95928955078125
2015-05-01,174.83438110351562
2015-05-04,175.3322296142578
2015-05-05,173.32437133789062
2015-05-06,172.6107940673828
2015-05-07,173.29946899414062
2015-05-08,175.5811767578125
2015-05-11,174.74314880371094
2015-05-12,174.22039794921875
2015-05-13,174.25364685058594
2015-05-14,176.0706787109375
2015-05-15,176.2615509033203
2015-05-18,176.80908203125
2015-05-19,176.7509765625
2015-05-20,176.62655639648438
2015-05-21,177.14096069335938
2015-05-22,176.71780395507812
2015-05-26,174.81787109375
2015-05-27,176.4771728515625
2015-05-28,176.278076171875
2015-05-29,175.18292236328125
2015-06-01,175.5396270751953
2015-06-02,175.36541748046875
2015-06-03,175.83004760742188
2015-06-04,174.34486389160156
2015-06-05,174.04620361328125
2015-06-08,172.97589111328125
2015-06-09,172.95095825195312
2015-06-10,175.02528381347656
2015-06-11,175.58949279785156
2015-06-12,174.2452850341797
2015-06-15,173.49856567382812
2015-06-16,174.4445037841797
2015-06-17,174.72653198242188
2015-06-18,176.5435791015625
2015-06-19,175.75987243652344
2015-06-22,176.66030883789062
2015-06-23,176.78536987304688
2015-06-24,175.50144958496094
2015-06-25,174.9678497314453
2015-06-26,174.93446350097656
2015-06-29,171.2660369873047
2015-06-30,171.62457275390625
2015-07-01,173.00022888183594
2015-07-02,172.84178161621094
2015-07-06,172.3498992919922
2015-07-07,173.4337615966797
2015-07-08,170.52403259277344
2015-07-09,170.83253479003906
2015-07-10,172.9835205078125
2015-07-13,174.89280700683594
2015-07-14,175.6514434814453
2015-07-15,175.5931396484375
2015-07-16,177.002197265625
2015-07-17,177.15223693847656
2015-07-20,177.24388122558594
2015-07-21,176.54367065429688
2015-07-22,176.22677612304688
2015-07-23,175.234619140625
2015-07-24,173.4171142578125
2015-07-27,172.40823364257812
2015-07-28,174.5259552001953
2015-07-29,175.7265625
2015-07-30,175.76820373535156
2015-07-31,175.50144958496094
2015-08-03,174.90948486328125
2015-08-04,174.5676727294922
2015-08-05,175.14292907714844
2015-08-06,173.70892333984375
2015-08-07,173.3753662109375
2015-08-10,175.5598602294922
2015-08-11,173.97564697265625
2015-08-12,174.18408203125
2015-08-13,173.96728515625
2015-08-14,174.60101318359375
2015-08-17,175.57643127441406
2015-08-18,175.06784057617188
2015-08-19,173.68389892578125
2015-08-20,170.05712890625
2015-08-21,164.93797302246094
2015-08-24,157.9929656982422
2015-08-25,156.1337127685547
2015-08-26,162.1283416748047
2015-08-27,166.13853454589844
2015-08-28,166.14691162109375
2015-08-31,164.80458068847656
2015-09-01,159.88552856445312
2015-09-02,162.9202880859375
2015-09-03,163.03707885742188
2015-09-04,160.56922912597656
2015-09-08,164.6044921875
2015-09-09,162.40342712402344
2015-09-10,163.28717041015625
2015-09-11,164.0292205810547
2015-09-14,163.42059326171875
2015-09-15,165.46319580078125
2015-09-16,166.89724731445312
2015-09-17,166.5220489501953
2015-09-18,163.8008270263672
2015-09-21,164.6472930908203
2015-09-22,162.51026916503906
2015-09-23,162.2504425048828
2015-09-24,161.66375732421875
2015-09-25,161.62185668945312
2015-09-28,157.56558227539062
2015-09-29,157.6577911376953
2015-09-30,160.59945678710938
2015-10-01,161.0185089111328
2015-10-02,163.4237518310547
2015-10-05,166.33181762695312
2015-10-06,165.76193237304688
2015-10-07,167.11959838867188
2015-10-08,168.62811279296875
2015-10-09,168.7287139892578
2015-10-12,168.8879852294922
2015-10-13,167.82359313964844
2015-10-14,167.01901245117188
2015-10-15,169.58355712890625
2015-10-16,170.3545684814453
2015-10-19,170.43836975097656
2015-10-20,170.22047424316406
2015-10-21,169.16453552246094
2015-10-22,172.02232360839844
2015-10-23,173.9080047607422
2015-10-26,173.48057556152344
2015-10-27,173.1453094482422
2015-10-28,175.11488342285156
2015-10-29,175.0142059326172
2015-10-30,174.2599639892578
2015-11-02,176.3216094970703
2015-11-03,176.83287048339844
2015-11-04,176.2965087890625
2015-11-05,176.12045288085938
2015-11-06,176.02828979492188
2015-11-09,174.38572692871094
2015-11-10,174.78799438476562
2015-11-11,174.1007843017578
2015-11-12,171.6703338623047
2015-11-13,169.7427978515625
2015-11-16,172.3240509033203
2015-11-17,172.1983184814453
2015-11-18,174.9304656982422
2015-11-19,174.7796173095703
2015-11-20,175.41648864746094
2015-11-23,175.21539306640625
2015-11-24,175.45001220703125
2015-11-25,175.4249267578125
2015-11-27,175.62603759765625
2015-11-30,174.8969268798828
2015-12-01,176.5646209716797
2015-12-02,174.76280212402344
2015-12-03,172.3156280517578
2015-12-04,175.6763458251953
2015-12-07,174.6120147705078
2015-12-08,173.4386444091797
2015-12-09,172.08941650390625
2015-12-10,172.5334930419922
2015-12-11,169.1896514892578
2015-12-14,170.04449462890625
2015-12-15,171.8295440673828
2015-12-16,174.34378051757812
2015-12-17,171.68707275390625
2015-12-18,168.6285400390625
2015-12-21,170.01956176757812
2015-12-22,171.56236267089844
2015-12-23,173.68687438964844
2015-12-24,173.4001922607422
2015-12-28,173.0039520263672
2015-12-29,174.85023498535156
2015-12-30,173.61094665527344
2015-12-31,171.874267578125
2016-01-04,169.47157287597656
2016-01-05,169.7582550048828
2016-01-06,167.61685180664062
2016-01-07,163.59544372558594
2016-01-08,161.79971313476562
2016-01-11,161.95989990234375
2016-01-12,163.26663208007812
2016-01-13,159.1946563720703
2016-01-14,161.80813598632812
2016-01-15,158.33477783203125
2016-01-19,158.54554748535156
2016-01-20,156.51373291015625
2016-01-21,157.39053344726562
2016-01-22,160.61944580078125
2016-01-25,158.19142150878906
2016-01-26,160.34959411621094
2016-01-27,158.60452270507812
2016-01-28,159.43075561523438
2016-01-29,163.31715393066406
2016-02-01,163.25819396972656
2016-02-02,160.31591796875
2016-02-03,161.27703857421875
2016-02-04,161.52993774414062
2016-02-05,158.45269775390625
2016-02-08,156.3198699951172
2016-02-09,156.32827758789062
2016-02-10,156.19338989257812
2016-02-11,154.16163635253906
2016-02-12,157.3399200439453
2016-02-16,159.99559020996094
2016-02-17,162.60902404785156
2016-02-18,161.94305419921875
2016-02-19,161.86721801757812
2016-02-22,164.21087646484375
2016-02-23,162.13699340820312
2016-02-24,162.87889099121094
2016-02-25,164.85159301757812
2016-02-26,164.47225952148438
2016-02-29,163.1823272705078
2016-03-01,167.0182342529297
2016-03-02,167.76858520507812
2016-03-03,168.42613220214844
2016-03-04,168.97410583496094
2016-03-07,169.10902404785156
2016-03-08,167.2627410888672
2016-03-09,168.08888244628906
2016-03-10,168.2238311767578
2016-03-11,170.93846130371094
2016-03-14,170.71923828125
2016-03-15,170.4410858154297
2016-03-16,171.4274139404297
2016-03-17,172.51499938964844
2016-03-18,173.1929168701172
2016-03-21,173.43865966796875
2016-03-22,173.34548950195312
2016-03-23,172.201416015625
2016-03-24,172.1251678466797
2016-03-28,172.22686767578125
2016-03-29,173.81997680664062
2016-03-30,174.58262634277344
2016-03-31,174.158935546875
2016-04-01,175.34532165527344
2016-04-04,174.777587890625
2016-04-05,173.0319061279297
2016-04-06,174.921630859375
2016-04-07,172.82855224609375
2016-04-08,173.29457092285156
2016-04-11,172.88787841796875
2016-04-12,174.4979248046875
2016-04-13,176.26052856445312
2016-04-14,176.26895141601562
2016-04-15,176.07408142089844
2016-04-18,177.31129455566406
2016-04-19,177.87060546875
2016-04-20,178.04010009765625
2016-04-21,177.08253479003906
2016-04-22,177.08253479003906
2016-04-25,176.77743530273438
2016-04-26,177.04013061523438
2016-04-27,177.40444946289062
2016-04-28,175.79441833496094
2016-04-29,174.84535217285156
2016-05-02,176.23512268066406
2016-05-03,174.7012939453125
2016-05-04,173.72677612304688
2016-05-05,173.69288635253906
2016-05-06,174.3284454345703
2016-05-09,174.47250366210938
2016-05-10,176.64186096191406
2016-05-11,174.98941040039062
2016-05-12,175.0402374267578
2016-05-13,173.514892578125
2016-05-16,175.2266845703125
2016-05-17,173.59120178222656
2016-05-18,173.64212036132812
2016-05-19,173.04039001464844
2016-05-20,174.13357543945312
2016-05-23,173.89625549316406
2016-05-24,176.1503448486328
2016-05-25,177.34518432617188
2016-05-26,177.3960723876953
2016-05-27,178.15875244140625
2016-05-31,177.8197479248047
2016-06-01,178.18414306640625
2016-06-02,178.72650146484375
2016-06-03,178.19261169433594
2016-06-06,179.09930419921875
2016-06-07,179.37896728515625
2016-06-08,179.96371459960938
2016-06-09,179.7179412841797
2016-06-10,178.0146484375
2016-06-13,176.64186096191406
2016-06-14,176.2943878173828
2016-06-15,176.04869079589844
2016-06-16,176.57408142089844
2016-06-17,175.91650390625
2016-06-20,177.04940795898438
2016-06-21,177.55197143554688
2016-06-22,177.26231384277344
2016-06-23,179.57073974609375
2016-06-24,173.1225128173828
2016-06-27,170.02188110351562
2016-06-28,173.0884552001953
2016-06-29,176.03575134277344
2016-06-30,178.43788146972656
2016-07-01,178.8125762939453
2016-07-05,177.52642822265625
2016-07-06,178.59121704101562
2016-07-07,178.4804229736328
2016-07-08,181.13804626464844
2016-07-11,181.77694702148438
2016-07-12,183.09725952148438
2016-07-13,183.0716552734375
2016-07-14,184.09381103515625
2016-07-15,183.84678649902344
2016-07-18,184.34091186523438
2016-07-19,184.15353393554688
2016-07-20,184.92015075683594
2016-07-21,184.22166442871094
2016-07-22,185.04788208007812
2016-07-25,184.5452880859375
2016-07-26,184.63047790527344
2016-07-27,184.4345703125
2016-07-28,184.64756774902344
2016-07-29,184.94569396972656
2016-08-01,184.7923583984375
2016-08-02,183.6083526611328
2016-08-03,184.1449432373047
2016-08-04,184.34091186523438
2016-08-05,185.8486328125
2016-08-08,185.7379150390625
2016-08-09,185.8486328125
2016-08-10,185.3886260986328
2016-08-11,186.2489776611328
2016-08-12,186.08709716796875
2016-08-15,186.6238250732422
2016-08-16,185.6612091064453
2016-08-17,186.0104522705078
2016-08-18,186.4278564453125
2016-08-19,186.15521240234375
2016-08-22,186.1467742919922
2016-08-23,186.5215301513672
2016-08-24,185.56756591796875
2016-08-25,185.439697265625
2016-08-26,185.09048461914062
2016-08-29,186.00196838378906
2016-08-30,185.6952362060547
2016-08-31,185.1671905517578
2016-09-01,185.17572021484375
2016-09-02,186.0104522705078
2016-09-06,186.57260131835938
2016-09-07,186.55563354492188
2016-09-08,186.12974548339844
2016-09-09,181.67471313476562
2016-09-12,184.2813262939453
2016-09-13,181.6321563720703
2016-09-14,181.56398010253906
2016-09-15,183.37835693359375
2016-09-16,182.6694793701172
2016-09-19,182.7037353515625
2016-09-20,182.71226501464844
2016-09-21,184.7669677734375
2016-09-22,185.93130493164062
2016-09-23,184.9125213623047
2016-09-26,183.41427612304688
2016-09-27,184.55291748046875
2016-09-28,185.46897888183594
2016-09-29,183.79098510742188
2016-09-30,185.17787170410156
2016-10-03,184.7327117919922
2016-10-04,183.79098510742188
2016-10-05,184.60430908203125
2016-10-06,184.7327117919922
2016-10-07,184.09918212890625
2016-10-10,185.05809020996094
2016-10-11,182.72085571289062
2016-10-12,182.96055603027344
2016-10-13,182.36126708984375
2016-10-14,182.45541381835938
2016-10-17,181.82188415527344
2016-10-18,182.96055603027344
2016-10-19,183.4485321044922
2016-10-20,183.10609436035156
2016-10-21,183.19174194335938
2016-10-24,183.97079467773438
2016-10-25,183.35440063476562
2016-10-26,182.98622131347656
2016-10-27,182.4982452392578
2016-10-28,181.95887756347656
2016-10-31,181.96742248535156
2016-11-01,180.64906311035156
2016-11-02,179.56178283691406
2016-11-03,178.73989868164062
2016-11-04,178.54298400878906
2016-11-07,182.48114013671875
2016-11-08,183.3030242919922
2016-11-09,185.2463836669922
2016-11-10,185.70870971679688
2016-11-11,185.2806396484375
2016-11-14,185.42617797851562
2016-11-15,186.87298583984375
2016-11-16,186.52197265625
2016-11-17,187.48086547851562
2016-11-18,187.06138610839844
2016-11-21,188.47393798828125
2016-11-22,188.8420867919922
2016-11-23,188.94479370117188
2016-11-25,189.6468505859375
2016-11-28,188.7564697265625
2016-11-29,189.1245574951172
2016-11-30,188.67092895507812
2016-12-01,187.97740173339844
2016-12-02,188.0715789794922
2016-12-05,189.20164489746094
2016-12-06,189.8009033203125
2016-12-07,192.28363037109375
2016-12-08,192.7545166015625
2016-12-09,193.91883850097656
2016-12-12,193.6962127685547
2016-12-13,194.98892211914062
2016-12-14,193.37950134277344
2016-12-15,194.1757049560547
2016-12-16,193.79591369628906
2016-12-19,194.21783447265625
2016-12-20,194.96710205078125
2016-12-21,194.424560546875
2016-12-22,194.0886993408203
2016-12-23,194.37295532226562
2016-12-27,194.8551483154297
2016-12-28,193.2447509765625
2016-12-29,193.2017364501953
2016-12-30,192.4955291748047
2017-01-03,193.96817016601562
2017-01-04,195.1221160888672
2017-01-05,194.96710205078125
2017-01-06,195.66468811035156
2017-01-09,195.0187530517578
2017-01-10,195.0187530517578
2017-01-11,195.56988525390625
2017-01-12,195.07907104492188
2017-01-13,195.52682495117188
2017-01-17,194.837890625
2017-01-18,195.26849365234375
2017-01-19,194.5451202392578
2017-01-20,195.2598876953125
2017-01-23,194.7518310546875
2017-01-24,196.00047302246094
2017-01-25,197.6969451904297
2017-01-26,197.49029541015625
2017-01-27,197.1802978515625
2017-01-30,195.95738220214844
2017-01-31,195.94017028808594
2017-02-01,196.01768493652344
2017-02-02,196.14691162109375
2017-02-03,197.4989013671875
2017-02-06,197.14585876464844
2017-02-07,197.15447998046875
2017-02-08,197.4127960205078
2017-02-09,198.58399963378906
2017-02-10,199.36764526367188
2017-02-13,200.45272827148438
2017-02-14,201.25357055664062
2017-02-15,202.30418395996094
2017-02-16,202.13198852539062
2017-02-17,202.45059204101562
2017-02-21,203.6562957763672
2017-02-22,203.4753875732422
2017-02-23,203.6131591796875
2017-02-24,203.8715057373047
2017-02-27,204.19017028808594
2017-02-28,203.6389923095703
2017-03-01,206.48944091796875
2017-03-02,205.18910217285156
2017-03-03,205.3182830810547
2017-03-06,204.70681762695312
2017-03-07,204.09536743164062
2017-03-08,203.71649169921875
2017-03-09,203.97488403320312
2017-03-10,204.6896209716797
2017-03-13,204.79293823242188
2017-03-14,204.00929260253906
2017-03-15,205.7747039794922
2017-03-16,205.36993408203125
2017-03-17,205.0092315673828
2017-03-20,204.78436279296875
2017-03-21,202.155029296875
2017-03-22,202.63076782226562
2017-03-23,202.41453552246094
2017-03-24,202.26751708984375
2017-03-27,202.05992126464844
2017-03-28,203.53030395507812
2017-03-29,203.72056579589844
2017-03-30,204.36924743652344
2017-03-31,203.8935089111328
2017-04-03,203.5389404296875
2017-04-04,203.66868591308594
2017-04-05,203.06320190429688
2017-04-06,203.63404846191406
2017-04-07,203.42649841308594
2017-04-10,203.54754638671875
2017-04-11,203.3053741455078
2017-04-12,202.41453552246094
2017-04-13,201.099853515625
2017-04-17,202.88157653808594
2017-04-18,202.27615356445312
2017-04-19,201.90423583984375
2017-04-20,203.54754638671875
2017-04-21,202.89886474609375
2017-04-24,205.13034057617188
2017-04-25,206.3239288330078
2017-04-26,206.1941680908203
2017-04-27,206.3671875
2017-04-28,205.9174346923828
2017-05-01,206.4363555908203
2017-05-02,206.51417541503906
2017-05-03,206.2633819580078
2017-05-04,206.50555419921875
2017-05-05,207.31861877441406
2017-05-08,207.28396606445312
2017-05-09,207.09364318847656
2017-05-10,207.465576171875
2017-05-11,207.04177856445312
2017-05-12,206.69583129882812
2017-05-15,207.83746337890625
2017-05-16,207.64723205566406
2017-05-17,203.9627685546875
2017-05-18,204.78436279296875
2017-05-19,206.11630249023438
2017-05-22,207.16290283203125
2017-05-23,207.6212921142578
2017-05-24,208.10565185546875
2017-05-25,209.10028076171875
2017-05-26,209.05709838867188
2017-05-30,208.8754119873047
2017-05-31,208.8235321044922
2017-06-01,210.48406982421875
2017-06-02,211.18470764160156
2017-06-05,211.029052734375
2017-06-06,210.35438537597656
2017-06-07,210.74362182617188
2017-06-08,210.8473663330078
2017-06-09,210.5274200439453
2017-06-12,210.48406982421875
2017-06-13,211.51336669921875
2017-06-14,211.24522399902344
2017-06-15,210.8387451171875
2017-06-16,210.88482666015625
2017-06-19,212.64044189453125
2017-06-20,211.2063751220703
2017-06-21,211.15420532226562
2017-06-22,211.05862426757812
2017-06-23,211.31065368652344
2017-06-26,211.44973754882812
2017-06-27,209.7462615966797
2017-06-28,211.62362670898438
2017-06-29,209.763671875
2017-06-30,210.15476989746094
2017-07-03,210.51109313964844
2017-07-05,210.9977569580078
2017-07-06,209.06832885742188
2017-07-07,210.42417907714844
2017-07-10,210.65013122558594
2017-07-11,210.4936981201172
2017-07-12,212.07550048828125
2017-07-13,212.431884765625
2017-07-14,213.42263793945312
2017-07-17,213.39657592773438
2017-07-18,213.50955200195312
2017-07-19,214.6654815673828
2017-07-20,214.7611083984375
2017-07-21,214.56991577148438
2017-07-24,214.5177459716797
2017-07-25,215.0392303466797
2017-07-26,215.0478973388672
2017-07-27,214.84803771972656
2017-07-28,214.5959930419922
2017-07-31,214.4743194580078
2017-08-01,214.95228576660156
2017-08-02,215.0565948486328
2017-08-03,214.63943481445312
2017-08-04,215.03050231933594
2017-08-07,215.43032836914062
2017-08-08,214.90011596679688
2017-08-09,214.89151000976562
2017-08-10,211.8582305908203
2017-08-11,212.17108154296875
2017-08-14,214.2744140625
2017-08-15,214.2483367919922
2017-08-16,214.62205505371094
2017-08-17,211.27590942382812
2017-08-18,210.9456787109375
2017-08-21,211.1107940673828
2017-08-22,213.318359375
2017-08-23,212.55352783203125
2017-08-24,212.0581512451172
2017-08-25,212.55352783203125
2017-08-28,212.562255859375
2017-08-29,212.80555725097656
2017-08-30,213.8137664794922
2017-08-31,215.10006713867188
2017-09-01,215.404296875
2017-09-05,213.85728454589844
2017-09-06,214.58724975585938
2017-09-07,214.56117248535156
2017-09-08,214.30917358398438
2017-09-11,216.59500122070312
2017-09-12,217.32504272460938
2017-09-13,217.42933654785156
2017-09-14,217.35980224609375
2017-09-15,217.65240478515625
2017-09-18,218.11532592773438
2017-09-19,218.33367919921875
2017-09-20,218.4123077392578
2017-09-21,217.8270721435547
2017-09-22,217.8708038330078
2017-09-25,217.42529296875
2017-09-26,217.55630493164062
2017-09-27,218.40359497070312
2017-09-28,218.66567993164062
2017-09-29,219.43426513671875
2017-10-02,220.38629150390625
2017-10-03,220.85791015625
2017-10-04,221.11997985839844
2017-10-05,222.43014526367188
2017-10-06,222.1767578125
2017-10-09,221.8100128173828
2017-10-10,222.3951873779297
2017-10-11,222.74456787109375
2017-10-12,222.4126739501953
2017-10-13,222.6834716796875
2017-10-16,222.98040771484375
2017-10-17,223.1376190185547
2017-10-18,223.35601806640625
2017-10-19,223.41712951660156
2017-10-20,224.5700225830078
2017-10-23,223.6966094970703
2017-10-24,224.0896759033203
2017-10-25,222.98040771484375
2017-10-26,223.26861572265625
2017-10-27,225.09408569335938
2017-10-30,224.25558471679688
2017-10-31,224.60496520996094
2017-11-01,224.9019317626953
2017-11-02,224.9893035888672
2017-11-03,225.74046325683594
2017-11-06,226.08987426757812
2017-11-07,225.93263244628906
2017-11-08,226.31695556640625
2017-11-09,225.4958953857422
2017-11-10,225.426025390625
2017-11-13,225.6356201171875
2017-11-14,225.11158752441406
2017-11-15,223.98487854003906
2017-11-16,225.88893127441406
2017-11-17,225.22512817382812
2017-11-20,225.6094512939453
2017-11-21,227.08554077148438
2017-11-22,226.8846893310547
2017-11-24,227.40870666503906
2017-11-27,227.29519653320312
2017-11-28,229.60105895996094
2017-11-29,229.46128845214844
2017-11-30,231.47023010253906
2017-12-01,230.98983764648438
2017-12-04,230.7103729248047
2017-12-05,229.88059997558594
2017-12-06,229.92420959472656
2017-12-07,230.64918518066406
2017-12-08,231.9069366455078
2017-12-11,232.60569763183594
2017-12-12,233.01622009277344
2017-12-13,232.9899139404297
2017-12-14,232.03794860839844
2017-12-15,233.97023010253906
2017-12-18,235.45388793945312
2017-12-19,234.54962158203125
2017-12-20,234.4266815185547
2017-12-21,234.90957641601562
2017-12-22,234.84811401367188
2017-12-26,234.5671844482422
2017-12-27,234.68130493164062
2017-12-28,235.16421508789062
2017-12-29,234.27749633789062
2018-01-02,235.9542999267578
2018-01-03,237.44674682617188
2018-01-04,238.447509765625
2018-01-05,240.03660583496094
2018-01-08,240.4754638671875
2018-01-09,241.01974487304688
2018-01-10,240.65109252929688
2018-01-11,242.4068603515625
2018-01-12,243.98716735839844
2018-01-16,243.15310668945312
2018-01-17,245.470703125
2018-01-18,245.05816650390625
2018-01-19,246.17312622070312
2018-01-22,248.1746368408203
2018-01-23,248.70147705078125
2018-01-24,248.6048583984375
2018-01-25,248.71031188964844
2018-01-26,251.58982849121094
2018-01-29,249.9217071533203
2018-01-30,247.3583526611328
2018-01-31,247.481201171875
2018-02-01,247.2002410888672
2018-02-02,241.8187255859375
2018-02-05,231.7052459716797
2018-02-06,236.2703399658203
2018-02-07,234.98863220214844
2018-02-08,226.17445373535156
2018-02-09,229.57196044921875
2018-02-12,232.9430694580078
2018-02-13,233.5225067138672
2018-02-14,236.67420959472656
2018-02-15,239.6941375732422
2018-02-16,239.764404296875
2018-02-20,238.26315307617188
2018-02-21,237.07798767089844
2018-02-22,237.38522338867188
2018-02-23,241.16900634765625
2018-02-26,243.9695587158203
2018-02-27,240.92318725585938
2018-02-28,238.48263549804688
2018-03-01,235.0149383544922
2018-03-02,236.22642517089844
2018-03-05,238.95672607421875
2018-03-06,239.5625
2018-03-07,239.47471618652344
2018-03-08,240.63357543945312
2018-03-09,244.82118225097656
2018-03-12,244.51376342773438
2018-03-13,242.93362426757812
2018-03-14,241.6869659423828
2018-03-15,241.42359924316406
2018-03-16,241.68539428710938
2018-03-19,238.4153289794922
2018-03-20,238.82081604003906
2018-03-21,238.36245727539062
2018-03-22,232.40411376953125
2018-03-23,227.45045471191406
2018-03-26,233.67327880859375
2018-03-27,229.6980743408203
2018-03-28,229.01939392089844
2018-03-29,231.9457244873047
2018-04-02,226.9392852783203
2018-04-03,229.84796142578125
2018-04-04,232.30711364746094
2018-04-05,234.1405029296875
2018-04-06,228.9224395751953
2018-04-09,230.05068969726562
2018-04-10,233.70855712890625
2018-04-11,232.48342895507812
2018-04-12,234.39608764648438
2018-04-13,233.70855712890625
2018-04-16,235.62997436523438
2018-04-17,238.1509552001953
2018-04-18,238.32717895507812
2018-04-19,237.00514221191406
2018-04-20,234.9954071044922
2018-04-23,234.96017456054688
2018-04-24,231.79592895507812
2018-04-25,232.36880493164062
2018-04-26,234.73101806640625
2018-04-27,234.95140075683594
2018-04-30,233.14447021484375
2018-05-01,233.55874633789062
2018-05-02,231.9897918701172
2018-05-03,231.47853088378906
2018-05-04,234.4754638671875
2018-05-07,235.2686767578125
2018-05-08,235.2686767578125
2018-05-09,237.54281616210938
2018-05-10,239.7638702392578
2018-05-11,240.4955291748047
2018-05-14,240.61012268066406
2018-05-15,238.9530029296875
2018-05-16,239.9578399658203
2018-05-17,239.75506591796875
2018-05-18,239.1556854248047
2018-05-21,240.953857421875
2018-05-22,240.28399658203125
2018-05-23,240.94497680664062
2018-05-24,240.4514617919922
2018-05-25,239.8784637451172
2018-05-29,237.11962890625
2018-05-30,240.28399658203125
2018-05-31,238.81198120117188
2018-06-01,241.15658569335938
2018-06-04,242.3024444580078
2018-06-05,242.47874450683594
2018-06-06,244.50592041015625
2018-06-07,244.47952270507812
2018-06-08,245.2022705078125
2018-06-11,245.5284881591797
2018-06-12,245.845703125
2018-06-13,245.06126403808594
2018-06-14,245.67825317382812
2018-06-15,245.3649139404297
2018-06-18,244.86012268066406
2018-06-19,243.92164611816406
2018-06-20,244.33786010742188
2018-06-21,242.80612182617188
2018-06-22,243.24879455566406
2018-06-25,239.93746948242188
2018-06-26,240.4687042236328
2018-06-27,238.4766387939453
2018-06-28,239.840087890625
2018-06-29,240.1853790283203
2018-07-02,240.6988983154297
2018-07-03,239.84890747070312
2018-07-05,241.80564880371094
2018-07-06,243.8509063720703
2018-07-09,246.0465545654297
2018-07-10,246.93206787109375
2018-07-11,245.1257781982422
2018-07-12,247.34814453125
2018-07-13,247.5428924560547
2018-07-16,247.32151794433594
2018-07-17,248.32199096679688
2018-07-18,248.84437561035156
2018-07-19,247.90591430664062
2018-07-20,247.6226043701172
2018-07-23,248.0829620361328
2018-07-24,249.33135986328125
2018-07-25,251.45623779296875
2018-07-26,250.86293029785156
2018-07-27,249.1631622314453
2018-07-30,247.86167907714844
2018-07-31,249.0834197998047
2018-08-01,248.6671905517578
2018-08-02,250.02186584472656
2018-08-03,251.09324645996094
2018-08-06,252.0140838623047
2018-08-07,252.8463134765625
2018-08-08,252.74005126953125
2018-08-09,252.394775390625
2018-08-10,250.70367431640625
2018-08-13,249.7651824951172
2018-08-14,251.35885620117188
2018-08-15,249.48193359375
2018-08-16,251.5005645751953
2018-08-17,252.3858642578125
2018-08-20,252.9259490966797
2018-08-21,253.5191650390625
2018-08-22,253.36868286132812
2018-08-23,253.03231811523438
2018-08-24,254.55514526367188
2018-08-27,256.5649108886719
2018-08-28,256.6888427734375
2018-08-29,258.0699768066406
2018-08-30,257.0252380371094
2018-08-31,257.03411865234375
2018-09-04,256.59136962890625
2018-09-05,255.9008331298828
2018-09-06,255.13063049316406
2018-09-07,254.634765625
2018-09-10,255.07752990722656
2018-09-11,255.91845703125
2018-09-12,255.9805908203125
2018-09-13,257.4945068359375
2018-09-14,257.5387878417969
2018-09-17,256.17529296875
2018-09-18,257.5653381347656
2018-09-19,257.8398132324219
2018-09-20,259.92926025390625
2018-09-21,259.69189453125
2018-09-24,258.8291015625
2018-09-25,258.58892822265625
2018-09-26,257.8151550292969
2018-09-27,258.53558349609375
2018-09-28,258.5623474121094
2018-10-01,259.4606628417969
2018-10-02,259.3094177246094
2018-10-03,259.45172119140625
2018-10-04,257.4238586425781
2018-10-05,255.9830780029297
2018-10-08,255.9830780029297
2018-10-09,255.60948181152344
2018-10-10,247.51614379882812
2018-10-11,242.06423950195312
2018-10-12,245.42613220214844
2018-10-15,244.0475311279297
2018-10-16,249.3839111328125
2018-10-17,249.4282989501953
2018-10-18,245.82630920410156
2018-10-19,245.6929168701172
2018-10-22,244.59010314941406
2018-10-23,243.34495544433594
2018-10-24,235.9718475341797
2018-10-25,240.2053985595703
2018-10-26,235.9807586669922
2018-10-29,234.67335510253906
2018-10-30,238.15089416503906
2018-10-31,240.69461059570312
2018-11-01,243.25596618652344
2018-11-02,241.81521606445312
2018-11-05,243.1492462158203
2018-11-06,244.68785095214844
2018-11-07,249.9264373779297
2018-11-08,249.47279357910156
2018-11-09,247.0359649658203
2018-11-12,242.41990661621094
2018-11-13,241.9664764404297
2018-11-14,240.3120880126953
2018-11-15,242.8202362060547
2018-11-16,243.45167541503906
2018-11-19,239.333740234375
2018-11-20,234.9046630859375
2018-11-21,235.70513916015625
2018-11-23,234.13092041015625
2018-11-26,237.91073608398438
2018-11-27,238.711181640625
2018-11-28,244.20762634277344
2018-11-29,243.6739959716797
2018-11-30,245.15927124023438
2018-12-03,248.40553283691406
2018-12-04,240.35658264160156
2018-12-06,239.9918670654297
2018-12-07,234.41546630859375
2018-12-10,234.8601837158203
2018-12-11,234.91355895996094
2018-12-12,236.09642028808594
2018-12-13,236.01634216308594
2018-12-14,231.6584014892578
2018-12-17,227.11366271972656
2018-12-18,226.86463928222656
2018-12-19,223.4670867919922
2018-12-20,219.82957458496094
2018-12-21,215.3253631591797
2018-12-24,209.63577270507812
2018-12-26,220.22763061523438
2018-12-27,221.91842651367188
2018-12-28,221.63214111328125
2018-12-31,223.57337951660156
2019-01-02,223.8059844970703
2019-01-03,218.46536254882812
2019-01-04,225.78294372558594
2019-01-07,227.56320190429688
2019-01-08,229.70120239257812
2019-01-09,230.7747344970703
2019-01-10,231.58883666992188
2019-01-11,231.67825317382812
2019-01-14,230.2648162841797
2019-01-15,232.90386962890625
2019-01-16,233.46743774414062
2019-01-17,235.23867797851562
2019-01-18,238.3696746826172
2019-01-22,235.14920043945312
2019-01-23,235.64122009277344
2019-01-24,235.7664794921875
2019-01-25,237.76144409179688
2019-01-28,235.95437622070312
2019-01-29,235.64122009277344
2019-01-30,239.3716583251953
2019-01-31,241.4739227294922
2019-02-01,241.59017944335938
2019-02-04,243.28990173339844
2019-02-05,244.30972290039062
2019-02-06,243.9877166748047
2019-02-07,241.66175842285156
2019-02-08,241.95697021484375
2019-02-11,242.09115600585938
2019-02-12,245.204345703125
2019-02-13,246.00051879882812
2019-02-14,245.4548797607422
2019-02-15,248.12950134277344
2019-02-19,248.5590057373047
2019-02-20,249.05999755859375
2019-02-21,248.17433166503906
2019-02-22,249.71302795410156
2019-02-25,250.05296325683594
2019-02-26,249.8740234375
2019-02-27,249.76670837402344
2019-02-28,249.3015594482422
2019-03-01,250.85812377929688
2019-03-04,249.94557189941406
2019-03-05,249.6056671142578
2019-03-06,248.0938262939453
2019-03-07,246.0184326171875
2019-03-08,245.52642822265625
2019-03-11,249.08682250976562
2019-03-12,250.02610778808594
2019-03-13,251.68109130859375
2019-03-14,251.52003479003906
2019-03-15,252.7627716064453
2019-03-18,253.67913818359375
2019-03-19,253.7420654296875
2019-03-20,252.97825622558594
2019-03-21,255.835693359375
2019-03-22,250.91171264648438
2019-03-25,250.72312927246094
2019-03-26,252.59202575683594
2019-03-27,251.2711639404297
2019-03-28,252.22357177734375
2019-03-29,253.81402587890625
2019-04-01,256.823974609375
2019-04-02,256.9497985839844
2019-04-03,257.354248046875
2019-04-04,258.0370178222656
2019-04-05,259.285888671875
2019-04-08,259.48358154296875
2019-04-09,258.15386962890625
2019-04-10,259.03448486328125
2019-04-11,258.96246337890625
2019-04-12,260.714599609375
2019-04-15,260.54388427734375
2019-04-16,260.714599609375
2019-04-17,260.07666015625
2019-04-18,260.58880615234375
2019-04-22,260.8134460449219
2019-04-23,263.1585693359375
2019-04-24,262.5745544433594
2019-04-25,262.4127502441406
2019-04-26,263.6347351074219
2019-04-29,264.0481262207031
2019-04-30,264.1828308105469
2019-05-01,262.1971740722656
2019-05-02,261.6310119628906
2019-05-03,264.19183349609375
2019-05-06,263.1047058105469
2019-05-07,258.71087646484375
2019-05-08,258.3514404296875
2019-05-09,257.5697937011719
2019-05-10,258.8636779785156
2019-05-13,252.35841369628906
2019-05-14,254.64059448242188
2019-05-15,256.13214111328125
2019-05-16,258.50421142578125
2019-05-17,256.8329772949219
2019-05-20,255.13475036621094
2019-05-21,257.4349365234375
2019-05-22,256.6442565917969
2019-05-23,253.5084228515625
2019-05-24,254.08355712890625
2019-05-28,251.72035217285156
2019-05-29,250.0311279296875
2019-05-30,250.71417236328125
2019-05-31,247.3356475830078
2019-06-03,246.7067413330078
2019-06-04,252.0618133544922
2019-06-05,254.24522399902344
2019-06-06,255.8985137939453
2019-06-07,258.4592590332031
2019-06-10,259.6453552246094
2019-06-11,259.5824890136719
2019-06-12,259.1242370605469
2019-06-13,260.1934509277344
2019-06-14,259.90594482421875
2019-06-17,260.00482177734375
2019-06-18,262.7273254394531
2019-06-19,263.3202209472656
2019-06-20,265.83612060546875
2019-06-21,265.44976806640625
2019-06-24,265.124755859375
2019-06-25,262.5243225097656
2019-06-26,262.262451171875
2019-06-27,263.1924743652344
2019-06-28,264.5468444824219
2019-07-01,266.94854736328125
2019-07-02,267.6437683105469
2019-07-03,269.7835998535156
2019-07-05,269.4766540527344
2019-07-08,267.9958801269531
2019-07-09,268.32989501953125
2019-07-10,269.61199951171875
2019-07-11,270.2440490722656
2019-07-12,271.4538879394531
2019-07-15,271.544189453125
2019-07-16,270.6684875488281
2019-07-17,268.8265380859375
2019-07-18,269.8106994628906
2019-07-19,268.3118591308594
2019-07-22,268.970947265625
2019-07-23,270.8941345214844
2019-07-24,272.16729736328125
2019-07-25,270.8671569824219
2019-07-26,272.68194580078125
2019-07-29,272.185302734375
2019-07-30,271.5171203613281
2019-07-31,268.54656982421875
2019-08-01,266.2080993652344
2019-08-02,264.2037353515625
2019-08-05,256.2582702636719
2019-08-06,259.8517761230469
2019-08-07,260.0052490234375
2019-08-08,265.1065979003906
2019-08-09,263.3008117675781
2019-08-12,260.09564208984375
2019-08-13,264.1405029296875
2019-08-14,256.3304443359375
2019-08-15,257.0077209472656
2019-08-16,260.7998046875
2019-08-19,263.9419250488281
2019-08-20,261.9194641113281
2019-08-21,264.0502014160156
2019-08-22,263.968994140625
2019-08-23,257.1882629394531
2019-08-26,260.0323486328125
2019-08-27,259.0121154785156
2019-08-28,260.8359680175781
2019-08-29,264.16754150390625
2019-08-30,264.0502014160156
2019-09-03,262.50628662109375
2019-09-04,265.4858093261719
2019-09-05,268.8987731933594
2019-09-06,269.1064758300781
2019-09-09,269.2418518066406
2019-09-10,269.17864990234375
2019-09-11,271.0927734375
2019-09-12,272.0317687988281
2019-09-13,271.85113525390625
2019-09-16,271.01165771484375
2019-09-17,271.6977233886719
2019-09-18,271.8602294921875
2019-09-19,271.8421325683594
2019-09-20,270.55780029296875
2019-09-23,270.4942321777344
2019-09-24,268.3717041015625
2019-09-25,269.9591064453125
2019-09-26,269.396728515625
2019-09-27,267.9454345703125
2019-09-30,269.1880798339844
2019-10-01,265.9861755371094
2019-10-02,261.28765869140625
2019-10-03,263.42828369140625
2019-10-04,266.9930725097656
2019-10-07,265.84112548828125
2019-10-08,261.7139892578125
2019-10-09,264.1993103027344
2019-10-10,265.9861755371094
2019-10-11,268.74365234375
2019-10-14,268.4443359375
2019-10-15,271.10205078125
2019-10-16,270.6666259765625
2019-10-17,271.4648132324219
2019-10-18,270.276611328125
2019-10-21,272.10882568359375
2019-10-22,271.22003173828125
2019-10-23,272.0090637207031
2019-10-24,272.45361328125
2019-10-25,273.5691833496094
2019-10-28,275.1112365722656
2019-10-29,275.029541015625
2019-10-30,275.8731384277344
2019-10-31,275.1383972167969
2019-11-01,277.6872863769531
2019-11-04,278.8030090332031
2019-11-05,278.49462890625
2019-11-06,278.5580749511719
2019-11-07,279.5376892089844
2019-11-08,280.22698974609375
2019-11-11,279.6919250488281
2019-11-12,280.2814636230469
2019-11-13,280.3721618652344
2019-11-14,280.7802734375
2019-11-15,282.8121337890625
2019-11-18,283.02069091796875
2019-11-19,282.9390869140625
2019-11-20,281.88702392578125
2019-11-21,281.4334716796875
2019-11-22,282.0592346191406
2019-11-25,284.2453308105469
2019-11-26,284.8893737792969
2019-11-27,286.15924072265625
2019-11-29,285.0980224609375
2019-12-02,282.6761474609375
2019-12-03,280.7802734375
2019-12-04,282.5127868652344
2019-12-05,283.02069091796875
2019-12-06,285.6058654785156
2019-12-09,284.7079162597656
2019-12-10,284.3905334472656
2019-12-11,285.1977844238281
2019-12-12,287.6558837890625
2019-12-13,287.8282775878906
2019-12-16,289.80560302734375
2019-12-17,289.8691711425781
2019-12-18,289.88720703125
2019-12-19,291.07550048828125
2019-12-20,292.35162353515625
2019-12-23,292.7982177734375
2019-12-24,292.8074035644531
2019-12-26,294.3661193847656
2019-12-27,294.29315185546875
2019-12-30,292.670654296875
2019-12-31,293.3815612792969
2020-01-02,296.125244140625
2020-01-03,293.88299560546875
2020-01-06,295.00421142578125
2020-01-07,294.1747131347656
2020-01-08,295.7425231933594
2020-01-09,297.7478942871094
2020-01-10,296.8909606933594
2020-01-13,298.93280029296875
2020-01-14,298.47705078125
2020-01-15,299.15155029296875
2020-01-16,301.6400146484375
2020-01-17,302.5788269042969
2020-01-21,301.9863586425781
2020-01-22,302.0228271484375
2020-01-23,302.369140625
2020-01-24,299.68017578125
2020-01-27,294.87646484375
2020-01-28,297.9666442871094
2020-01-29,297.72039794921875
2020-01-30,298.6866149902344
2020-01-31,293.2630920410156
2020-02-03,295.4416198730469
2020-02-04,299.944580078125
2020-02-05,303.4083251953125
2020-02-06,304.4292297363281
2020-02-07,302.8066711425781
2020-02-10,305.06732177734375
2020-02-11,305.5960388183594
2020-02-12,307.5648498535156
2020-02-13,307.2367858886719
2020-02-14,307.72894287109375
2020-02-18,306.9358825683594
2020-02-19,308.4034729003906
2020-02-20,307.1364440917969
2020-02-21,303.9735412597656
2020-02-24,293.8921203613281
2020-02-25,284.98651123046875
2020-02-26,283.938232421875
2020-02-27,271.18603515625
2020-02-28,270.04681396484375
2020-03-02,281.7414855957031
2020-03-03,273.6745300292969
2020-03-04,285.1779479980469
2020-03-05,275.69818115234375
2020-03-06,271.1405334472656
2020-03-09,249.96592712402344
2020-03-10,262.9003601074219
2020-03-11,250.0843963623047
2020-03-12,226.15708923339844
2020-03-13,245.49037170410156
2020-03-16,218.62791442871094
2020-03-17,230.43209838867188
2020-03-18,218.76466369628906
2020-03-19,219.22952270507812
2020-03-20,209.781982421875
2020-03-23,204.4182586669922
2020-03-24,222.93922424316406
2020-03-25,226.27664184570312
2020-03-26,239.48892211914062
2020-03-27,232.35552978515625
2020-03-30,239.9014434814453
2020-03-31,236.32565307617188
2020-04-01,225.6898651123047
2020-04-02,230.89772033691406
2020-04-03,227.56031799316406
2020-04-06,242.8446807861328
2020-04-07,243.09222412109375
2020-04-08,251.25241088867188
2020-04-09,255.0758056640625
2020-04-13,252.74697875976562
2020-04-14,260.20123291015625
2020-04-15,254.67245483398438
2020-04-16,255.9010772705078
2020-04-17,262.8143005371094
2020-04-20,258.18408203125
2020-04-21,250.34475708007812
2020-04-22,255.9010772705078
2020-04-23,255.88270568847656
2020-04-24,259.4493103027344
2020-04-27,263.1902160644531
2020-04-28,261.97991943359375
2020-04-29,268.83819580078125
2020-04-30,266.33514404296875
2020-05-01,259.284423828125
2020-05-04,259.9994812011719
2020-05-05,262.4017028808594
2020-05-06,260.6229553222656
2020-05-07,263.767822265625
2020-05-08,268.1322021484375
2020-05-11,268.1872253417969
2020-05-12,262.8418273925781
2020-05-13,258.1932373046875
2020-05-14,261.2830505371094
2020-05-15,262.4842224121094
2020-05-18,270.4794616699219
2020-05-19,267.7012634277344
2020-05-20,272.2489929199219
2020-05-21,270.3694152832031
2020-05-22,270.8828125
2020-05-26,274.2201843261719
2020-05-27,278.3004150390625
2020-05-28,277.786865234375
2020-05-29,279.02471923828125
2020-06-01,280.1524658203125
2020-06-02,282.4721984863281
2020-06-03,286.2313537597656
2020-06-04,285.4795837402344
2020-06-05,292.79632568359375
2020-06-08,296.3354187011719
2020-06-09,294.1257629394531
2020-06-10,292.4844970703125
2020-06-11,275.62310791015625
2020-06-12,278.92388916015625
2020-06-15,281.52783203125
2020-06-16,286.9465026855469
2020-06-17,285.7546081542969
2020-06-18,285.8645935058594
2020-06-19,284.2308349609375
2020-06-22,286.0542907714844
2020-06-23,287.37127685546875
2020-06-24,280.04083251953125
2020-06-25,283.0429382324219
2020-06-26,276.3203125
2020-06-29,280.3814697265625
2020-06-30,283.9731140136719
2020-07-01,285.9622497558594
2020-07-02,287.5370178222656
2020-07-06,291.9758605957031
2020-07-07,288.96441650390625
2020-07-08,291.1745910644531
2020-07-09,289.5169982910156
2020-07-10,292.4731140136719
2020-07-13,289.9406433105469
2020-07-14,293.6979675292969
2020-07-15,296.396240234375
2020-07-16,295.4200744628906
2020-07-17,296.2764892578125
2020-07-20,298.6709289550781
2020-07-21,299.30633544921875
2020-07-22,301.010009765625
2020-07-23,297.4184875488281
2020-07-24,295.5028991699219
2020-07-27,297.6578369140625
2020-07-28,295.7700500488281
2020-07-29,299.4075622558594
2020-07-30,298.33941650390625
2020-07-31,300.6968078613281
2020-08-03,302.7873229980469
2020-08-04,303.9569396972656
2020-08-05,305.8447570800781
2020-08-06,307.8892822265625
2020-08-07,308.1102600097656
2020-08-10,309.03118896484375
2020-08-11,306.4801940917969
2020-08-12,310.7532043457031
2020-08-13,310.1915283203125
2020-08-14,310.2007141113281
2020-08-17,311.1861267089844
2020-08-18,311.8583679199219
2020-08-19,310.5599365234375
2020-08-20,311.5268859863281
2020-08-21,312.6319580078125
2020-08-24,315.7999267578125
2020-08-25,316.90496826171875
2020-08-26,320.0821533203125
2020-08-27,320.7820129394531
2020-08-28,322.8540344238281
2020-08-31,321.6845703125
2020-09-01,324.7143859863281
2020-09-02,329.4109802246094
2020-09-03,318.07452392578125
2020-09-04,315.4775085449219
2020-09-08,306.8577880859375
2020-09-09,312.91748046875
2020-09-10,307.48406982421875
2020-09-11,307.640625
2020-09-14,311.69256591796875
2020-09-15,313.26739501953125
2020-09-16,312.0240478515625
2020-09-17,309.27984619140625
2020-09-18,305.7192077636719
2020-09-21,302.3166198730469
2020-09-22,305.39556884765625
2020-09-23,298.3132019042969
2020-09-24,299.1082763671875
2020-09-25,303.9440002441406
2020-09-28,308.9923095703125
2020-09-29,307.3094482421875
2020-09-30,309.6394958496094
2020-10-01,311.62744140625
2020-10-02,308.6686706542969
2020-10-05,314.1424255371094
2020-10-06,309.67645263671875
2020-10-07,315.06689453125
2020-10-08,317.85919189453125
2020-10-09,320.6977233886719
2020-10-12,325.85699462890625
2020-10-13,323.7303771972656
2020-10-14,321.6962585449219
2020-10-15,321.2987060546875
2020-10-16,321.10455322265625
2020-10-19,316.22271728515625
2020-10-20,317.48931884765625
2020-10-21,316.8883361816406
2020-10-22,318.6265563964844
2020-10-23,319.7083740234375
2020-10-26,313.8002014160156
2020-10-27,312.7184143066406
2020-10-28,302.0299987792969
2020-10-29,305.0997314453125
2020-10-30,301.9190673828125
2020-11-02,305.3030700683594
2020-11-03,310.6935119628906
2020-11-04,317.6372985839844
2020-11-05,323.8321533203125
2020-11-06,323.7581787109375
2020-11-09,327.8263854980469
2020-11-10,327.3456115722656
2020-11-11,329.77734375
2020-11-12,326.5782470703125
2020-11-13,331.09942626953125
2020-11-16,335.232421875
2020-11-17,333.4294738769531
2020-11-18,329.4167175292969
2020-11-19,330.8035888671875
2020-11-20,328.53826904296875
2020-11-23,330.5077209472656
2020-11-24,335.8334045410156
2020-11-25,335.3155822753906
2020-11-27,336.24951171875
2020-11-30,334.76080322265625
2020-12-01,338.42230224609375
2020-12-02,339.13421630859375
2020-12-03,339.04180908203125
2020-12-04,341.9635009765625
2020-12-07,341.26080322265625
2020-12-08,342.2593688964844
2020-12-09,339.189697265625
2020-12-10,339.0787353515625
2020-12-11,338.68115234375
2020-12-14,337.1647644042969
2020-12-15,341.7231140136719
2020-12-16,342.2593688964844
2020-12-17,344.17333984375
2020-12-18,342.799072265625
2020-12-21,341.57342529296875
2020-12-22,340.9977111816406
2020-12-23,341.3041076660156
2020-12-24,342.63189697265625
2020-12-28,345.5754699707031
2020-12-29,344.9161071777344
2020-12-30,345.4082946777344
2020-12-31,347.16326904296875
2021-01-04,342.4369201660156
2021-01-05,344.79541015625
2021-01-06,346.85675048828125
2021-01-07,352.0101623535156
2021-01-08,354.0158386230469
2021-01-11,351.6294860839844
2021-01-12,351.7037048339844
2021-01-13,352.65093994140625
2021-01-14,351.4158935546875
2021-01-15,348.8531799316406
2021-01-19,351.59234619140625
2021-01-20,356.45794677734375
2021-01-21,356.7828674316406
2021-01-22,355.5200500488281
2021-01-25,356.92218017578125
2021-01-26,356.36505126953125
2021-01-27,347.6553649902344
2021-01-28,350.6452331542969
2021-01-29,343.62542724609375
2021-02-01,349.3453063964844
2021-02-02,354.28509521484375
2021-02-03,354.5636901855469
2021-02-04,358.5935363769531
2021-02-05,360.00494384765625
2021-02-08,362.6048889160156
2021-02-09,362.3633728027344
2021-02-10,362.2055969238281
2021-02-11,362.79058837890625
2021-02-12,364.5826721191406
2021-02-16,364.2669372558594
2021-02-17,364.3505554199219
2021-02-18,362.79986572265625
2021-02-19,362.1591796875
2021-02-22,359.37353515625
2021-02-23,359.8098449707031
2021-02-24,363.7747497558594
2021-02-25,355.00946044921875
2021-02-26,353.1801452636719
2021-03-01,361.7413635253906
2021-03-02,358.9185485839844
2021-03-03,354.16448974609375
2021-03-04,349.7817687988281
2021-03-05,356.21649169921875
2021-03-08,354.4429931640625
2021-03-09,359.50347900390625
2021-03-10,361.7413635253906
2021-03-11,365.40899658203125
2021-03-12,365.9012451171875
2021-03-15,368.0832214355469
2021-03-16,367.6190185546875
2021-03-17,368.87249755859375
2021-03-18,363.5055236816406
2021-03-19,362.8330078125
2021-03-22,365.730224609375
2021-03-23,362.8515625
2021-03-24,361.00701904296875
2021-03-25,363.0379638671875
2021-03-26,368.88818359375
2021-03-29,368.701904296875
2021-03-30,367.7237854003906
2021-03-31,369.2142333984375
2021-04-01,373.2013854980469
2021-04-05,378.55804443359375
2021-04-06,378.33447265625
2021-04-07,378.7723693847656
2021-04-08,380.5703430175781
2021-04-09,383.33709716796875
2021-04-12,383.47686767578125
2021-04-13,384.61328125
2021-04-14,383.29986572265625
2021-04-15,387.4173889160156
2021-04-16,388.71234130859375
2021-04-19,386.8025817871094
2021-04-20,383.9706115722656
2021-04-21,387.603759765625
2021-04-22,384.0637512207031
2021-04-23,388.2279052734375
2021-04-26,389.038330078125
2021-04-27,388.9544677734375
2021-04-28,388.8426818847656
2021-04-29,391.32080078125
2021-04-30,388.7495422363281
2021-05-03,389.58807373046875
2021-05-04,387.18450927734375
2021-05-05,387.3056335449219
2021-05-06,390.3984680175781
2021-05-07,393.2397766113281
2021-05-10,389.3457336425781
2021-05-11,385.87103271484375
2021-05-12,377.6730041503906
2021-05-13,382.2098693847656
2021-05-14,388.0787658691406
2021-05-17,387.0913391113281
2021-05-18,383.75628662109375
2021-05-19,382.7501220703125
2021-05-20,386.8678283691406
2021-05-21,386.5510559082031
2021-05-24,390.49163818359375
2021-05-25,389.6253356933594
2021-05-26,390.3984680175781
2021-05-27,390.6034240722656
2021-05-28,391.3020935058594
2021-06-01,390.9574279785156
2021-06-02,391.5722961425781
2021-06-03,390.1189880371094
2021-06-04,393.6869812011719
2021-06-07,393.3049621582031
2021-06-08,393.38885498046875
2021-06-09,392.80194091796875
2021-06-10,394.62786865234375
2021-06-11,395.2799987792969
2021-06-14,396.1649169921875
2021-06-15,395.4383850097656
2021-06-16,393.2304992675781
2021-06-17,393.1000061035156
2021-06-18,387.7970275878906
2021-06-21,393.34869384765625
2021-06-22,395.4515380859375
2021-06-23,394.9749755859375
2021-06-24,397.3115234375
2021-06-25,398.7227478027344
2021-06-28,399.526611328125
2021-06-29,399.7415771484375
2021-06-30,400.07806396484375
2021-07-01,402.2931213378906
2021-07-02,405.3680419921875
2021-07-06,404.6297302246094
2021-07-07,406.05963134765625
2021-07-08,402.7510986328125
2021-07-09,407.0503234863281
2021-07-12,408.50836181640625
2021-07-13,407.11578369140625
2021-07-14,407.7232666015625
2021-07-15,406.3307189941406
2021-07-16,403.1436462402344
2021-07-19,397.1900329589844
2021-07-20,402.8818664550781
2021-07-21,406.1437072753906
2021-07-22,406.9942626953125
2021-07-23,411.1814270019531
2021-07-26,412.1908264160156
2021-07-27,410.3122253417969
2021-07-28,410.1440124511719
2021-07-29,411.8450012207031
2021-07-30,409.8449401855469
2021-08-02,408.9850158691406
2021-08-03,412.3123474121094
2021-08-04,410.2841796875
2021-08-05,412.88250732421875
2021-08-06,413.5647277832031
2021-08-09,413.2283630371094
2021-08-10,413.7422790527344
2021-08-11,414.7704162597656
2021-08-12,416.013427734375
2021-08-13,416.7705383300781
2021-08-16,417.751953125
2021-08-17,415.0134582519531
2021-08-18,410.4711608886719
2021-08-19,411.1065979003906
2021-08-20,414.3778991699219
2021-08-23,418.02294921875
2021-08-24,418.68646240234375
2021-08-25,419.56512451171875
2021-08-26,417.0883483886719
2021-08-27,420.8175354003906
2021-08-30,422.6680908203125
2021-08-31,422.0418701171875
2021-09-01,422.2660827636719
2021-09-02,423.5653381347656
2021-09-03,423.4624938964844
2021-09-07,421.9483947753906
2021-09-08,421.4343566894531
2021-09-09,419.6305847167969
2021-09-10,416.3218994140625
2021-09-13,417.38739013671875
2021-09-14,415.1349792480469
2021-09-15,418.6024169921875
2021-09-16,417.93890380859375
2021-09-17,413.8677062988281
2021-09-20,406.9667663574219
2021-09-21,406.5823059082031
2021-09-22,410.54852294921875
2021-09-23,415.5366516113281
2021-09-24,416.2211608886719
2021-09-27,415.0303039550781
2021-09-28,406.6667175292969
2021-09-29,407.3511657714844
2021-09-30,402.37237548828125
2021-10-01,407.1542663574219
2021-10-04,401.903564453125
2021-10-05,406.0853576660156
2021-10-06,407.7729797363281
2021-10-07,411.2986145019531
2021-10-08,410.54852294921875
2021-10-11,407.57623291015625
2021-10-12,406.5729064941406
2021-10-13,408.03570556640625
2021-10-14,414.8990478515625
2021-10-15,418.058837890625
2021-10-18,419.2965087890625
2021-10-19,422.5312805175781
2021-10-20,424.1909484863281
2021-10-21,425.29736328125
2021-10-22,424.8566589355469
2021-10-25,427.13507080078125
2021-10-26,427.5195007324219
2021-10-27,425.62548828125
2021-10-28,429.7322692871094
2021-10-29,430.6042785644531
2021-11-01,431.34490966796875
2021-11-02,433.08892822265625
2021-11-03,435.7330322265625
2021-11-04,437.7864685058594
2021-11-05,439.3054504394531
2021-11-08,439.6805114746094
2021-11-09,438.2271728515625
2021-11-10,434.7016906738281
2021-11-11,434.84234619140625
2021-11-12,438.1239929199219
2021-11-15,438.2740173339844
2021-11-16,440.0086669921875
2021-11-17,438.93975830078125
2021-11-18,440.4305725097656
2021-11-19,439.6429748535156
2021-11-22,438.40533447265625
2021-11-23,438.98663330078125
2021-11-24,440.1586608886719
2021-11-26,430.341796875
2021-11-29,435.62054443359375
2021-11-30,427.1444396972656
2021-12-01,422.4000244140625
2021-12-02,428.8696594238281
2021-12-03,425.13787841796875
2021-12-06,430.17303466796875
2021-12-07,439.0710144042969
2021-12-08,440.233642578125
2021-12-09,437.2613830566406
2021-12-10,441.3775939941406
2021-12-13,437.46771240234375
2021-12-14,434.4578552246094
2021-12-15,441.246337890625
2021-12-16,437.355224609375
2021-12-17,432.70050048828125
2021-12-20,428.09942626953125
2021-12-21,435.7019958496094
2021-12-22,440.0584411621094
2021-12-23,442.7965393066406
2021-12-27,449.06298828125
2021-12-28,448.69610595703125
2021-12-29,449.27008056640625
2021-12-30,448.0280456542969
2021-12-31,446.8989562988281
2022-01-03,449.4864501953125
2022-01-04,449.3358459472656
2022-01-05,440.7076110839844
2022-01-06,440.293701171875
2022-01-07,438.55291748046875
2022-01-10,438.00732421875
2022-01-11,441.9967346191406
2022-01-12,443.191650390625
2022-01-13,437.08514404296875
2022-01-14,437.263916015625
2022-01-18,429.5201416015625
2022-01-19,425.0602111816406
2022-01-20,420.3555908203125
2022-01-21,412.103759765625
2022-01-24,413.8537902832031
2022-01-25,408.80108642578125
2022-01-26,407.7755126953125
2022-01-27,405.76190185546875
2022-01-28,415.8392028808594
2022-01-31,423.3289794921875
2022-02-01,426.1893310546875
2022-02-02,430.3293151855469
2022-02-03,420.2144775390625
2022-02-04,422.1904296875
2022-02-07,420.8355407714844
2022-02-08,424.29803466796875
2022-02-09,430.50811767578125
2022-02-10,422.7737731933594
2022-02-11,414.437255859375
2022-02-14,413.08221435546875
2022-02-15,419.7439880371094
2022-02-16,420.2144775390625
2022-02-17,411.23809814453125
2022-02-18,408.5752868652344
2022-02-22,404.19061279296875
2022-02-23,397.02081298828125
2022-02-24,402.9956359863281
2022-02-25,411.8872985839844
2022-02-28,410.8335266113281
2022-03-01,404.57635498046875
2022-03-02,412.01904296875
2022-03-03,409.9678649902344
2022-03-04,406.6369934082031
2022-03-07,394.64971923828125
2022-03-08,391.65765380859375
2022-03-09,402.1582336425781
2022-03-10,400.3421630859375
2022-03-11,395.2518615722656
2022-03-14,392.3632507324219
2022-03-15,400.99151611328125
2022-03-16,409.8831481933594
2022-03-17,415.0111999511719
2022-03-18,419.55670166015625
2022-03-21,419.4341125488281
2022-03-22,424.3419494628906
2022-03-23,418.8771667480469
2022-03-24,425.1914367675781
2022-03-25,427.2679138183594
2022-03-28,430.30706787109375
2022-03-29,435.63031005859375
2022-03-30,432.9403991699219
2022-03-31,426.2768859863281
2022-04-01,427.4849853515625
2022-04-04,431.1470642089844
2022-04-05,425.7011413574219
2022-04-06,421.4443664550781
2022-04-07,423.5679626464844
2022-04-08,422.4354248046875
2022-04-11,415.2150573730469
2022-04-12,413.6766052246094
2022-04-13,418.4147033691406
2022-04-14,413.2047119140625
2022-04-18,413.3746032714844
2022-04-19,420.0475158691406
2022-04-20,419.73602294921875
2022-04-21,413.45947265625
2022-04-22,402.1145324707031
2022-04-25,404.44586181640625
2022-04-26,392.73272705078125
2022-04-27,393.8370056152344
2022-04-28,403.7851867675781
2022-04-29,388.8630065917969
2022-05-02,391.20367431640625
2022-05-03,392.9970397949219
2022-05-04,404.9649353027344
2022-05-05,390.5713806152344
2022-05-06,388.24005126953125
2022-05-09,375.80963134765625
2022-05-10,376.677978515625
2022-05-11,370.69403076171875
2022-05-12,370.3070373535156
2022-05-13,379.16021728515625
2022-05-16,377.62176513671875
2022-05-17,385.3896789550781
2022-05-18,369.8539733886719
2022-05-19,367.5887451171875
2022-05-20,367.7492980957031
2022-05-23,374.62982177734375
2022-05-24,371.77001953125
2022-05-25,375.0545959472656
2022-05-26,382.5487060546875
2022-05-27,391.93988037109375
2022-05-31,389.7407531738281
2022-06-01,386.5883483886719
2022-06-02,393.95025634765625
2022-06-03,387.4849853515625
2022-06-06,388.6647644042969
2022-06-07,392.3929138183594
2022-06-08,388.1268615722656
2022-06-09,378.8959655761719
2022-06-10,367.90966796875
2022-06-13,353.9407958984375
2022-06-14,352.8742370605469
2022-06-15,357.9049377441406
2022-06-16,346.05975341796875
2022-06-17,346.8057861328125
2022-06-21,355.53607177734375
2022-06-22,354.89154052734375
2022-06-23,358.3703308105469
2022-06-24,369.7642517089844
2022-06-27,368.3519287109375
2022-06-28,360.8254699707031
2022-06-29,360.53155517578125
2022-06-30,357.6026306152344
2022-07-01,361.3846740722656
2022-07-05,362.0672302246094
2022-07-06,363.2900390625
2022-07-07,368.7311096191406
2022-07-08,368.42779541015625
2022-07-11,364.218994140625
2022-07-12,360.99603271484375
2022-07-13,359.1002502441406
2022-07-14,358.2281494140625
2022-07-15,365.07208251953125
2022-07-18,362.0577087402344
2022-07-19,371.8403015136719
2022-07-20,374.21002197265625
2022-07-21,378.02069091796875
2022-07-22,374.5133972167969
2022-07-25,374.96844482421875
2022-07-26,370.5322265625
2022-07-27,380.153564453125
2022-07-28,384.9216003417969
2022-07-29,390.5333251953125
2022-08-01,389.37677001953125
2022-08-02,386.8078918457031
2022-08-03,392.865234375
2022-08-04,392.5997314453125
2022-08-05,391.9362487792969
2022-08-08,391.481201171875
2022-08-09,389.9266052246094
2022-08-10,398.1166076660156
2022-08-11,398.1166076660156
2022-08-12,404.8563232421875
2022-08-15,406.524658203125
2022-08-16,407.3209228515625
2022-08-17,404.42974853515625
2022-08-18,405.6051940917969
2022-08-19,400.1546630859375
2022-08-22,391.8223876953125
2022-08-23,390.87451171875
2022-08-24,392.125732421875
2022-08-25,397.66162109375
2022-08-26,384.2011413574219
2022-08-29,381.66082763671875
2022-08-30,377.4709167480469
2022-08-31,374.59869384765625
2022-09-01,375.7742004394531
2022-09-02,371.81182861328125
2022-09-06,370.40899658203125
2022-09-07,377.0633239746094
2022-09-08,379.52783203125
2022-09-09,385.4239807128906
2022-09-12,389.56646728515625
2022-09-13,372.6270751953125
2022-09-14,374.0489501953125
2022-09-15,369.8022766113281
2022-09-16,366.9810791015625
2022-09-19,369.8270263671875
2022-09-20,365.5819396972656
2022-09-21,359.2048034667969
2022-09-22,356.1875915527344
2022-09-23,350.2196960449219
2022-09-26,346.7550354003906
2022-09-27,345.8699035644531
2022-09-28,352.6753234863281
2022-09-29,345.30828857421875
2022-09-30,339.96868896484375
2022-10-03,348.9441833496094
2022-10-04,359.7568664550781
2022-10-05,358.91925048828125
2022-10-06,355.2166442871094
2022-10-07,345.30828857421875
2022-10-10,342.6717224121094
2022-10-11,340.50164794921875
2022-10-12,339.3784484863281
2022-10-13,348.3350524902344
2022-10-14,340.3968811035156
2022-10-17,349.1441345214844
2022-10-18,353.24639892578125
2022-10-19,350.7431335449219
2022-10-20,347.80206298828125
2022-10-21,356.254150390625
2022-10-24,360.6134338378906
2022-10-25,366.3719177246094
2022-10-26,363.61163330078125
2022-10-27,361.6699523925781
2022-10-28,370.2743835449219
2022-10-31,367.5997009277344
2022-11-01,365.9912109375
2022-11-02,356.8061828613281
2022-11-03,353.1322326660156
2022-11-04,358.21490478515625
2022-11-07,361.6414489746094
2022-11-08,363.5926513671875
2022-11-09,356.10186767578125
2022-11-10,375.6711730957031
2022-11-11,379.3070983886719
2022-11-14,376.08038330078125
2022-11-15,379.2880554199219
2022-11-16,376.3945007324219
2022-11-17,375.24285888671875
2022-11-18,376.9465637207031
2022-11-21,375.575927734375
2022-11-22,380.6300964355469
2022-11-23,383.0286560058594
2022-11-25,382.94305419921875
2022-11-28,376.8323669433594
2022-11-29,376.18511962890625
2022-11-30,388.0351867675781
2022-12-01,387.74969482421875
2022-12-02,387.3022766113281
2022-12-05,380.3350524902344
2022-12-06,374.8525390625
2022-12-07,374.21484375
2022-12-08,377.14642333984375
2022-12-09,374.3291015625
2022-12-12,379.7258605957031
2022-12-13,382.600341796875
2022-12-14,380.1541748046875
2022-12-15,370.8550109863281
2022-12-16,366.47662353515625
2022-12-19,363.3690185546875
2022-12-20,363.86627197265625
2022-12-21,369.306884765625
2022-12-22,364.0383605957031
2022-12-23,366.13238525390625
2022-12-27,364.6885681152344
2022-12-28,360.15618896484375
2022-12-29,366.63916015625
2022-12-30,365.67340087890625
2023-01-03,364.1339416503906
2023-01-04,366.94512939453125
2023-01-05,362.7570495605469
2023-01-06,371.0758361816406
2023-01-09,370.865478515625
2023-01-10,373.4662780761719
2023-01-11,378.1898498535156
2023-01-12,379.5667724609375
2023-01-13,381.0392761230469
2023-01-17,380.34124755859375
2023-01-18,374.33642578125
2023-01-19,371.6112976074219
2023-01-20,378.5341491699219
2023-01-23,383.0759582519531
2023-01-24,382.6648254394531
2023-01-25,382.8082275390625
2023-01-26,387.01544189453125
2023-01-27,387.9046630859375
2023-01-30,383.0377197265625
2023-01-31,388.669677734375
2023-02-01,392.80035400390625
2023-02-02,398.51837158203125
2023-02-03,394.28240966796875
2023-02-06,391.8728332519531
2023-02-07,396.9980163574219
2023-02-08,392.656982421875
2023-02-09,389.25286865234375
2023-02-10,390.1612854003906
2023-02-13,394.74139404296875
2023-02-14,394.55975341796875
2023-02-15,395.8410339355469
2023-02-16,390.39080810546875
2023-02-17,389.4154968261719
2023-02-21,381.6034240722656
2023-02-22,381.0774841308594
2023-02-23,383.1046447753906
2023-02-24,379.0121765136719
2023-02-27,380.30303955078125
2023-02-28,378.8974304199219
2023-03-01,377.4440612792969
2023-03-02,380.3794860839844
2023-03-03,386.4800109863281
2023-03-06,386.7477111816406
2023-03-07,380.8193664550781
2023-03-08,381.4409484863281
2023-03-09,374.40338134765625
2023-03-10,369.00091552734375
2023-03-13,368.4750061035156
2023-03-14,374.56591796875
2023-03-15,372.2232666015625
2023-03-16,378.7539978027344
2023-03-17,374.3253479003906
2023-03-20,377.92474365234375
2023-03-21,382.8870544433594
2023-03-22,376.36016845703125
2023-03-23,377.3776550292969
2023-03-24,379.8539733886719
2023-03-27,380.5642395019531
2023-03-28,379.7099914550781
2023-03-29,385.2290344238281
2023-03-30,387.4847106933594
2023-03-31,392.94610595703125
2023-04-03,394.4434814453125
2023-04-04,392.25506591796875
2023-04-05,391.2279968261719
2023-04-06,392.754150390625
2023-04-10,393.1572265625
2023-04-11,393.2629089355469
2023-04-12,391.659912109375
2023-04-13,396.8622131347656
2023-04-14,395.8927917480469
2023-04-17,397.3133544921875
2023-04-18,397.5725402832031
2023-04-19,397.50531005859375
2023-04-20,395.3360900878906
2023-04-21,395.64324951171875
2023-04-24,396.05596923828125
2023-04-25,389.76904296875
2023-04-26,388.1181335449219
2023-04-27,395.8448181152344
2023-04-28,399.22344970703125
2023-05-01,398.82025146484375
2023-05-02,394.3378601074219
2023-05-03,391.63116455078125
2023-05-04,388.8572692871094
2023-05-05,396.05596923828125
2023-05-08,396.16156005859375
2023-05-09,394.4242858886719
2023-05-10,396.2671203613281
2023-05-11,395.5760192871094
2023-05-12,395.0577392578125
2023-05-15,396.42071533203125
2023-05-16,393.77154541015625
2023-05-17,398.55157470703125
2023-05-18,402.390869140625
2023-05-19,401.8053894042969
2023-05-22,401.9685974121094
2023-05-23,397.45733642578125
2023-05-24,394.57781982421875
2023-05-25,397.994873046875
2023-05-26,403.1490783691406
2023-05-30,403.30267333984375
2023-05-31,401.0663146972656
2023-06-01,404.8769226074219
2023-06-02,410.7318420410156
2023-06-05,409.9447937011719
2023-06-06,410.8374328613281
2023-06-07,409.41680908203125
2023-06-08,411.8932189941406
2023-06-09,412.6322937011719
2023-06-12,416.3755798339844
2023-06-13,419.1207275390625
2023-06-14,419.6198425292969
2023-06-15,424.8221740722656
2023-06-16,423.3751525878906
2023-06-20,421.1785583496094
2023-06-21,419.0205993652344
2023-06-22,420.53314208984375
2023-06-23,417.35382080078125
2023-06-26,415.648681640625
2023-06-27,420.20562744140625
2023-06-28,420.41754150390625
2023-06-29,422.0745544433594
2023-06-30,427.0552978515625
2023-07-03,427.5467224121094
2023-07-05,426.91082763671875
2023-07-06,423.56781005859375
2023-07-07,422.4984130859375
2023-07-10,423.56781005859375
2023-07-11,426.26531982421875
2023-07-12,429.6950378417969
2023-07-13,433.10546875
2023-07-14,432.8357849121094
2023-07-17,434.338623046875
2023-07-18,437.5660095214844
2023-07-19,438.5390319824219
2023-07-20,435.62957763671875
2023-07-21,435.62957763671875
2023-07-24,437.5756530761719
2023-07-25,438.770263671875
2023-07-26,438.8377380371094
2023-07-27,435.92822265625
2023-07-28,440.1961364746094
2023-07-31,441.03424072265625
2023-08-01,439.772216796875
2023-08-02,433.65460205078125
2023-08-03,432.41180419921875
2023-08-04,430.45611572265625
2023-08-07,434.21337890625
2023-08-08,432.3251037597656
2023-08-09,429.4349670410156
2023-08-10,429.5890808105469
2023-08-11,429.33856201171875
2023-08-14,431.7085266113281
2023-08-15,426.6796569824219
2023-08-16,423.5486145019531
2023-08-17,420.3211669921875
2023-08-18,420.52349853515625
2023-08-21,423.259521484375
2023-08-22,422.11309814453125
2023-08-23,426.81451416015625
2023-08-24,420.8992614746094
2023-08-25,423.86651611328125
2023-08-28,426.55438232421875
2023-08-29,432.7200622558594
2023-08-30,434.50244140625
2023-08-31,433.8665771484375
2023-09-01,434.6758117675781
2023-09-05,432.7971496582031
2023-09-06,429.8876953125
2023-09-07,428.5679016113281
2023-09-08,429.2132873535156
2023-09-11,432.0361022949219
2023-09-12,429.6661376953125
2023-09-13,430.1670837402344
2023-09-14,433.8761901855469
2023-09-15,428.64874267578125
2023-09-18,428.90008544921875
2023-09-19,428.0105895996094
2023-09-20,424.0757751464844
2023-09-21,417.06646728515625
2023-09-22,416.1287536621094
2023-09-25,417.87860107421875
2023-09-26,411.7394104003906
2023-09-27,411.90374755859375
2023-09-28,414.291748046875
2023-09-29,413.2862854003906
2023-10-02,413.12200927734375
2023-10-03,407.5918884277344
2023-10-04,410.5599365234375
2023-10-05,410.4052429199219
2023-10-06,415.2779541015625
2023-10-09,417.9366149902344
2023-10-10,420.1118469238281
2023-10-11,421.832763671875
2023-10-12,419.2611389160156
2023-10-13,417.1728210449219
2023-10-16,421.5621032714844
2023-10-17,421.5427551269531
2023-10-18,415.9256286621094
2023-10-19,412.27117919921875
2023-10-20,407.2051086425781
2023-10-23,406.49945068359375
2023-10-24,409.56414794921875
2023-10-25,403.68603515625
2023-10-26,398.8520202636719
2023-10-27,397.0440979003906
2023-10-30,401.7911071777344
2023-10-31,404.3144226074219
2023-11-01,408.6263427734375
2023-11-02,416.45745849609375
2023-11-03,420.2569580078125
2023-11-06,421.22369384765625
2023-11-07,422.4224853515625
2023-11-08,422.7319030761719
2023-11-09,419.4351806640625
2023-11-10,425.9803771972656
2023-11-13,425.5743103027344
2023-11-14,433.8307189941406
2023-11-15,434.7491760253906
2023-11-16,435.28094482421875
2023-11-17,435.8223876953125
2023-11-20,439.1771545410156
2023-11-21,438.219970703125
2023-11-22,439.9118347167969
2023-11-24,440.1825866699219
2023-11-27,439.38983154296875
2023-11-28,439.82489013671875
2023-11-29,439.5154724121094
2023-11-30,441.2460632324219
2023-12-01,443.8564758300781
2023-12-04,441.52642822265625
2023-12-05,441.43939208984375
2023-12-06,439.6605529785156
2023-12-07,443.01531982421875
2023-12-08,444.91998291015625
2023-12-11,446.6504211425781
2023-12-12,448.6904296875
2023-12-13,454.8779296875
2023-12-14,456.3378601074219
2023-12-15,455.5863952636719
2023-12-18,458.1490783691406
2023-12-19,460.93505859375
2023-12-20,454.5477600097656
2023-12-21,458.8578186035156
2023-12-22,459.7798767089844
2023-12-26,461.7213439941406
2023-12-27,462.5561828613281
2023-12-28,462.7309265136719
2023-12-29,461.39129638671875
2024-01-02,458.8091735839844
2024-01-03,455.0622253417969
2024-01-04,453.5964660644531
2024-01-05,454.21771240234375
2024-01-08,460.70208740234375
2024-01-09,460.00323486328125
2024-01-10,462.6047058105469
2024-01-11,462.4008483886719
2024-01-12,462.72119140625
2024-01-16,461.02239990234375
2024-01-17,458.4597473144531
2024-01-18,462.5367431640625
2024-01-19,468.3028259277344
2024-01-22,469.2929382324219
2024-01-23,470.66162109375
2024-01-24,471.1761474609375
2024-01-25,473.73883056640625
2024-01-26,473.13702392578125
2024-01-29,476.88397216796875
2024-01-30,476.51507568359375
2024-01-31,468.7396545410156
2024-02-01,474.87457275390625
2024-02-02,479.873779296875
2024-02-05,478.1264953613281
2024-02-06,479.5146484375
2024-02-07,483.51397705078125
2024-02-08,483.7275390625
2024-02-09,486.523193359375
2024-02-12,486.3096008300781
2024-02-13,479.6116027832031
2024-02-14,483.97021484375
2024-02-15,487.3094482421875
2024-02-16,484.8826904296875
2024-02-20,482.2131652832031
2024-02-21,482.6500244140625
2024-02-22,492.638671875
2024-02-23,492.97845458984375
2024-02-26,491.1728820800781
2024-02-27,492.0853576660156
2024-02-28,491.43499755859375
2024-02-29,493.2017517089844
2024-03-01,497.83203125
2024-03-04,497.298095703125
2024-03-05,492.32806396484375
2024-03-06,494.8227844238281
2024-03-07,499.7346496582031
2024-03-08,496.7351379394531
2024-03-11,496.3079833984375
2024-03-12,501.6469421386719
2024-03-13,500.860595703125
2024-03-14,499.8704833984375
2024-03-15,496.4381408691406
2024-03-18,499.38848876953125
2024-03-19,502.1637268066406
2024-03-20,506.8083801269531
2024-03-21,508.4832458496094
2024-03-22,507.5191955566406
2024-03-25,506.1170654296875
2024-03-26,505.1822509765625
2024-03-27,509.42767333984375
2024-03-28,509.3302917480469
2024-04-01,508.4441833496094
2024-04-02,505.2115173339844
2024-04-03,505.7665100097656
2024-04-04,499.5930480957031
2024-04-05,504.812255859375
2024-04-08,505.09466552734375
2024-04-09,505.6788635253906
2024-04-10,500.615478515625
2024-04-11,504.3935546875
2024-04-12,497.43133544921875
2024-04-15,491.1994323730469
2024-04-16,490.30364990234375
2024-04-17,487.4018859863281
2024-04-18,486.39892578125
2024-04-19,482.15350341796875
2024-04-22,486.59368896484375
2024-04-23,492.367919921875
2024-04-24,492.1341857910156
2024-04-25,490.2646484375
2024-04-26,494.90936279296875
2024-04-29,496.662109375
2024-04-30,488.7943420410156
2024-05-01,487.2071838378906
2024-05-02,491.76422119140625
2024-05-03,497.85980224609375
2024-05-06,503.0010986328125
2024-05-07,503.55615234375
2024-05-08,503.60479736328125
2024-05-09,506.5065002441406
2024-05-10,507.1589660644531
2024-05-13,507.2270812988281
2024-05-14,509.5542907714844
2024-05-15,515.8640747070312
2024-05-16,514.802734375
2024-05-17,515.542724609375
2024-05-20,516.1367797851562
2024-05-21,517.402587890625
2024-05-22,515.912841796875
2024-05-23,512.1444702148438
2024-05-24,515.5330200195312
2024-05-28,515.8933715820312
2024-05-29,512.28076171875
2024-05-30,508.8824157714844
2024-05-31,513.5174560546875
2024-06-03,513.93603515625
2024-06-04,514.5106201171875
2024-06-05,520.625732421875
2024-06-06,520.6158447265625
2024-06-07,519.9829711914062
2024-06-10,521.5895385742188
2024-06-11,522.8457641601562
2024-06-12,527.1399536132812
2024-06-13,528.2012939453125
2024-06-14,528.5226440429688
2024-06-17,532.7291259765625
2024-06-18,534.0825805664062
2024-06-20,532.6317749023438
2024-06-21,531.917724609375
2024-06-24,530.1885986328125
2024-06-25,532.230224609375
2024-06-26,532.8945922851562
2024-06-27,533.7346801757812
2024-06-28,531.6343994140625
2024-07-01,532.728515625
2024-07-02,536.3135986328125
2024-07-03,538.7069091796875
2024-07-05,541.8134765625
2024-07-08,542.438720703125
2024-07-09,542.966064453125
2024-07-10,548.3389282226562
2024-07-11,543.6107788085938
2024-07-12,547.0397338867188
2024-07-15,548.5441284179688
2024-07-16,551.7969970703125
2024-07-17,544.060302734375
2024-07-18,539.8792724609375
2024-07-19,536.2940673828125
2024-07-22,541.8231811523438
2024-07-23,540.973388671875
2024-07-24,528.7135009765625
2024-07-25,525.958740234375
2024-07-26,531.8493041992188
2024-07-29,532.1619262695312
2024-07-30,529.4656982421875
2024-07-31,538.0719604492188
2024-08-01,530.4524536132812
2024-08-02,520.5762329101562
2024-08-05,505.4151306152344
2024-08-06,510.0748291015625
2024-08-07,506.66546630859375
2024-08-08,518.378173828125
2024-08-09,520.6641235351562
2024-08-12,520.9376220703125
2024-08-13,529.5047607421875
2024-08-14,531.17529296875
2024-08-15,540.27978515625
2024-08-16,541.490966796875
2024-08-19,546.6685180664062
2024-08-20,545.779541015625
2024-08-21,547.6551513671875
2024-08-22,543.3568115234375
2024-08-23,549.1300659179688
2024-08-26,547.8211669921875
2024-08-27,548.5733642578125
2024-08-28,545.3887939453125
2024-08-29,545.4375610351562
2024-08-30,550.644287109375
2024-09-03,539.3126831054688
2024-09-04,538.208740234375
2024-09-05,536.8998413085938
2024-09-06,527.8636474609375
2024-09-09,533.7736206054688
2024-09-10,536.0987548828125
2024-09-11,541.5984497070312
2024-09-12,546.1605834960938
2024-09-13,549.0130004882812
2024-09-16,549.82373046875
2024-09-17,550.0485229492188
2024-09-18,548.4171142578125
2024-09-19,557.7755737304688
2024-09-20,556.8113403320312
2024-09-23,558.2028198242188
2024-09-24,559.7999877929688
2024-09-25,558.5652465820312
2024-09-26,560.77978515625
2024-09-27,559.9664916992188
2024-09-30,562.2103881835938
2024-10-01,557.1738891601562
2024-10-02,557.4090576171875
2024-10-03,556.3900756835938
2024-10-04,561.4461059570312
2024-10-07,556.370361328125
2024-10-08,561.63232421875
2024-10-09,565.5224609375
2024-10-10,564.5326538085938
2024-10-11,567.9132690429688
2024-10-14,572.5579223632812
2024-10-15,568.1092529296875
2024-10-16,570.5785522460938
2024-10-17,570.6275024414062
2024-10-18,572.822509765625
2024-10-21,571.8817138671875
2024-10-22,571.5779418945312
2024-10-23,566.3552856445312
2024-10-24,567.580078125
2024-10-25,567.3840942382812
2024-10-28,569.1381225585938
2024-10-29,570.0592041015625
2024-10-30,568.3345947265625
2024-10-31,557.1935424804688
2024-11-01,559.545166015625
2024-11-04,558.3399047851562
2024-11-05,565.0912475585938
2024-11-06,579.1426391601562
2024-11-07,583.6206665039062
2024-11-08,586.1486206054688
2024-11-11,586.7071533203125
2024-11-12,584.8846435546875
2024-11-13,585.1688232421875
2024-11-14,581.406005859375
2024-11-15,573.9590454101562
2024-11-18,576.310791015625
2024-11-19,578.4174194335938
2024-11-20,578.6134643554688
2024-11-21,581.7196044921875
2024-11-22,583.522705078125
2024-11-25,585.5020141601562
2024-11-26,588.5592041015625
2024-11-27,586.7756958007812
2024-11-29,590.4209594726562
2024-12-02,591.4791870117188
2024-12-03,591.75341796875
2024-12-04,595.4280395507812
2024-12-05,594.4481201171875
2024-12-06,595.5750732421875
2024-12-09,592.5079956054688
2024-12-10,590.6658935546875
2024-12-11,595.2320556640625
2024-12-12,592.1651000976562
2024-12-13,592.047607421875
2024-12-16,594.5755004882812
2024-12-17,592.1258544921875
2024-12-18,574.4783935546875
2024-12-19,574.302001953125
2024-12-20,581.199951171875
2024-12-23,584.6803588867188
2024-12-24,591.1790771484375
2024-12-26,591.2184448242188
2024-12-27,584.9949340820312
2024-12-30,578.3192749023438
2024-12-31,576.2153930664062
2025-01-02,574.7994995117188
2025-01-03,581.9865112304688
2025-01-06,585.3390502929688
2025-01-07,578.7223510742188
2025-01-08,579.5678100585938
2025-01-10,570.7193603515625
2025-01-13,571.604248046875
2025-01-14,572.3906860351562
2025-01-15,582.8025512695312
2025-01-16,581.6817016601562
2025-01-17,587.521728515625
2025-01-21,592.8995971679688
2025-01-22,596.2326049804688
2025-01-23,599.48681640625
2025-01-24,597.7367553710938
2025-01-27,589.2815551757812
2025-01-28,594.3448486328125
2025-01-29,591.6805419921875
2025-01-30,594.8561401367188
2025-01-31,591.6903076171875
2025-02-03,587.7085571289062
2025-02-04,591.6510620117188
2025-02-05,594.0499267578125
2025-02-06,596.1146850585938
2025-02-07,590.6580200195312
2025-02-10,594.6693115234375
2025-02-11,595.12158203125
2025-02-12,593.2044067382812
2025-02-13,599.4671630859375
2025-02-14,599.437744140625
2025-02-18,601.1975708007812
2025-02-19,602.61328125
2025-02-20,600.1062622070312
2025-02-21,589.8419799804688
2025-02-24,587.157958984375
2025-02-25,584.2379150390625
2025-02-26,584.5328979492188
2025-02-27,575.2025756835938
2025-02-28,584.178955078125
2025-03-03,573.9441528320312
2025-03-04,567.1505126953125
2025-03-05,573.24609375
2025-03-06,563.0703735351562
2025-03-07,566.2262573242188
2025-03-10,551.1444702148438
2025-03-11,546.5628662109375
2025-03-12,549.4631958007812
2025-03-13,542.138671875
2025-03-14,553.3369140625
2025-03-17,557.60400390625
2025-03-18,551.5770874023438
2025-03-19,557.5842895507812
2025-03-20,555.9718017578125
2025-03-21,556.1552124023438
2025-03-24,566.1151733398438
2025-03-25,567.4760131835938
2025-03-26,560.7013549804688
2025-03-27,559.2122802734375
2025-03-28,547.95068359375
2025-03-31,551.62890625
2025-04-01,553.18701171875
2025-04-02,556.687744140625
2025-04-03,529.2537231445312
2025-04-04,498.26971435546875
2025-04-07,497.3822021484375
2025-04-08,489.5918273925781
2025-04-09,541.0084228515625
2025-04-10,517.3019409179688
2025-04-11,526.5320434570312
2025-04-14,531.6402587890625
2025-04-15,530.151123046875
2025-04-16,518.3668823242188
2025-04-17,519.1065063476562
2025-04-21,506.7503356933594
2025-04-22,519.9348754882812
2025-04-23,527.9915161132812
2025-04-24,539.1051635742188
2025-04-25,543.0003662109375
2025-04-28,543.2074584960938
2025-04-29,546.6293334960938
2025-04-30,546.8462524414062
2025-05-01,550.7216186523438
2025-05-02,558.8966674804688
2025-05-05,555.6918334960938
2025-05-06,551.0471801757812
2025-05-07,553.364501953125
2025-05-08,557.2202758789062
2025-05-09,556.5103149414062
2025-05-12,574.9015502929688
2025-05-13,578.6981811523438
2025-05-14,579.437744140625
2025-05-15,582.2678833007812
2025-05-16,585.9559936523438
2025-05-19,586.596923828125
2025-05-20,584.6246948242188
2025-05-21,574.7733154296875
2025-05-22,575.0001831054688
2025-05-23,571.0753784179688
2025-05-27,582.9483032226562
2025-05-28,579.5757446289062
2025-05-29,581.8636474609375
2025-05-30,581.2127075195312
2025-06-02,584.4866943359375
2025-06-03,587.81982421875
2025-06-04,587.6619262695312
2025-06-05,584.8219604492188
2025-06-06,590.8274536132812
2025-06-09,591.3599243164062
2025-06-10,594.7128295898438
2025-06-11,593.0166015625
2025-06-12,595.37353515625
2025-06-13,588.7171020507812
2025-06-16,594.318359375
2025-06-17,589.2398681640625
2025-06-18,589.1510620117188
2025-06-20,587.7673950195312
2025-06-23,593.5730590820312
2025-06-24,600.13037109375
2025-06-25,600.4666748046875
2025-06-26,605.1646118164062
2025-06-27,608.1712646484375
2025-06-30,611.0790405273438
2025-07-01,610.8812866210938
2025-07-02,613.650634765625
2025-07-03,618.4869995117188
2025-07-07,613.8781127929688
2025-07-08,613.5418090820312
2025-07-09,617.2210693359375
2025-07-10,618.9617919921875
2025-07-11,616.7858276367188
2025-07-14,617.9628295898438
2025-07-15,615.3221435546875
2025-07-16,617.3792724609375
2025-07-17,621.1573486328125
2025-07-18,620.7025146484375
2025-07-21,621.8793334960938
2025-07-22,621.9683837890625
2025-07-23,627.259765625
2025-07-24,627.4674682617188
2025-07-25,630.1181030273438
2025-07-28,629.9598388671875
2025-07-29,628.29833984375
2025-07-30,627.5070190429688
2025-07-31,625.153076171875
2025-08-01,614.9066162109375
2025-08-04,624.2530517578125
2025-08-05,621.088134765625
2025-08-06,625.8455200195312
2025-08-07,625.3212890625
2025-08-08,630.1972045898438
2025-08-11,628.9509887695312
2025-08-12,635.6468505859375
2025-08-13,637.82275390625
2025-08-14,637.882080078125
2025-08-15,636.388671875
2025-08-18,636.2501831054688
2025-08-19,632.7984008789062
2025-08-20,631.1170043945312
2025-08-21,628.5851440429688
2025-08-22,638.2380981445312
2025-08-25,635.4293212890625
2025-08-26,638.0897216796875
2025-08-27,639.543701171875
2025-08-28,641.80859375
2025-08-29,637.9810180664062
2025-09-02,633.2533569335938
2025-09-03,636.6853637695312
2025-09-04,642.0064086914062
2025-09-05,640.14697265625
2025-09-08,641.7196044921875
2025-09-09,643.2031860351562
2025-09-10,645.0625610351562
2025-09-11,650.4231567382812
2025-09-12,650.2055053710938
2025-09-15,653.6671142578125
2025-09-16,652.7671508789062
2025-09-17,651.9561157226562
2025-09-18,655.0023803710938
2025-09-19,658.2465209960938
2025-09-22,661.3607177734375
2025-09-23,657.7605590820312
2025-09-24,655.6678466796875
2025-09-25,652.6429443359375
2025-09-26,656.3818969726562
2025-09-29,658.2266845703125
2025-09-30,660.7060546875
2025-10-01,662.9574584960938
2025-10-02,663.7210693359375
2025-10-03,663.7113037109375
2025-10-06,666.0914916992188
2025-10-07,663.6220092773438
2025-10-08,667.5791625976562
2025-10-09,665.6452026367188
2025-10-10,647.6542358398438
2025-10-13,657.5919189453125
2025-10-14,656.78857421875
2025-10-15,659.7044067382812
2025-10-16,655.211669921875
2025-10-17,658.9308471679688
2025-10-20,665.7840576171875
2025-10-21,665.7741088867188
2025-10-22,662.312744140625
2025-10-23,666.2402954101562
2025-10-24,671.6851806640625
2025-10-27,679.6094970703125
2025-10-28,681.41455078125
2025-10-29,681.7418212890625
2025-10-30,674.2440185546875
2025-10-31,676.4556884765625
2025-11-03,677.7251586914062
2025-11-04,669.691650390625
2025-11-05,672.012451171875
2025-11-06,664.80224609375
2025-11-07,665.4567260742188
2025-11-10,675.8406982421875
2025-11-11,677.387939453125
2025-11-12,677.7647705078125
2025-11-13,666.5180053710938
2025-11-14,666.4088134765625
2025-11-17,660.2003173828125
2025-11-18,654.65625
2025-11-19,657.185302734375
2025-11-20,647.1683349609375
2025-11-21,653.6148681640625
2025-11-24,663.2351684570312
2025-11-25,669.4735107421875
2025-11-26,674.09521484375
2025-11-28,677.7747192382812
2025-12-01,674.6803588867188
2025-12-02,675.9299926757812
2025-12-03,678.2706298828125
2025-12-04,678.7665405273438
2025-12-05,680.0557861328125
2025-12-08,678.0127563476562
2025-12-09,677.4276123046875
2025-12-10,681.9203491210938
2025-12-11,683.5072021484375
2025-12-12,676.1581420898438
2025-12-15,675.1365966796875
2025-12-16,673.2918701171875
2025-12-17,665.8832397460938
2025-12-18,670.9114990234375
2025-12-19,676.9923095703125
2025-12-22,681.2098388671875
2025-12-23,684.3233032226562
2025-12-24,686.7305297851562
2025-12-26,686.660888671875
2025-12-29,684.2138671875
2025-12-30,683.3782958984375
2025-12-31,678.3152465820312
2026-01-02,679.55859375
2026-01-05,684.0845947265625
2026-01-06,688.1529541015625
2026-01-07,685.9347534179688
2026-01-08,685.8651123046875
2026-01-09,690.4010009765625
2026-01-12,691.4852294921875
2026-01-13,690.1026000976562
2026-01-14,686.7105712890625
2026-01-15,688.5806884765625
2026-01-16,688.0037231445312
2026-01-20,673.9981689453125
2026-01-21,681.77685546875
2026-01-22,685.3379516601562
2026-01-23,685.5865478515625
2026-01-26,689.068115234375
2026-01-27,691.8134765625
2026-01-28,691.7438354492188
2026-01-29,690.3711547851562
2026-01-30,688.3121337890625
2026-02-02,691.73388671875
2026-02-03,685.885009765625
2026-02-04,682.5626831054688
2026-02-05,674.0379638671875
2026-02-06,686.96923828125
2026-02-09,690.2816162109375
2026-02-10,688.4613037109375
2026-02-11,688.3021850585938
2026-02-12,677.668701171875
2026-02-13,678.1461181640625
2026-02-17,679.2402954101562
2026-02-18,682.662109375
2026-02-19,680.8616943359375
2026-02-20,685.7855834960938
2026-02-23,678.7827758789062
2026-02-24,683.7164916992188
2026-02-25,689.4859008789062
2026-02-26,685.6561889648438
2026-02-27,682.3637084960938
2026-03-02,682.7516479492188
2026-03-03,676.7337036132812
2026-03-04,681.50830078125
2026-03-05,677.7084350585938
2026-03-06,668.8256225585938
2026-03-09,674.6845092773438
2026-03-10,673.6002807617188
2026-03-11,672.7548217773438
2026-03-12,662.5390625
2026-03-13,658.7890014648438
2026-03-16,665.493408203125
2026-03-17,667.2440185546875
2026-03-18,657.9335327148438
2026-03-19,656.3121337890625
2026-03-20,646.9034423828125
2026-03-23,653.6959228515625
2026-03-24,651.5015869140625
2026-03-25,655.1322021484375
2026-03-26,643.432373046875
2026-03-27,632.4606323242188
2026-03-30,630.3460693359375
2026-03-31,648.6688842773438
2026-04-01,653.5562744140625
2026-04-02,654.144775390625
2026-04-06,657.23681640625
2026-04-07,657.5260009765625
2026-04-08,674.27294921875
2026-04-09,678.162841796875
2026-04-10,677.7140502929688
2026-04-13,684.3369750976562
2026-04-14,692.675537109375
2026-04-15,698.1414184570312
2026-04-16,699.8569946289062
2026-04-17,708.3152465820312
2026-04-20,706.8988037109375
2026-04-21,702.2708129882812
2026-04-22,709.3825073242188
2026-04-23,706.6295776367188
2026-04-24,712.10546875
2026-04-27,713.332275390625
2026-04-28,709.8612060546875
2026-04-29,709.7515258789062
2026-04-30,716.8132934570312
2026-05-01,718.7982177734375
2026-05-04,716.1649780273438
2026-05-05,721.9102172851562
2026-05-06,731.9443359375
2026-05-07,729.7001342773438
2026-05-08,735.724609375
2026-05-11,737.4002685546875
2026-05-12,736.2831420898438
2026-05-13,740.4025268554688
2026-05-14,746.2474975585938
2026-05-15,737.2706298828125
2026-05-18,736.751953125
2026-05-19,731.8446044921875
2026-05-20,739.3452758789062
2026-05-21,740.8114624023438
2026-05-22,743.7239990234375
2026-05-26,748.6613159179688
2026-05-27,748.5316162109375
2026-05-28,752.6609497070312
2026-05-29,754.5361328125
2026-06-01,756.5908203125
2026-06-02,757.6182250976562
2026-06-03,752.3018798828125
2026-06-04,755.1445922851562
2026-06-05,735.65478515625
2026-06-08,737.3204345703125
2026-06-09,735.1560668945312
2026-06-10,723.56591796875
2026-06-11,735.8642578125
2026-06-12,739.843994140625
2026-06-15,752.890380859375
2026-06-16,748.4019775390625
2026-06-17,739.0560302734375
2026-06-18,746.739990234375
2026-06-22,744.3900146484375
2026-06-23,733.5800170898438
2026-06-24,733.239990234375
2026-06-25,734.2999877929688
2026-06-26,728.989990234375
2026-06-29,741.0
2026-06-30,746.77001953125
2026-07-01,745.760009765625
2026-07-02,744.780029296875
2026-07-06,751.280029296875
2026-07-07,747.7100219726562
2026-07-08,745.4000244140625
2026-07-09,751.7100219726562
2026-07-10,754.9500122070312
2026-07-13,749.1699829101562
2026-07-14,751.8300170898438
2026-07-15,754.8099975585938
2026-07-16,750.719970703125
2026-07-17,743.2899780273438
2026-07-20,742.0900268554688
2026-07-21,748.280029296875
2026-07-22,747.4099731445312
2026-07-23,738.1799926757812
2026-07-24,738.9299926757812
2026-07-27,739.0900268554688
2026-07-28,740.8599853515625
2026-07-29,729.4600219726562
2026-07-30,741.6900024414062
2026-07-31,746.8900146484375
