Date,Close
2011-01-03,96.67909240722656
2011-01-04,96.62580871582031
2011-01-05,97.12806701660156
2011-01-06,96.9378433227539
2011-01-07,96.74757385253906
2011-01-10,96.62580871582031
2011-01-11,96.96825408935547
2011-01-12,97.84334564208984
2011-01-13,97.68355560302734
2011-01-14,98.3912353515625
2011-01-18,98.55866241455078
2011-01-19,97.59223175048828
2011-01-20,97.46287536621094
2011-01-21,97.68355560302734
2011-01-24,98.23904418945312
2011-01-25,98.29232788085938
2011-01-26,98.67278289794922
2011-01-27,98.91633605957031
2011-01-28,97.1889419555664
2011-01-31,97.91947174072266
2011-02-01,99.48701477050781
2011-02-02,99.2967529296875
2011-02-03,99.5174560546875
2011-02-04,99.79901885986328
2011-02-07,100.42298889160156
2011-02-08,100.87957000732422
2011-02-09,100.65128326416016
2011-02-10,100.6893310546875
2011-02-11,101.29047393798828
2011-02-14,101.53394317626953
2011-02-15,101.2143783569336
2011-02-16,101.85356903076172
2011-02-17,102.15794372558594
2011-02-18,102.37101745605469
2011-02-22,100.31648254394531
2011-02-23,99.70008087158203
2011-02-24,99.63158416748047
2011-02-25,100.69696807861328
2011-02-28,101.32093048095703
2011-03-01,99.63158416748047
2011-03-02,99.84467315673828
2011-03-03,101.56440734863281
2011-03-04,100.80342864990234
2011-03-07,100.0120620727539
2011-03-08,100.88715362548828
2011-03-09,100.74259185791016
2011-03-10,98.87825775146484
2011-03-11,99.56314086914062
2011-03-14,98.96198272705078
2011-03-15,97.82814025878906
2011-03-16,96.0170669555664
2011-03-17,97.2878646850586
2011-03-18,97.6417236328125
2011-03-21,99.15492248535156
2011-03-22,98.8110122680664
2011-03-23,99.09380340576172
2011-03-24,100.04148864746094
2011-03-25,100.34718322753906
2011-03-28,100.10262298583984
2011-03-29,100.77517700195312
2011-03-30,101.47064971923828
2011-03-31,101.33308410644531
2011-04-01,101.7610855102539
2011-04-04,101.84514617919922
2011-04-05,101.82984161376953
2011-04-06,102.15083312988281
2011-04-07,101.8909912109375
2011-04-08,101.5394287109375
2011-04-11,101.23372650146484
2011-04-12,100.47711181640625
2011-04-13,100.4694595336914
2011-04-14,100.5458755493164
2011-04-15,100.91272735595703
2011-04-18,99.7816390991211
2011-04-19,100.35484313964844
2011-04-20,101.72285461425781
2011-04-21,102.24256896972656
2011-04-25,102.13556671142578
2011-04-26,103.01444244384766
2011-04-27,103.68701934814453
2011-04-28,104.02325439453125
2011-04-29,104.26782989501953
2011-05-02,104.10736846923828
2011-05-03,103.73285675048828
2011-05-04,103.04502868652344
2011-05-05,102.11262512207031
2011-05-06,102.5635757446289
2011-05-09,102.96099853515625
2011-05-10,103.83987426757812
2011-05-11,102.7469711303711
2011-05-12,103.236083984375
2011-05-13,102.44125366210938
2011-05-16,101.79161834716797
2011-05-17,101.7763442993164
2011-05-18,102.68582153320312
2011-05-19,102.93038940429688
2011-05-20,102.11262512207031
2011-05-23,100.92802429199219
2011-05-24,100.84395599365234
2011-05-25,101.1801986694336
2011-05-26,101.64645385742188
2011-05-27,102.03620910644531
2011-05-31,103.0985107421875
2011-06-01,100.78282165527344
2011-06-02,100.67583465576172
2011-06-03,99.67463684082031
2011-06-06,98.61997985839844
2011-06-07,98.55884552001953
2011-06-08,98.14616394042969
2011-06-09,98.89508819580078
2011-06-10,97.51943969726562
2011-06-13,97.59585571289062
2011-06-14,98.83395385742188
2011-06-15,97.07615661621094
2011-06-16,97.2901611328125
2011-06-17,97.58050537109375
2011-06-20,98.0797119140625
2011-06-21,99.42378234863281
2011-06-22,98.82472229003906
2011-06-23,98.54055786132812
2011-06-24,97.39617919921875
2011-06-27,98.2640380859375
2011-06-28,99.54669189453125
2011-06-29,100.39925384521484
2011-06-30,101.35928344726562
2011-07-01,102.85697937011719
2011-07-05,102.77247619628906
2011-07-06,102.89539337158203
2011-07-07,103.96298217773438
2011-07-08,103.2256088256836
2011-07-11,101.35928344726562
2011-07-12,100.92146301269531
2011-07-13,101.25940704345703
2011-07-14,100.56053161621094
2011-07-15,101.14421081542969
2011-07-18,100.31473541259766
2011-07-19,101.94297790527344
2011-07-20,101.88153076171875
2011-07-21,103.29473876953125
2011-07-22,103.36390686035156
2011-07-25,102.7878646850586
2011-07-26,102.40384674072266
2011-07-27,100.30703735351562
2011-07-28,100.01521301269531
2011-07-29,99.33163452148438
2011-08-01,98.90921783447266
2011-08-02,96.38232421875
2011-08-03,96.90458679199219
2011-08-04,92.36546325683594
2011-08-05,92.22716522216797
2011-08-08,86.22106170654297
2011-08-09,90.2302474975586
2011-08-10,86.24411010742188
2011-08-11,90.11505889892578
2011-08-12,90.7218017578125
2011-08-15,92.64195251464844
2011-08-16,91.85084533691406
2011-08-17,91.91230010986328
2011-08-18,87.94915771484375
2011-08-19,86.51289367675781
2011-08-22,86.58204650878906
2011-08-23,89.4314956665039
2011-08-24,90.69110107421875
2011-08-25,89.3086166381836
2011-08-26,90.60661315917969
2011-08-29,93.21026611328125
2011-08-30,93.4560775756836
2011-08-31,93.87078094482422
2011-09-01,92.88771057128906
2011-09-02,90.51445770263672
2011-09-06,89.85392761230469
2011-09-07,92.38849639892578
2011-09-08,91.42841339111328
2011-09-09,89.0321044921875
2011-09-12,89.60816192626953
2011-09-13,90.42996215820312
2011-09-14,91.68186950683594
2011-09-15,93.26406860351562
2011-09-16,93.8160400390625
2011-09-19,92.88186645507812
2011-09-20,92.7738265991211
2011-09-21,90.04087829589844
2011-09-22,87.13031768798828
2011-09-23,87.65532684326172
2011-09-26,89.73976135253906
2011-09-27,90.743408203125
2011-09-28,88.89054107666016
2011-09-29,89.59307098388672
2011-09-30,87.3542251586914
2011-10-03,84.86830139160156
2011-10-04,86.72887420654297
2011-10-05,88.33468627929688
2011-10-06,89.93277740478516
2011-10-07,89.33059692382812
2011-10-10,92.31831359863281
2011-10-11,92.41094970703125
2011-10-12,93.22158813476562
2011-10-13,93.03630828857422
2011-10-14,94.62665557861328
2011-10-17,92.82015228271484
2011-10-18,94.6343765258789
2011-10-19,93.51495361328125
2011-10-20,93.92412567138672
2011-10-21,95.70748901367188
2011-10-24,96.88098907470703
2011-10-25,94.99724578857422
2011-10-26,95.96228790283203
2011-10-27,99.30513000488281
2011-10-28,99.28196716308594
2011-10-31,96.88868713378906
2011-11-01,94.18663787841797
2011-11-02,95.72295379638672
2011-11-03,97.46769714355469
2011-11-04,96.87326049804688
2011-11-07,97.47542572021484
2011-11-08,98.7260971069336
2011-11-09,95.08218383789062
2011-11-10,95.97770690917969
2011-11-11,97.78426361083984
2011-11-14,96.85782623291016
2011-11-15,97.33647155761719
2011-11-16,95.79244232177734
2011-11-17,94.27153778076172
2011-11-18,94.17120361328125
2011-11-21,92.38011932373047
2011-11-22,92.01725769042969
2011-11-23,89.98683166503906
2011-11-25,89.81700897216797
2011-11-28,92.4186782836914
2011-11-29,92.68118286132812
2011-11-30,96.49495697021484
2011-12-01,96.47952270507812
2011-12-02,96.39459228515625
2011-12-05,97.44454193115234
2011-12-06,97.47542572021484
2011-12-07,97.83828735351562
2011-12-08,95.69204711914062
2011-12-09,97.31331634521484
2011-12-12,95.89278411865234
2011-12-13,94.99724578857422
2011-12-14,93.98588562011719
2011-12-15,94.32556915283203
2011-12-16,94.4654541015625
2011-12-19,93.45542907714844
2011-12-20,96.28343200683594
2011-12-21,96.46989440917969
2011-12-22,97.32447052001953
2011-12-23,98.19465637207031
2011-12-27,98.27230834960938
2011-12-28,96.98262786865234
2011-12-29,97.98484802246094
2011-12-30,97.50316619873047
2012-01-03,99.05699920654297
2012-01-04,99.21240234375
2012-01-05,99.47655487060547
2012-01-06,99.22016143798828
2012-01-09,99.46102142333984
2012-01-10,100.32337951660156
2012-01-11,100.37773895263672
2012-01-12,100.61858367919922
2012-01-13,100.09810638427734
2012-01-17,100.48654174804688
2012-01-18,101.5975112915039
2012-01-19,102.1335678100586
2012-01-20,102.51428985595703
2012-01-23,102.25013732910156
2012-01-24,102.1335678100586
2012-01-25,102.98822021484375
2012-01-26,102.45992279052734
2012-01-27,102.41329956054688
2012-01-30,102.06365203857422
2012-01-31,102.02484130859375
2012-02-01,102.91827392578125
2012-02-02,103.08145904541016
2012-02-03,104.52651977539062
2012-02-06,104.45660400390625
2012-02-07,104.720703125
2012-02-08,105.03150177001953
2012-02-09,105.16358947753906
2012-02-10,104.38667297363281
2012-02-13,105.16358947753906
2012-02-14,105.03150177001953
2012-02-15,104.54203033447266
2012-02-16,105.69966888427734
2012-02-17,105.9793701171875
2012-02-21,106.02596282958984
2012-02-22,105.68412017822266
2012-02-23,106.15027618408203
2012-02-24,106.3833236694336
2012-02-27,106.56204986572266
2012-02-28,106.87281036376953
2012-02-29,106.45328521728516
2012-03-01,107.0048599243164
2012-03-02,106.67855834960938
2012-03-05,106.24349212646484
2012-03-06,104.68965911865234
2012-03-07,105.41999053955078
2012-03-08,106.46879577636719
2012-03-09,106.88055419921875
2012-03-12,106.8883285522461
2012-03-13,108.81509399414062
2012-03-14,108.69855499267578
2012-03-15,109.32784271240234
2012-03-16,109.479248046875
2012-03-19,109.90841674804688
2012-03-20,109.58853912353516
2012-03-21,109.40904235839844
2012-03-22,108.62088012695312
2012-03-23,108.9720230102539
2012-03-26,110.50148010253906
2012-03-27,110.15808868408203
2012-03-28,109.61193084716797
2012-03-29,109.42462921142578
2012-03-30,109.8772201538086
2012-04-02,110.68092346191406
2012-04-03,110.22834014892578
2012-04-04,109.13592529296875
2012-04-05,109.0812759399414
2012-04-09,107.85620880126953
2012-04-10,106.04580688476562
2012-04-11,106.90418243408203
2012-04-12,108.3009262084961
2012-04-13,107.01342010498047
2012-04-16,106.94317626953125
2012-04-17,108.52725982666016
2012-04-18,108.16046905517578
2012-04-19,107.46603393554688
2012-04-20,107.64551544189453
2012-04-23,106.74028778076172
2012-04-24,107.14606475830078
2012-04-25,108.61309051513672
2012-04-26,109.3700180053711
2012-04-27,109.54946899414062
2012-04-30,109.14370727539062
2012-05-01,109.8226089477539
2012-05-02,109.494873046875
2012-05-03,108.65989685058594
2012-05-04,106.90418243408203
2012-05-07,106.98222351074219
2012-05-08,106.55303955078125
2012-05-09,105.92098236083984
2012-05-10,106.1395034790039
2012-05-11,105.81956481933594
2012-05-14,104.64906311035156
2012-05-15,104.04816436767578
2012-05-16,103.65023803710938
2012-05-17,102.11299896240234
2012-05-18,101.23904418945312
2012-05-21,102.97915649414062
2012-05-22,103.15861511230469
2012-05-23,103.2132568359375
2012-05-24,103.4161605834961
2012-05-25,103.08056640625
2012-05-29,104.32911682128906
2012-05-30,102.81529235839844
2012-05-31,102.5889892578125
2012-06-01,100.00615692138672
2012-06-04,99.9593276977539
2012-06-05,100.71621704101562
2012-06-06,102.97915649414062
2012-06-07,103.04158020019531
2012-06-08,103.86090850830078
2012-06-11,102.54219818115234
2012-06-12,103.72045135498047
2012-06-13,103.0572280883789
2012-06-14,104.14965057373047
2012-06-15,105.21479034423828
2012-06-18,105.41876220703125
2012-06-19,106.43841552734375
2012-06-20,106.26590728759766
2012-06-21,103.88142395019531
2012-06-22,104.68145751953125
2012-06-25,103.0029067993164
2012-06-26,103.5206069946289
2012-06-27,104.45399475097656
2012-06-28,104.15592956542969
2012-06-29,106.75215911865234
2012-07-02,107.07376098632812
2012-07-03,107.77973175048828
2012-07-05,107.29340362548828
2012-07-06,106.27371978759766
2012-07-09,106.14036560058594
2012-07-10,105.21479034423828
2012-07-11,105.23052215576172
2012-07-12,104.72065734863281
2012-07-13,106.47762298583984
2012-07-16,106.2266616821289
2012-07-17,106.95610046386719
2012-07-18,107.7483139038086
2012-07-19,108.03068542480469
2012-07-20,107.04240417480469
2012-07-23,105.95994567871094
2012-07-24,105.05011749267578
2012-07-25,105.07362365722656
2012-07-26,106.80706024169922
2012-07-27,108.77581024169922
2012-07-30,108.77581024169922
2012-07-31,108.0150146484375
2012-08-01,107.9208755493164
2012-08-02,107.17572021484375
2012-08-03,109.30135345458984
2012-08-06,109.51312255859375
2012-08-07,110.06218719482422
2012-08-08,110.19554138183594
2012-08-09,110.28961944580078
2012-08-10,110.47003936767578
2012-08-13,110.41516876220703
2012-08-14,110.43086242675781
2012-08-15,110.55632019042969
2012-08-16,111.37210845947266
2012-08-17,111.52113342285156
2012-08-20,111.5289535522461
2012-08-21,111.19168853759766
2012-08-22,111.2387924194336
2012-08-23,110.32891845703125
2012-08-24,110.9955825805664
2012-08-27,111.01913452148438
2012-08-28,110.9093246459961
2012-08-29,110.9955825805664
2012-08-30,110.19554138183594
2012-08-31,110.72106170654297
2012-09-04,110.61907196044922
2012-09-05,110.5250015258789
2012-09-06,112.76820373535156
2012-09-07,113.20748901367188
2012-09-10,112.56430053710938
2012-09-11,112.87808990478516
2012-09-12,113.25457000732422
2012-09-13,114.98014068603516
2012-09-14,115.489990234375
2012-09-17,115.09781646728516
2012-09-18,115.0036849975586
2012-09-19,115.06642150878906
2012-09-20,115.07430267333984
2012-09-21,115.02617645263672
2012-09-24,114.8526840209961
2012-09-25,113.63040924072266
2012-09-26,112.9917221069336
2012-09-27,114.05631256103516
2012-09-28,113.52789306640625
2012-10-01,113.82760620117188
2012-10-02,113.94585418701172
2012-10-03,114.4111099243164
2012-10-04,115.23120880126953
2012-10-05,115.23909759521484
2012-10-08,114.84481048583984
2012-10-09,113.7093276977539
2012-10-10,112.98384857177734
2012-10-11,113.0468978881836
2012-10-12,112.67632293701172
2012-10-15,113.61470031738281
2012-10-16,114.76600646972656
2012-10-17,115.2863998413086
2012-10-18,114.98676300048828
2012-10-19,113.07058715820312
2012-10-22,113.08634948730469
2012-10-23,111.51710510253906
2012-10-24,111.20172119140625
2012-10-25,111.52503204345703
2012-10-26,111.4619369506836
2012-10-31,111.4619369506836
2012-11-01,112.62899017333984
2012-11-02,111.62751007080078
2012-11-05,111.85620880126953
2012-11-06,112.73149108886719
2012-11-07,110.1766128540039
2012-11-08,108.85179901123047
2012-11-09,108.94645690917969
2012-11-12,109.0332260131836
2012-11-13,108.65471649169922
2012-11-14,107.18798065185547
2012-11-15,107.0066146850586
2012-11-16,107.53494262695312
2012-11-19,109.71136474609375
2012-11-20,109.75865173339844
2012-11-21,109.96366119384766
2012-11-23,111.4619369506836
2012-11-26,111.225341796875
2012-11-27,110.65760040283203
2012-11-28,111.54869842529297
2012-11-29,112.06913757324219
2012-11-30,112.09278869628906
2012-12-03,111.5407943725586
2012-12-04,111.38312530517578
2012-12-05,111.5802001953125
2012-12-06,111.95869445800781
2012-12-07,112.29778289794922
2012-12-10,112.34510040283203
2012-12-11,113.11005401611328
2012-12-12,113.1651840209961
2012-12-13,112.47132873535156
2012-12-14,112.05337524414062
2012-12-17,113.37020111083984
2012-12-18,114.63191223144531
2012-12-19,113.78028869628906
2012-12-20,114.43473815917969
2012-12-21,113.39599609375
2012-12-24,113.04664611816406
2012-12-26,112.57014465332031
2012-12-27,112.4192123413086
2012-12-28,111.20420837402344
2012-12-31,113.09423828125
2013-01-02,115.99288177490234
2013-01-03,115.7308578491211
2013-01-04,116.23910522460938
2013-01-07,115.92143249511719
2013-01-08,115.587890625
2013-01-09,115.88169860839844
2013-01-10,116.80290222167969
2013-01-11,116.79501342773438
2013-01-14,116.71556091308594
2013-01-15,116.79501342773438
2013-01-16,116.77911376953125
2013-01-17,117.53355407714844
2013-01-18,117.79558563232422
2013-01-22,118.43096160888672
2013-01-23,118.62152099609375
2013-01-24,118.65325927734375
2013-01-25,119.32036590576172
2013-01-28,119.17743682861328
2013-01-29,119.64596557617188
2013-01-30,119.17743682861328
2013-01-31,118.88352966308594
2013-02-01,120.10659790039062
2013-02-04,118.75650024414062
2013-02-05,119.9557113647461
2013-02-06,120.04300689697266
2013-02-07,119.88422393798828
2013-02-08,120.55128479003906
2013-02-11,120.52745819091797
2013-02-12,120.72601318359375
2013-02-13,120.8292465209961
2013-02-14,120.94038391113281
2013-02-15,120.79747009277344
2013-02-19,121.70281219482422
2013-02-20,120.18597412109375
2013-02-21,119.45535278320312
2013-02-22,120.62277221679688
2013-02-25,118.32764434814453
2013-02-26,119.13770294189453
2013-02-27,120.63864135742188
2013-02-28,120.400390625
2013-03-01,120.79747009277344
2013-03-04,121.44072723388672
2013-03-05,122.5287094116211
2013-03-06,122.69550323486328
2013-03-07,122.91786193847656
2013-03-08,123.44197082519531
2013-03-11,123.9105453491211
2013-03-12,123.63262939453125
2013-03-13,123.80731201171875
2013-03-14,124.46640014648438
2013-03-15,124.3021240234375
2013-03-18,123.61607360839844
2013-03-19,123.32890319824219
2013-03-20,124.19039154052734
2013-03-21,123.12950897216797
2013-03-22,124.11861419677734
2013-03-25,123.60010528564453
2013-03-26,124.58929443359375
2013-03-27,124.58929443359375
2013-03-28,124.97212982177734
2013-04-01,124.47765350341797
2013-04-02,125.0918197631836
2013-04-03,123.82349395751953
2013-04-04,124.3260498046875
2013-04-05,123.76763916015625
2013-04-08,124.60516357421875
2013-04-09,125.03594207763672
2013-04-10,126.56752014160156
2013-04-11,126.98230743408203
2013-04-12,126.67121124267578
2013-04-15,123.7357406616211
2013-04-16,125.56244659423828
2013-04-17,123.72782897949219
2013-04-18,122.95407104492188
2013-04-19,124.02294158935547
2013-04-22,124.57330322265625
2013-04-23,125.85755920410156
2013-04-24,125.93736267089844
2013-04-25,126.4478988647461
2013-04-26,126.2245101928711
2013-04-29,127.07008361816406
2013-04-30,127.37313079833984
2013-05-01,126.25642395019531
2013-05-02,127.4289779663086
2013-05-03,128.7212371826172
2013-05-06,129.04827880859375
2013-05-07,129.702392578125
2013-05-08,130.29263305664062
2013-05-09,129.92572021484375
2013-05-10,130.34848022460938
2013-05-13,130.45220947265625
2013-05-14,131.80026245117188
2013-05-15,132.51019287109375
2013-05-16,131.8879852294922
2013-05-17,133.164306640625
2013-05-20,133.1562957763672
2013-05-21,133.3477783203125
2013-05-22,132.358642578125
2013-05-23,131.97576904296875
2013-05-24,131.8640899658203
2013-05-28,132.65377807617188
2013-05-29,131.79229736328125
2013-05-30,132.27891540527344
2013-05-31,130.38038635253906
2013-06-03,131.09829711914062
2013-06-04,130.4681396484375
2013-06-05,128.64144897460938
2013-06-06,129.80606079101562
2013-06-07,131.45729064941406
2013-06-10,131.45729064941406
2013-06-11,130.10118103027344
2013-06-12,129.0243682861328
2013-06-13,130.98667907714844
2013-06-14,130.16502380371094
2013-06-17,131.1700897216797
2013-06-18,132.2070770263672
2013-06-19,130.38038635253906
2013-06-20,127.1497802734375
2013-06-21,127.5580062866211
2013-06-24,125.94619750976562
2013-06-25,127.15705108642578
2013-06-26,128.4159698486328
2013-06-27,129.16976928710938
2013-06-28,128.6405487060547
2013-07-01,129.39439392089844
2013-07-02,129.27398681640625
2013-07-03,129.3301239013672
2013-07-05,130.72544860839844
2013-07-08,131.47125244140625
2013-07-09,132.41748046875
2013-07-10,132.46559143066406
2013-07-11,134.2698516845703
2013-07-12,134.3259735107422
2013-07-15,134.83921813964844
2013-07-16,134.3340301513672
2013-07-17,134.67880249023438
2013-07-18,135.4165496826172
2013-07-19,135.65713500976562
2013-07-22,135.92172241210938
2013-07-23,135.63311767578125
2013-07-24,135.13592529296875
2013-07-25,135.46473693847656
2013-07-26,135.6090545654297
2013-07-29,135.1920623779297
2013-07-30,135.1920623779297
2013-07-31,135.2882843017578
2013-08-01,136.8519744873047
2013-08-02,137.0845489501953
2013-08-05,136.8840789794922
2013-08-06,136.10623168945312
2013-08-07,135.66514587402344
2013-08-08,136.16236877441406
2013-08-09,135.76937866210938
2013-08-12,135.6090545654297
2013-08-13,136.00994873046875
2013-08-14,135.31236267089844
2013-08-15,133.41983032226562
2013-08-16,132.9788360595703
2013-08-19,132.1288299560547
2013-08-20,132.77830505371094
2013-08-21,131.9604034423828
2013-08-22,133.16319274902344
2013-08-23,133.6123046875
2013-08-26,133.11514282226562
2013-08-27,130.97406005859375
2013-08-28,131.4391632080078
2013-08-29,131.64767456054688
2013-08-30,131.23068237304688
2013-09-03,131.82411193847656
2013-09-04,132.9146270751953
2013-09-05,133.0830841064453
2013-09-06,133.14720153808594
2013-09-09,134.42225646972656
2013-09-10,135.4165496826172
2013-09-11,135.84164428710938
2013-09-12,135.48069763183594
2013-09-13,135.7854766845703
2013-09-16,136.5713348388672
2013-09-17,137.1807403564453
2013-09-18,138.76858520507812
2013-09-19,138.53591918945312
2013-09-20,137.5673828125
2013-09-23,136.93081665039062
2013-09-24,136.60842895507812
2013-09-25,136.21365356445312
2013-09-26,136.7374267578125
2013-09-27,136.10882568359375
2013-09-30,135.38363647460938
2013-10-01,136.45533752441406
2013-10-02,136.326416015625
2013-10-03,135.06936645507812
2013-10-04,136.09271240234375
2013-10-07,134.91624450683594
2013-10-08,133.344970703125
2013-10-09,133.44166564941406
2013-10-10,136.31838989257812
2013-10-11,137.19667053222656
2013-10-14,137.74468994140625
2013-10-15,136.74545288085938
2013-10-16,138.65524291992188
2013-10-17,139.5818328857422
2013-10-18,140.5247344970703
2013-10-21,140.53282165527344
2013-10-22,141.34666442871094
2013-10-23,140.66973876953125
2013-10-24,141.13710021972656
2013-10-25,141.7817840576172
2013-10-28,142.0074005126953
2013-10-29,142.76480102539062
2013-10-30,142.05575561523438
2013-10-31,141.65281677246094
2013-11-01,141.99131774902344
2013-11-04,142.49082946777344
2013-11-05,142.0396270751953
2013-11-06,142.76480102539062
2013-11-07,140.95985412597656
2013-11-08,142.86155700683594
2013-11-11,142.88572692871094
2013-11-12,142.59561157226562
2013-11-13,143.7398223876953
2013-11-14,144.45706176757812
2013-11-15,145.0856475830078
2013-11-18,144.57786560058594
2013-11-19,144.26364135742188
2013-11-20,143.81248474121094
2013-11-21,144.97271728515625
2013-11-22,145.697998046875
2013-11-25,145.55296325683594
2013-11-26,145.59320068359375
2013-11-27,145.94778442382812
2013-11-29,145.85108947753906
2013-12-02,145.4723358154297
2013-12-03,144.8438262939453
2013-12-04,144.8277130126953
2013-12-05,144.1911163330078
2013-12-06,145.802734375
2013-12-09,146.1734161376953
2013-12-10,145.649658203125
2013-12-11,144.01385498046875
2013-12-12,143.53842163085938
2013-12-13,143.52235412597656
2013-12-16,144.41673278808594
2013-12-17,143.95745849609375
2013-12-18,146.41514587402344
2013-12-19,146.24594116210938
2013-12-20,147.09664916992188
2013-12-23,147.8824920654297
2013-12-24,148.20655822753906
2013-12-26,148.96002197265625
2013-12-27,148.95191955566406
2013-12-30,148.92764282226562
2013-12-31,149.63250732421875
2014-01-02,148.198486328125
2014-01-03,148.1741943359375
2014-01-06,147.74473571777344
2014-01-07,148.65219116210938
2014-01-08,148.68455505371094
2014-01-09,148.78184509277344
2014-01-10,149.18690490722656
2014-01-13,147.20193481445312
2014-01-14,148.80612182617188
2014-01-15,149.6082000732422
2014-01-16,149.41378784179688
2014-01-17,148.78184509277344
2014-01-21,149.2193145751953
2014-01-22,149.31654357910156
2014-01-23,148.09312438964844
2014-01-24,144.93344116210938
2014-01-27,144.22048950195312
2014-01-28,145.07931518554688
2014-01-29,143.6858367919922
2014-01-30,145.20892333984375
2014-01-31,144.35818481445312
2014-02-03,141.10940551757812
2014-02-04,142.09783935546875
2014-02-05,141.91952514648438
2014-02-06,143.79104614257812
2014-02-07,145.57347106933594
2014-02-10,145.84083557128906
2014-02-11,147.43692016601562
2014-02-12,147.50985717773438
2014-02-13,148.27137756347656
2014-02-14,149.08963012695312
2014-02-18,149.2678985595703
2014-02-19,148.27952575683594
2014-02-20,149.15451049804688
2014-02-21,148.98434448242188
2014-02-24,149.81076049804688
2014-02-25,149.75401306152344
2014-02-26,149.76214599609375
2014-02-27,150.5480194091797
2014-02-28,150.9287872314453
2014-03-03,149.86746215820312
2014-03-04,151.97390747070312
2014-03-05,152.11163330078125
2014-03-06,152.45997619628906
2014-03-07,152.52484130859375
2014-03-10,152.44378662109375
2014-03-11,151.6903076171875
2014-03-12,151.73089599609375
2014-03-13,150.02943420410156
2014-03-14,149.6082000732422
2014-03-17,150.961181640625
2014-03-18,152.03872680664062
2014-03-19,151.22857666015625
2014-03-20,152.11163330078125
2014-03-21,151.5216522216797
2014-03-24,150.8950958251953
2014-03-25,151.6111602783203
2014-03-26,150.52076721191406
2014-03-27,150.20339965820312
2014-03-28,150.9439239501953
2014-03-31,152.1808319091797
2014-04-01,153.18984985351562
2014-04-02,153.7025604248047
2014-04-03,153.49917602539062
2014-04-04,151.68443298339844
2014-04-07,150.00807189941406
2014-04-08,150.62648010253906
2014-04-09,152.24591064453125
2014-04-10,149.04786682128906
2014-04-11,147.70513916015625
2014-04-14,148.86875915527344
2014-04-15,149.89418029785156
2014-04-16,151.46475219726562
2014-04-17,151.6763153076172
2014-04-21,152.20521545410156
2014-04-22,152.89695739746094
2014-04-23,152.5388946533203
2014-04-24,152.84808349609375
2014-04-25,151.59490966796875
2014-04-28,152.0750274658203
2014-04-29,152.78297424316406
2014-04-30,153.2387237548828
2014-05-01,153.25497436523438
2014-05-02,153.03521728515625
2014-05-05,153.3282012939453
2014-05-06,151.99363708496094
2014-05-07,152.88882446289062
2014-05-08,152.7260284423828
2014-05-09,152.95391845703125
2014-05-12,154.44308471679688
2014-05-13,154.5814208984375
2014-05-14,153.8489990234375
2014-05-15,152.49818420410156
2014-05-16,153.02711486816406
2014-05-19,153.58863830566406
2014-05-20,152.6202392578125
2014-05-21,153.90597534179688
2014-05-22,154.28028869628906
2014-05-23,154.89877319335938
2014-05-27,155.8508758544922
2014-05-28,155.7369384765625
2014-05-29,156.54254150390625
2014-05-30,156.79486083984375
2014-06-02,156.97381591796875
2014-06-03,156.89248657226562
2014-06-04,157.20982360839844
2014-06-05,158.23512268066406
2014-06-06,158.99195861816406
2014-06-09,159.15472412109375
2014-06-10,159.17098999023438
2014-06-11,158.61766052246094
2014-06-12,157.4947052001953
2014-06-13,157.97479248046875
2014-06-16,158.10498046875
2014-06-17,158.54443359375
2014-06-18,159.70806884765625
2014-06-19,159.8871307373047
2014-06-20,160.21168518066406
2014-06-23,160.16265869140625
2014-06-24,159.1978759765625
2014-06-25,159.91734313964844
2014-06-26,159.8029327392578
2014-06-27,160.1136016845703
2014-06-30,160.03187561035156
2014-07-01,161.10293579101562
2014-07-02,161.26644897460938
2014-07-03,162.05955505371094
2014-07-07,161.49537658691406
2014-07-08,160.45700073242188
2014-07-09,161.17654418945312
2014-07-10,160.5387725830078
2014-07-11,160.75953674316406
2014-07-14,161.5690460205078
2014-07-15,161.26644897460938
2014-07-16,161.8634033203125
2014-07-17,160.02366638183594
2014-07-18,161.6589813232422
2014-07-21,161.3563995361328
2014-07-22,162.05955505371094
2014-07-23,162.41940307617188
2014-07-24,162.4275665283203
2014-07-25,161.66714477539062
2014-07-28,161.73257446289062
2014-07-29,161.03758239746094
2014-07-30,161.06207275390625
2014-07-31,157.88136291503906
2014-08-01,157.39895629882812
2014-08-04,158.53553771972656
2014-08-05,156.99830627441406
2014-08-06,157.04742431640625
2014-08-07,156.19699096679688
2014-08-08,158.00405883789062
2014-08-11,158.4619598388672
2014-08-12,158.24118041992188
2014-08-13,159.3123321533203
2014-08-14,160.06460571289062
2014-08-15,160.03187561035156
2014-08-18,161.372802734375
2014-08-19,162.21493530273438
2014-08-20,162.64833068847656
2014-08-21,163.12257385253906
2014-08-22,162.8690643310547
2014-08-25,163.6949462890625
2014-08-26,163.80125427246094
2014-08-27,163.73585510253906
2014-08-28,163.64585876464844
2014-08-29,164.1119384765625
2014-09-02,164.03018188476562
2014-09-03,163.9402313232422
2014-09-04,163.703125
2014-09-05,164.43902587890625
2014-09-08,164.01382446289062
2014-09-09,162.97535705566406
2014-09-10,163.5886688232422
2014-09-11,163.77674865722656
2014-09-12,162.82005310058594
2014-09-15,162.6973876953125
2014-09-16,163.92393493652344
2014-09-17,164.14466857910156
2014-09-18,165.01954650878906
2014-09-19,164.8708038330078
2014-09-22,163.5975799560547
2014-09-23,162.66111755371094
2014-09-24,163.93438720703125
2014-09-25,161.2891845703125
2014-09-26,162.5707244873047
2014-09-29,162.27499389648438
2014-09-30,161.8478546142578
2014-10-01,159.6544952392578
2014-10-02,159.6791229248047
2014-10-03,161.43710327148438
2014-10-06,161.2481231689453
2014-10-07,158.75901794433594
2014-10-08,161.53564453125
2014-10-09,158.33189392089844
2014-10-10,156.5245819091797
2014-10-13,153.9534149169922
2014-10-14,154.19161987304688
2014-10-15,153.14830017089844
2014-10-16,153.0168914794922
2014-10-17,154.8241424560547
2014-10-20,156.32745361328125
2014-10-21,159.4244842529297
2014-10-22,158.29078674316406
2014-10-23,160.1309051513672
2014-10-24,161.36314392089844
2014-10-27,161.14134216308594
2014-10-28,162.9897003173828
2014-10-29,162.7432098388672
2014-10-30,163.7864990234375
2014-10-31,165.65948486328125
2014-11-03,165.7498016357422
2014-11-04,165.1747283935547
2014-11-05,166.21804809570312
2014-11-06,166.8834686279297
2014-11-07,167.03953552246094
2014-11-10,167.5652618408203
2014-11-11,167.72959899902344
2014-11-12,167.5488739013672
2014-11-13,167.73779296875
2014-11-14,167.7789306640625
2014-11-17,167.88572692871094
2014-11-18,168.85496520996094
2014-11-19,168.58392333984375
2014-11-20,168.8796844482422
2014-11-21,169.7832489013672
2014-11-24,170.25973510742188
2014-11-25,170.1365203857422
2014-11-26,170.57186889648438
2014-11-28,170.21043395996094
2014-12-01,169.02752685546875
2014-12-02,170.12008666992188
2014-12-03,170.77728271484375
2014-12-04,170.58836364746094
2014-12-05,170.86766052246094
2014-12-08,169.72581481933594
2014-12-09,169.6107940673828
2014-12-10,166.8916778564453
2014-12-11,167.73779296875
2014-12-12,165.0269012451172
2014-12-15,163.89329528808594
2014-12-16,162.5789337158203
2014-12-17,165.76620483398438
2014-12-18,169.86544799804688
2014-12-19,170.58822631835938
2014-12-22,171.3729248046875
2014-12-23,171.60418701171875
2014-12-24,171.6207275390625
2014-12-26,172.1741485595703
2014-12-29,172.40541076660156
2014-12-30,171.4803466796875
2014-12-31,169.77870178222656
2015-01-02,169.6878662109375
2015-01-05,166.62330627441406
2015-01-06,165.0539093017578
2015-01-07,167.1106719970703
2015-01-08,170.0760498046875
2015-01-09,168.7131805419922
2015-01-12,167.39149475097656
2015-01-13,166.9207000732422
2015-01-14,165.91294860839844
2015-01-15,164.3931121826172
2015-01-16,166.54898071289062
2015-01-20,166.90415954589844
2015-01-21,167.74671936035156
2015-01-22,170.2412872314453
2015-01-23,169.30789184570312
2015-01-26,169.7043914794922
2015-01-27,167.46585083007812
2015-01-28,165.31822204589844
2015-01-29,166.84632873535156
2015-01-30,164.74830627441406
2015-02-02,166.78855895996094
2015-02-03,169.20050048828125
2015-02-04,168.55616760253906
2015-02-05,170.2578125
2015-02-06,169.7869415283203
2015-02-09,169.02708435058594
2015-02-10,170.82777404785156
2015-02-11,170.92681884765625
2015-02-12,172.57061767578125
2015-02-13,173.28097534179688
2015-02-17,173.5535430908203
2015-02-18,173.57012939453125
2015-02-19,173.44622802734375
2015-02-20,174.48703002929688
2015-02-23,174.4622039794922
2015-02-24,174.957763671875
2015-02-25,174.8091583251953
2015-02-26,174.6026611328125
2015-02-27,174.0079345703125
2015-03-02,175.10650634765625
2015-03-03,174.3878631591797
2015-03-04,173.6526641845703
2015-03-05,173.84274291992188
2015-03-06,171.3976593017578
2015-03-09,172.1080322265625
2015-03-10,169.3161163330078
2015-03-11,168.919677734375
2015-03-12,171.0672607421875
2015-03-13,170.01824951171875
2015-03-16,172.28977966308594
2015-03-17,171.77767944335938
2015-03-18,173.84274291992188
2015-03-19,173.04974365234375
2015-03-20,174.57720947265625
2015-03-23,174.2370147705078
2015-03-24,173.2579803466797
2015-03-25,170.7190704345703
2015-03-26,170.3125762939453
2015-03-27,170.70248413085938
2015-03-30,172.78506469726562
2015-03-31,171.27499389648438
2015-04-01,170.66929626464844
2015-04-02,171.28329467773438
2015-04-06,172.43653869628906
2015-04-07,171.9802703857422
2015-04-08,172.56101989746094
2015-04-09,173.3243865966797
2015-04-10,174.27024841308594
2015-04-13,173.48199462890625
2015-04-14,173.8139190673828
2015-04-15,174.59376525878906
2015-04-16,174.54403686523438
2015-04-17,172.53614807128906
2015-04-20,174.1125946044922
2015-04-21,173.90512084960938
2015-04-22,174.75975036621094
2015-04-23,175.19949340820312
2015-04-24,175.6060028076172
2015-04-27,174.87583923339844
2015-04-28,175.43179321289062
2015-04-29,174.7100067138672
2015-04-30,172.9593048095703
2015-05-01,174.83444213867188
2015-05-04,175.3322296142578
2015-05-05,173.3243865966797
2015-05-06,172.61077880859375
2015-05-07,173.2994842529297
2015-05-08,175.58111572265625
2015-05-11,174.74314880371094
2015-05-12,174.22044372558594
2015-05-13,174.25364685058594
2015-05-14,176.0706329345703
2015-05-15,176.26150512695312
2015-05-18,176.80906677246094
2015-05-19,176.7510223388672
2015-05-20,176.62655639648438
2015-05-21,177.1410369873047
2015-05-22,176.71786499023438
2015-05-26,174.8177947998047
2015-05-27,176.47720336914062
2015-05-28,176.27810668945312
2015-05-29,175.18287658691406
2015-06-01,175.53968811035156
2015-06-02,175.36544799804688
2015-06-03,175.83006286621094
2015-06-04,174.3448944091797
2015-06-05,174.0461883544922
2015-06-08,172.97589111328125
2015-06-09,172.9509735107422
2015-06-10,175.02528381347656
2015-06-11,175.58946228027344
2015-06-12,174.24534606933594
2015-06-15,173.49856567382812
2015-06-16,174.44448852539062
2015-06-17,174.72657775878906
2015-06-18,176.54359436035156
2015-06-19,175.7598876953125
2015-06-22,176.6603240966797
2015-06-23,176.78533935546875
2015-06-24,175.5014190673828
2015-06-25,174.9678192138672
2015-06-26,174.93446350097656
2015-06-29,171.26602172851562
2015-06-30,171.62454223632812
2015-07-01,173.0001983642578
2015-07-02,172.84178161621094
2015-07-06,172.34988403320312
2015-07-07,173.4337615966797
2015-07-08,170.52398681640625
2015-07-09,170.8324737548828
2015-07-10,172.98353576660156
2015-07-13,174.89273071289062
2015-07-14,175.65150451660156
2015-07-15,175.59312438964844
2015-07-16,177.00216674804688
2015-07-17,177.15219116210938
2015-07-20,177.2439422607422
2015-07-21,176.54359436035156
2015-07-22,176.2267608642578
2015-07-23,175.23463439941406
2015-07-24,173.41708374023438
2015-07-27,172.408203125
2015-07-28,174.5259552001953
2015-07-29,175.7265167236328
2015-07-30,175.7682342529297
2015-07-31,175.5014190673828
2015-08-03,174.909423828125
2015-08-04,174.56764221191406
2015-08-05,175.14291381835938
2015-08-06,173.7089080810547
2015-08-07,173.37542724609375
2015-08-10,175.55984497070312
2015-08-11,173.9756317138672
2015-08-12,174.18414306640625
2015-08-13,173.96737670898438
2015-08-14,174.60096740722656
2015-08-17,175.57643127441406
2015-08-18,175.06787109375
2015-08-19,173.68389892578125
2015-08-20,170.05714416503906
2015-08-21,164.93797302246094
2015-08-24,157.99298095703125
2015-08-25,156.13377380371094
2015-08-26,162.12828063964844
2015-08-27,166.13856506347656
2015-08-28,166.1469268798828
2015-08-31,164.8045654296875
2015-09-01,159.88558959960938
2015-09-02,162.92030334472656
2015-09-03,163.03707885742188
2015-09-04,160.56924438476562
2015-09-08,164.60450744628906
2015-09-09,162.40338134765625
2015-09-10,163.28717041015625
2015-09-11,164.02923583984375
2015-09-14,163.42054748535156
2015-09-15,165.46324157714844
2015-09-16,166.897216796875
2015-09-17,166.5220947265625
2015-09-18,163.80088806152344
2015-09-21,164.6473388671875
2015-09-22,162.51022338867188
2015-09-23,162.25042724609375
2015-09-24,161.66375732421875
2015-09-25,161.6219024658203
2015-09-28,157.56564331054688
2015-09-29,157.65780639648438
2015-09-30,160.59942626953125
2015-10-01,161.01844787597656
2015-10-02,163.42376708984375
2015-10-05,166.3318634033203
2015-10-06,165.76199340820312
2015-10-07,167.11962890625
2015-10-08,168.6281280517578
2015-10-09,168.72877502441406
2015-10-12,168.88792419433594
2015-10-13,167.82362365722656
2015-10-14,167.01901245117188
2015-10-15,169.58358764648438
2015-10-16,170.3546142578125
2015-10-19,170.43833923339844
2015-10-20,170.220458984375
2015-10-21,169.16448974609375
2015-10-22,172.02230834960938
2015-10-23,173.90797424316406
2015-10-26,173.4805908203125
2015-10-27,173.14535522460938
2015-10-28,175.1147918701172
2015-10-29,175.01426696777344
2015-10-30,174.2599639892578
2015-11-02,176.32164001464844
2015-11-03,176.8328857421875
2015-11-04,176.29652404785156
2015-11-05,176.12049865722656
2015-11-06,176.02833557128906
2015-11-09,174.38572692871094
2015-11-10,174.7879638671875
2015-11-11,174.10076904296875
2015-11-12,171.6703643798828
2015-11-13,169.7427978515625
2015-11-16,172.32406616210938
2015-11-17,172.1983642578125
2015-11-18,174.93043518066406
2015-11-19,174.7795867919922
2015-11-20,175.4165496826172
2015-11-23,175.21536254882812
2015-11-24,175.45001220703125
2015-11-25,175.42494201660156
2015-11-27,175.62600708007812
2015-11-30,174.89694213867188
2015-12-01,176.56468200683594
2015-12-02,174.76280212402344
2015-12-03,172.3156280517578
2015-12-04,175.6763458251953
2015-12-07,174.6119384765625
2015-12-08,173.43870544433594
2015-12-09,172.0894012451172
2015-12-10,172.53350830078125
2015-12-11,169.1896209716797
2015-12-14,170.04449462890625
2015-12-15,171.82960510253906
2015-12-16,174.3438262939453
2015-12-17,171.6870880126953
2015-12-18,168.62847900390625
2015-12-21,170.0195770263672
2015-12-22,171.5623016357422
2015-12-23,173.68682861328125
2015-12-24,173.40020751953125
2015-12-28,173.0039825439453
2015-12-29,174.85023498535156
2015-12-30,173.61094665527344
2015-12-31,171.87428283691406
2016-01-04,169.47154235839844
2016-01-05,169.75820922851562
2016-01-06,167.6168670654297
2016-01-07,163.59544372558594
2016-01-08,161.7996826171875
2016-01-11,161.9598846435547
2016-01-12,163.2666778564453
2016-01-13,159.19468688964844
2016-01-14,161.8081817626953
2016-01-15,158.334716796875
2016-01-19,158.54550170898438
2016-01-20,156.5137481689453
2016-01-21,157.3905487060547
2016-01-22,160.6194305419922
2016-01-25,158.19143676757812
2016-01-26,160.3496551513672
2016-01-27,158.60455322265625
2016-01-28,159.43075561523438
2016-01-29,163.31724548339844
2016-02-01,163.25819396972656
2016-02-02,160.31594848632812
2016-02-03,161.27699279785156
2016-02-04,161.5299072265625
2016-02-05,158.45274353027344
2016-02-08,156.31983947753906
2016-02-09,156.32830810546875
2016-02-10,156.1934051513672
2016-02-11,154.16159057617188
2016-02-12,157.3399658203125
2016-02-16,159.99554443359375
2016-02-17,162.60906982421875
2016-02-18,161.94296264648438
2016-02-19,161.8671875
2016-02-22,164.21087646484375
2016-02-23,162.13694763183594
2016-02-24,162.87881469726562
2016-02-25,164.85162353515625
2016-02-26,164.4722137451172
2016-02-29,163.18234252929688
2016-03-01,167.0182647705078
2016-03-02,167.76858520507812
2016-03-03,168.4261932373047
2016-03-04,168.97413635253906
2016-03-07,169.1090545654297
2016-03-08,167.2627410888672
2016-03-09,168.0889892578125
2016-03-10,168.2238006591797
2016-03-11,170.93844604492188
2016-03-14,170.71923828125
2016-03-15,170.44110107421875
2016-03-16,171.4274139404297
2016-03-17,172.51498413085938
2016-03-18,173.1929168701172
2016-03-21,173.4386749267578
2016-03-22,173.3454132080078
2016-03-23,172.20143127441406
2016-03-24,172.1251678466797
2016-03-28,172.2268829345703
2016-03-29,173.8200225830078
2016-03-30,174.58262634277344
2016-03-31,174.15895080566406
2016-04-01,175.3452911376953
2016-04-04,174.7775421142578
2016-04-05,173.03195190429688
2016-04-06,174.92166137695312
2016-04-07,172.8284912109375
2016-04-08,173.2946014404297
2016-04-11,172.88784790039062
2016-04-12,174.49790954589844
2016-04-13,176.26055908203125
2016-04-14,176.2689971923828
2016-04-15,176.07411193847656
2016-04-18,177.3113250732422
2016-04-19,177.87057495117188
2016-04-20,178.04006958007812
2016-04-21,177.08251953125
2016-04-22,177.08251953125
2016-04-25,176.77748107910156
2016-04-26,177.04013061523438
2016-04-27,177.40452575683594
2016-04-28,175.79441833496094
2016-04-29,174.84535217285156
2016-05-02,176.23504638671875
2016-05-03,174.7013397216797
2016-05-04,173.7267608642578
2016-05-05,173.69284057617188
2016-05-06,174.3284454345703
2016-05-09,174.4724578857422
2016-05-10,176.64181518554688
2016-05-11,174.9893798828125
2016-05-12,175.04026794433594
2016-05-13,173.514892578125
2016-05-16,175.22671508789062
2016-05-17,173.59117126464844
2016-05-18,173.64205932617188
2016-05-19,173.0403594970703
2016-05-20,174.13352966308594
2016-05-23,173.8962860107422
2016-05-24,176.150390625
2016-05-25,177.34515380859375
2016-05-26,177.3960723876953
2016-05-27,178.15875244140625
2016-05-31,177.81976318359375
2016-06-01,178.1841583251953
2016-06-02,178.72645568847656
2016-06-03,178.19259643554688
2016-06-06,179.099365234375
2016-06-07,179.37896728515625
2016-06-08,179.9636688232422
2016-06-09,179.7178955078125
2016-06-10,178.01463317871094
2016-06-13,176.64181518554688
2016-06-14,176.29441833496094
2016-06-15,176.04867553710938
2016-06-16,176.5740509033203
2016-06-17,175.91644287109375
2016-06-20,177.04940795898438
2016-06-21,177.55197143554688
2016-06-22,177.2622833251953
2016-06-23,179.57069396972656
2016-06-24,173.12252807617188
2016-06-27,170.02195739746094
2016-06-28,173.0884246826172
2016-06-29,176.0356903076172
2016-06-30,178.4378204345703
2016-07-01,178.81263732910156
2016-07-05,177.52633666992188
2016-07-06,178.59117126464844
2016-07-07,178.48040771484375
2016-07-08,181.13812255859375
2016-07-11,181.77694702148438
2016-07-12,183.09730529785156
2016-07-13,183.07171630859375
2016-07-14,184.09390258789062
2016-07-15,183.8468017578125
2016-07-18,184.3408966064453
2016-07-19,184.1535186767578
2016-07-20,184.9201202392578
2016-07-21,184.2216796875
2016-07-22,185.0479278564453
2016-07-25,184.54525756835938
2016-07-26,184.63052368164062
2016-07-27,184.4345703125
2016-07-28,184.64756774902344
2016-07-29,184.94564819335938
2016-08-01,184.79232788085938
2016-08-02,183.6083526611328
2016-08-03,184.14500427246094
2016-08-04,184.3408966064453
2016-08-05,185.8485870361328
2016-08-08,185.73785400390625
2016-08-09,185.8485870361328
2016-08-10,185.38864135742188
2016-08-11,186.24893188476562
2016-08-12,186.0871124267578
2016-08-15,186.623779296875
2016-08-16,185.66119384765625
2016-08-17,186.0104522705078
2016-08-18,186.42782592773438
2016-08-19,186.15524291992188
2016-08-22,186.1467742919922
2016-08-23,186.52157592773438
2016-08-24,185.56752014160156
2016-08-25,185.43975830078125
2016-08-26,185.09046936035156
2016-08-29,186.0019073486328
2016-08-30,185.69529724121094
2016-08-31,185.16720581054688
2016-09-01,185.17572021484375
2016-09-02,186.0104522705078
2016-09-06,186.5726318359375
2016-09-07,186.55557250976562
2016-09-08,186.12973022460938
2016-09-09,181.67474365234375
2016-09-12,184.28125
2016-09-13,181.6321258544922
2016-09-14,181.56398010253906
2016-09-15,183.37835693359375
2016-09-16,182.66946411132812
2016-09-19,182.70370483398438
2016-09-20,182.71226501464844
2016-09-21,184.76698303222656
2016-09-22,185.93125915527344
2016-09-23,184.91253662109375
2016-09-26,183.414306640625
2016-09-27,184.55291748046875
2016-09-28,185.46893310546875
2016-09-29,183.79100036621094
2016-09-30,185.1779022216797
2016-10-03,184.73277282714844
2016-10-04,183.79100036621094
2016-10-05,184.60427856445312
2016-10-06,184.73277282714844
2016-10-07,184.0991668701172
2016-10-10,185.05804443359375
2016-10-11,182.72085571289062
2016-10-12,182.9605255126953
2016-10-13,182.36129760742188
2016-10-14,182.45541381835938
2016-10-17,181.8219451904297
2016-10-18,182.9605255126953
2016-10-19,183.44854736328125
2016-10-20,183.10610961914062
2016-10-21,183.19171142578125
2016-10-24,183.9707794189453
2016-10-25,183.3544464111328
2016-10-26,182.98626708984375
2016-10-27,182.49827575683594
2016-10-28,181.95892333984375
2016-10-31,181.96743774414062
2016-11-01,180.64903259277344
2016-11-02,179.56173706054688
2016-11-03,178.73988342285156
2016-11-04,178.54298400878906
2016-11-07,182.48114013671875
2016-11-08,183.30299377441406
2016-11-09,185.2464141845703
2016-11-10,185.70872497558594
2016-11-11,185.2806396484375
2016-11-14,185.4261932373047
2016-11-15,186.87301635742188
2016-11-16,186.52200317382812
2016-11-17,187.48086547851562
2016-11-18,187.06137084960938
2016-11-21,188.4739532470703
2016-11-22,188.84205627441406
2016-11-23,188.94476318359375
2016-11-25,189.64683532714844
2016-11-28,188.7564697265625
2016-11-29,189.12461853027344
2016-11-30,188.6708526611328
2016-12-01,187.97740173339844
2016-12-02,188.071533203125
2016-12-05,189.20164489746094
2016-12-06,189.80087280273438
2016-12-07,192.28366088867188
2016-12-08,192.75450134277344
2016-12-09,193.91885375976562
2016-12-12,193.6962432861328
2016-12-13,194.98899841308594
2016-12-14,193.37948608398438
2016-12-15,194.17567443847656
2016-12-16,193.79592895507812
2016-12-19,194.2178955078125
2016-12-20,194.9670867919922
2016-12-21,194.42459106445312
2016-12-22,194.0886993408203
2016-12-23,194.37290954589844
2016-12-27,194.8551025390625
2016-12-28,193.24476623535156
2016-12-29,193.20166015625
2016-12-30,192.4955596923828
2017-01-03,193.9681854248047
2017-01-04,195.12208557128906
2017-01-05,194.9670867919922
2017-01-06,195.6646270751953
2017-01-09,195.01878356933594
2017-01-10,195.01878356933594
2017-01-11,195.56993103027344
2017-01-12,195.07904052734375
2017-01-13,195.52684020996094
2017-01-17,194.8379364013672
2017-01-18,195.26849365234375
2017-01-19,194.54513549804688
2017-01-20,195.2598876953125
2017-01-23,194.7517852783203
2017-01-24,196.00048828125
2017-01-25,197.69703674316406
2017-01-26,197.4902801513672
2017-01-27,197.1802520751953
2017-01-30,195.9574432373047
2017-01-31,195.940185546875
2017-02-01,196.01773071289062
2017-02-02,196.1468963623047
2017-02-03,197.49887084960938
2017-02-06,197.1458282470703
2017-02-07,197.15443420410156
2017-02-08,197.41275024414062
2017-02-09,198.5839385986328
2017-02-10,199.3676300048828
2017-02-13,200.4526824951172
2017-02-14,201.25360107421875
2017-02-15,202.30416870117188
2017-02-16,202.13197326660156
2017-02-17,202.4505615234375
2017-02-21,203.6562042236328
2017-02-22,203.47540283203125
2017-02-23,203.61317443847656
2017-02-24,203.8715362548828
2017-02-27,204.1901092529297
2017-02-28,203.6389617919922
2017-03-01,206.4894561767578
2017-03-02,205.18910217285156
2017-03-03,205.3182830810547
2017-03-06,204.70684814453125
2017-03-07,204.09539794921875
2017-03-08,203.7165069580078
2017-03-09,203.97488403320312
2017-03-10,204.6896209716797
2017-03-13,204.79293823242188
2017-03-14,204.00930786132812
2017-03-15,205.77468872070312
2017-03-16,205.3699493408203
2017-03-17,205.00926208496094
2017-03-20,204.784423828125
2017-03-21,202.155029296875
2017-03-22,202.63075256347656
2017-03-23,202.41452026367188
2017-03-24,202.26747131347656
2017-03-27,202.0599365234375
2017-03-28,203.5302734375
2017-03-29,203.7205352783203
2017-03-30,204.3692169189453
2017-03-31,203.8935546875
2017-04-03,203.53895568847656
2017-04-04,203.6686553955078
2017-04-05,203.063232421875
2017-04-06,203.63406372070312
2017-04-07,203.42648315429688
2017-04-10,203.5475311279297
2017-04-11,203.30538940429688
2017-04-12,202.41452026367188
2017-04-13,201.09991455078125
2017-04-17,202.881591796875
2017-04-18,202.27615356445312
2017-04-19,201.9042510986328
2017-04-20,203.5475311279297
2017-04-21,202.8988800048828
2017-04-24,205.13035583496094
2017-04-25,206.3239288330078
2017-04-26,206.1942138671875
2017-04-27,206.36720275878906
2017-04-28,205.9174041748047
2017-05-01,206.43637084960938
2017-05-02,206.5142059326172
2017-05-03,206.26339721679688
2017-05-04,206.5055389404297
2017-05-05,207.3185272216797
2017-05-08,207.28396606445312
2017-05-09,207.09368896484375
2017-05-10,207.4656524658203
2017-05-11,207.04180908203125
2017-05-12,206.69581604003906
2017-05-15,207.83749389648438
2017-05-16,207.64724731445312
2017-05-17,203.96273803710938
2017-05-18,204.784423828125
2017-05-19,206.11631774902344
2017-05-22,207.16287231445312
2017-05-23,207.6212615966797
2017-05-24,208.10562133789062
2017-05-25,209.1002655029297
2017-05-26,209.05703735351562
2017-05-30,208.8754119873047
2017-05-31,208.82351684570312
2017-06-01,210.4841766357422
2017-06-02,211.18470764160156
2017-06-05,211.02903747558594
2017-06-06,210.35440063476562
2017-06-07,210.74359130859375
2017-06-08,210.84742736816406
2017-06-09,210.52735900878906
2017-06-12,210.4841766357422
2017-06-13,211.5133514404297
2017-06-14,211.24525451660156
2017-06-15,210.83872985839844
2017-06-16,210.88479614257812
2017-06-19,212.64044189453125
2017-06-20,211.20639038085938
2017-06-21,211.15420532226562
2017-06-22,211.05862426757812
2017-06-23,211.31068420410156
2017-06-26,211.44973754882812
2017-06-27,209.74624633789062
2017-06-28,211.62355041503906
2017-06-29,209.76365661621094
2017-06-30,210.1547393798828
2017-07-03,210.51109313964844
2017-07-05,210.99783325195312
2017-07-06,209.06832885742188
2017-07-07,210.42416381835938
2017-07-10,210.65011596679688
2017-07-11,210.4936981201172
2017-07-12,212.07550048828125
2017-07-13,212.4318389892578
2017-07-14,213.422607421875
2017-07-17,213.3965606689453
2017-07-18,213.50958251953125
2017-07-19,214.66549682617188
2017-07-20,214.7611083984375
2017-07-21,214.56988525390625
2017-07-24,214.51776123046875
2017-07-25,215.03929138183594
2017-07-26,215.04791259765625
2017-07-27,214.84800720214844
2017-07-28,214.59596252441406
2017-07-31,214.4743194580078
2017-08-01,214.95233154296875
2017-08-02,215.05661010742188
2017-08-03,214.63943481445312
2017-08-04,215.0305633544922
2017-08-07,215.43031311035156
2017-08-08,214.90016174316406
2017-08-09,214.8914794921875
2017-08-10,211.85824584960938
2017-08-11,212.17112731933594
2017-08-14,214.27439880371094
2017-08-15,214.24830627441406
2017-08-16,214.6220703125
2017-08-17,211.2759246826172
2017-08-18,210.94564819335938
2017-08-21,211.11074829101562
2017-08-22,213.31834411621094
2017-08-23,212.55355834960938
2017-08-24,212.05816650390625
2017-08-25,212.55355834960938
2017-08-28,212.56224060058594
2017-08-29,212.80560302734375
2017-08-30,213.81382751464844
2017-08-31,215.10009765625
2017-09-01,215.40431213378906
2017-09-05,213.8572235107422
2017-09-06,214.58724975585938
2017-09-07,214.5612030029297
2017-09-08,214.30911254882812
2017-09-11,216.59500122070312
2017-09-12,217.32504272460938
2017-09-13,217.4293212890625
2017-09-14,217.3598175048828
2017-09-15,217.6524200439453
2017-09-18,218.11537170410156
2017-09-19,218.33367919921875
2017-09-20,218.4123077392578
2017-09-21,217.82711791992188
2017-09-22,217.8707733154297
2017-09-25,217.4253387451172
2017-09-26,217.5563201904297
2017-09-27,218.40359497070312
2017-09-28,218.66558837890625
2017-09-29,219.43421936035156
2017-10-02,220.3863067626953
2017-10-03,220.85794067382812
2017-10-04,221.11997985839844
2017-10-05,222.43014526367188
2017-10-06,222.17681884765625
2017-10-09,221.8100128173828
2017-10-10,222.39520263671875
2017-10-11,222.74453735351562
2017-10-12,222.41265869140625
2017-10-13,222.68341064453125
2017-10-16,222.98040771484375
2017-10-17,223.1376495361328
2017-10-18,223.35597229003906
2017-10-19,223.41714477539062
2017-10-20,224.57008361816406
2017-10-23,223.69664001464844
2017-10-24,224.08966064453125
2017-10-25,222.98040771484375
2017-10-26,223.26858520507812
2017-10-27,225.09410095214844
2017-10-30,224.2556610107422
2017-10-31,224.60499572753906
2017-11-01,224.90196228027344
2017-11-02,224.98928833007812
2017-11-03,225.74046325683594
2017-11-06,226.0898895263672
2017-11-07,225.93264770507812
2017-11-08,226.31689453125
2017-11-09,225.4958953857422
2017-11-10,225.42604064941406
2017-11-13,225.63565063476562
2017-11-14,225.1116180419922
2017-11-15,223.98487854003906
2017-11-16,225.888916015625
2017-11-17,225.2251434326172
2017-11-20,225.60943603515625
2017-11-21,227.08554077148438
2017-11-22,226.88465881347656
2017-11-24,227.40870666503906
2017-11-27,227.2952117919922
2017-11-28,229.60104370117188
2017-11-29,229.4613494873047
2017-11-30,231.47023010253906
2017-12-01,230.9898681640625
2017-12-04,230.7103271484375
2017-12-05,229.88059997558594
2017-12-06,229.92420959472656
2017-12-07,230.64918518066406
2017-12-08,231.90696716308594
2017-12-11,232.605712890625
2017-12-12,233.01620483398438
2017-12-13,232.9900665283203
2017-12-14,232.03797912597656
2017-12-15,233.97027587890625
2017-12-18,235.4539337158203
2017-12-19,234.5496826171875
2017-12-20,234.4267578125
2017-12-21,234.90957641601562
2017-12-22,234.84814453125
2017-12-26,234.5672149658203
2017-12-27,234.6813507080078
2017-12-28,235.16416931152344
2017-12-29,234.2774658203125
2018-01-02,235.95428466796875
2018-01-03,237.44679260253906
2018-01-04,238.44754028320312
2018-01-05,240.0365753173828
2018-01-08,240.47557067871094
2018-01-09,241.0198516845703
2018-01-10,240.6510772705078
2018-01-11,242.40689086914062
2018-01-12,243.98715209960938
2018-01-16,243.153076171875
2018-01-17,245.4707794189453
2018-01-18,245.05810546875
2018-01-19,246.17312622070312
2018-01-22,248.17474365234375
2018-01-23,248.70147705078125
2018-01-24,248.60488891601562
2018-01-25,248.71023559570312
2018-01-26,251.58978271484375
2018-01-29,249.9217071533203
2018-01-30,247.35830688476562
2018-01-31,247.48117065429688
2018-02-01,247.20016479492188
2018-02-02,241.81866455078125
2018-02-05,231.70518493652344
2018-02-06,236.27024841308594
2018-02-07,234.9886474609375
2018-02-08,226.17442321777344
2018-02-09,229.57196044921875
2018-02-12,232.94309997558594
2018-02-13,233.52249145507812
2018-02-14,236.6741485595703
2018-02-15,239.69418334960938
2018-02-16,239.7643585205078
2018-02-20,238.26319885253906
2018-02-21,237.0780487060547
2018-02-22,237.38525390625
2018-02-23,241.1690216064453
2018-02-26,243.96958923339844
2018-02-27,240.9232177734375
2018-02-28,238.48260498046875
2018-03-01,235.01498413085938
2018-03-02,236.2263946533203
2018-03-05,238.95675659179688
2018-03-06,239.56253051757812
2018-03-07,239.4746856689453
2018-03-08,240.63356018066406
2018-03-09,244.82110595703125
2018-03-12,244.51382446289062
2018-03-13,242.93370056152344
2018-03-14,241.68698120117188
2018-03-15,241.42359924316406
2018-03-16,241.6854705810547
2018-03-19,238.4153594970703
2018-03-20,238.82078552246094
2018-03-21,238.3625030517578
2018-03-22,232.40408325195312
2018-03-23,227.45045471191406
2018-03-26,233.67324829101562
2018-03-27,229.6981201171875
2018-03-28,229.01939392089844
2018-03-29,231.9457244873047
2018-04-02,226.93927001953125
2018-04-03,229.84791564941406
2018-04-04,232.30709838867188
2018-04-05,234.14047241210938
2018-04-06,228.92247009277344
2018-04-09,230.05068969726562
2018-04-10,233.7085418701172
2018-04-11,232.48338317871094
2018-04-12,234.39608764648438
2018-04-13,233.7085418701172
2018-04-16,235.63002014160156
2018-04-17,238.15093994140625
2018-04-18,238.32711791992188
2018-04-19,237.0050811767578
2018-04-20,234.99546813964844
2018-04-23,234.96023559570312
2018-04-24,231.7959442138672
2018-04-25,232.36880493164062
2018-04-26,234.73097229003906
2018-04-27,234.95140075683594
2018-04-30,233.1444549560547
2018-05-01,233.5587921142578
2018-05-02,231.98980712890625
2018-05-03,231.47857666015625
2018-05-04,234.47537231445312
2018-05-07,235.2686767578125
2018-05-08,235.2686767578125
2018-05-09,237.542724609375
2018-05-10,239.76388549804688
2018-05-11,240.49549865722656
2018-05-14,240.61007690429688
2018-05-15,238.95294189453125
2018-05-16,239.957763671875
2018-05-17,239.75506591796875
2018-05-18,239.1557159423828
2018-05-21,240.95376586914062
2018-05-22,240.28399658203125
2018-05-23,240.9449920654297
2018-05-24,240.45140075683594
2018-05-25,239.87852478027344
2018-05-29,237.11964416503906
2018-05-30,240.28399658203125
2018-05-31,238.81199645996094
2018-06-01,241.15658569335938
2018-06-04,242.30245971679688
2018-06-05,242.4786834716797
2018-06-06,244.50599670410156
2018-06-07,244.4795379638672
2018-06-08,245.202392578125
2018-06-11,245.52835083007812
2018-06-12,245.84576416015625
2018-06-13,245.061279296875
2018-06-14,245.6782684326172
2018-06-15,245.36488342285156
2018-06-18,244.86019897460938
2018-06-19,243.921630859375
2018-06-20,244.3377685546875
2018-06-21,242.8061065673828
2018-06-22,243.24879455566406
2018-06-25,239.9374237060547
2018-06-26,240.46871948242188
2018-06-27,238.47659301757812
2018-06-28,239.840087890625
2018-06-29,240.1853790283203
2018-07-02,240.69891357421875
2018-07-03,239.8489227294922
2018-07-05,241.8055419921875
2018-07-06,243.8508758544922
2018-07-09,246.0465850830078
2018-07-10,246.9319610595703
2018-07-11,245.125732421875
2018-07-12,247.34808349609375
2018-07-13,247.5428924560547
2018-07-16,247.32159423828125
2018-07-17,248.32199096679688
2018-07-18,248.8443603515625
2018-07-19,247.90586853027344
2018-07-20,247.62261962890625
2018-07-23,248.0829620361328
2018-07-24,249.33131408691406
2018-07-25,251.4562530517578
2018-07-26,250.8629913330078
2018-07-27,249.16314697265625
2018-07-30,247.86163330078125
2018-07-31,249.0833740234375
2018-08-01,248.66732788085938
2018-08-02,250.02194213867188
2018-08-03,251.09326171875
2018-08-06,252.0141143798828
2018-08-07,252.84622192382812
2018-08-08,252.74009704589844
2018-08-09,252.39476013183594
2018-08-10,250.70361328125
2018-08-13,249.76502990722656
2018-08-14,251.3588409423828
2018-08-15,249.48182678222656
2018-08-16,251.5005340576172
2018-08-17,252.3859100341797
2018-08-20,252.92596435546875
2018-08-21,253.51914978027344
2018-08-22,253.36862182617188
2018-08-23,253.03213500976562
2018-08-24,254.55508422851562
2018-08-27,256.5648193359375
2018-08-28,256.68878173828125
2018-08-29,258.070068359375
2018-08-30,257.0252685546875
2018-08-31,257.03411865234375
2018-09-04,256.5914306640625
2018-09-05,255.9008026123047
2018-09-06,255.1305694580078
2018-09-07,254.63475036621094
2018-09-10,255.0774383544922
2018-09-11,255.91848754882812
2018-09-12,255.98045349121094
2018-09-13,257.4944152832031
2018-09-14,257.5387878417969
2018-09-17,256.1753234863281
2018-09-18,257.5653381347656
2018-09-19,257.8397521972656
2018-09-20,259.9292907714844
2018-09-21,259.69171142578125
2018-09-24,258.8291931152344
2018-09-25,258.5889587402344
2018-09-26,257.8152160644531
2018-09-27,258.53558349609375
2018-09-28,258.5623474121094
2018-10-01,259.4606628417969
2018-10-02,259.3094482421875
2018-10-03,259.4516906738281
2018-10-04,257.42388916015625
2018-10-05,255.983154296875
2018-10-08,255.983154296875
2018-10-09,255.6095428466797
2018-10-10,247.51612854003906
2018-10-11,242.0642547607422
2018-10-12,245.4260711669922
2018-10-15,244.0474853515625
2018-10-16,249.38377380371094
2018-10-17,249.42837524414062
2018-10-18,245.8262481689453
2018-10-19,245.6929168701172
2018-10-22,244.58998107910156
2018-10-23,243.34494018554688
2018-10-24,235.971923828125
2018-10-25,240.205322265625
2018-10-26,235.98081970214844
2018-10-29,234.67343139648438
2018-10-30,238.15087890625
2018-10-31,240.69454956054688
2018-11-01,243.25601196289062
2018-11-02,241.81512451171875
2018-11-05,243.14926147460938
2018-11-06,244.6879119873047
2018-11-07,249.92630004882812
2018-11-08,249.47276306152344
2018-11-09,247.03585815429688
2018-11-12,242.4199676513672
2018-11-13,241.9663543701172
2018-11-14,240.31216430664062
2018-11-15,242.82020568847656
2018-11-16,243.45164489746094
2018-11-19,239.33377075195312
2018-11-20,234.90460205078125
2018-11-21,235.7051239013672
2018-11-23,234.130859375
2018-11-26,237.9108123779297
2018-11-27,238.71128845214844
2018-11-28,244.20761108398438
2018-11-29,243.6739501953125
2018-11-30,245.15928649902344
2018-12-03,248.4054718017578
2018-12-04,240.35659790039062
2018-12-06,239.99195861816406
2018-12-07,234.4154052734375
2018-12-10,234.86021423339844
2018-12-11,234.91355895996094
2018-12-12,236.09640502929688
2018-12-13,236.01638793945312
2018-12-14,231.65838623046875
2018-12-17,227.11366271972656
2018-12-18,226.8645477294922
2018-12-19,223.4671630859375
2018-12-20,219.8295440673828
2018-12-21,215.32533264160156
2018-12-24,209.63575744628906
2018-12-26,220.22764587402344
2018-12-27,221.91839599609375
2018-12-28,221.6321258544922
2018-12-31,223.57337951660156
2019-01-02,223.8059844970703
2019-01-03,218.46533203125
2019-01-04,225.782958984375
2019-01-07,227.563232421875
2019-01-08,229.70123291015625
2019-01-09,230.77476501464844
2019-01-10,231.5887908935547
2019-01-11,231.6782684326172
2019-01-14,230.2648468017578
2019-01-15,232.90380859375
2019-01-16,233.46742248535156
2019-01-17,235.23867797851562
2019-01-18,238.36972045898438
2019-01-22,235.14920043945312
2019-01-23,235.64120483398438
2019-01-24,235.7664794921875
2019-01-25,237.76145935058594
2019-01-28,235.9542999267578
2019-01-29,235.64120483398438
2019-01-30,239.37159729003906
2019-01-31,241.47393798828125
2019-02-01,241.59019470214844
2019-02-04,243.28990173339844
2019-02-05,244.3097686767578
2019-02-06,243.98770141601562
2019-02-07,241.66175842285156
2019-02-08,241.95704650878906
2019-02-11,242.09112548828125
2019-02-12,245.20431518554688
2019-02-13,246.00047302246094
2019-02-14,245.45480346679688
2019-02-15,248.12954711914062
2019-02-19,248.55902099609375
2019-02-20,249.05990600585938
2019-02-21,248.17425537109375
2019-02-22,249.71298217773438
2019-02-25,250.05296325683594
2019-02-26,249.8739471435547
2019-02-27,249.7666778564453
2019-02-28,249.30149841308594
2019-03-01,250.8580322265625
2019-03-04,249.9456024169922
2019-03-05,249.6056671142578
2019-03-06,248.09384155273438
2019-03-07,246.01834106445312
2019-03-08,245.5263671875
2019-03-11,249.0868377685547
2019-03-12,250.0260467529297
2019-03-13,251.68109130859375
2019-03-14,251.52003479003906
2019-03-15,252.76271057128906
2019-03-18,253.6791229248047
2019-03-19,253.74215698242188
2019-03-20,252.9783477783203
2019-03-21,255.8356170654297
2019-03-22,250.9116668701172
2019-03-25,250.72305297851562
2019-03-26,252.5919952392578
2019-03-27,251.2711639404297
2019-03-28,252.2235565185547
2019-03-29,253.81396484375
2019-04-01,256.823974609375
2019-04-02,256.9497985839844
2019-04-03,257.3540954589844
2019-04-04,258.0370178222656
2019-04-05,259.2859191894531
2019-04-08,259.4836730957031
2019-04-09,258.15380859375
2019-04-10,259.03436279296875
2019-04-11,258.9625549316406
2019-04-12,260.7145690917969
2019-04-15,260.54388427734375
2019-04-16,260.7145690917969
2019-04-17,260.07672119140625
2019-04-18,260.58880615234375
2019-04-22,260.81341552734375
2019-04-23,263.1585388183594
2019-04-24,262.5744323730469
2019-04-25,262.4127502441406
2019-04-26,263.634765625
2019-04-29,264.048095703125
2019-04-30,264.18280029296875
2019-05-01,262.1971740722656
2019-05-02,261.63104248046875
2019-05-03,264.19183349609375
2019-05-06,263.104736328125
2019-05-07,258.7109375
2019-05-08,258.3514099121094
2019-05-09,257.5697326660156
2019-05-10,258.8636169433594
2019-05-13,252.3583221435547
2019-05-14,254.64065551757812
2019-05-15,256.1321716308594
2019-05-16,258.5042419433594
2019-05-17,256.8329772949219
2019-05-20,255.1347198486328
2019-05-21,257.43499755859375
2019-05-22,256.6443176269531
2019-05-23,253.5084686279297
2019-05-24,254.0834503173828
2019-05-28,251.7203826904297
2019-05-29,250.03123474121094
2019-05-30,250.7140350341797
2019-05-31,247.3356475830078
2019-06-03,246.70668029785156
2019-06-04,252.06190490722656
2019-06-05,254.2452392578125
2019-06-06,255.89854431152344
2019-06-07,258.4592590332031
2019-06-10,259.6453857421875
2019-06-11,259.58245849609375
2019-06-12,259.12420654296875
2019-06-13,260.1934509277344
2019-06-14,259.906005859375
2019-06-17,260.0046691894531
2019-06-18,262.7273254394531
2019-06-19,263.3201904296875
2019-06-20,265.8361511230469
2019-06-21,265.44976806640625
2019-06-24,265.1246643066406
2019-06-25,262.5243835449219
2019-06-26,262.2625732421875
2019-06-27,263.1925048828125
2019-06-28,264.5468444824219
2019-07-01,266.9485168457031
2019-07-02,267.6437683105469
2019-07-03,269.7835998535156
2019-07-05,269.47662353515625
2019-07-08,267.99591064453125
2019-07-09,268.33001708984375
2019-07-10,269.61199951171875
2019-07-11,270.24407958984375
2019-07-12,271.4539489746094
2019-07-15,271.54425048828125
2019-07-16,270.6684265136719
2019-07-17,268.8265380859375
2019-07-18,269.8106994628906
2019-07-19,268.3118896484375
2019-07-22,268.970947265625
2019-07-23,270.8941650390625
2019-07-24,272.167236328125
2019-07-25,270.8670349121094
2019-07-26,272.6819763183594
2019-07-29,272.185302734375
2019-07-30,271.5172119140625
2019-07-31,268.546630859375
2019-08-01,266.2081604003906
2019-08-02,264.2037048339844
2019-08-05,256.2583312988281
2019-08-06,259.851806640625
2019-08-07,260.00531005859375
2019-08-08,265.1065979003906
2019-08-09,263.3008728027344
2019-08-12,260.09564208984375
2019-08-13,264.1405944824219
2019-08-14,256.33050537109375
2019-08-15,257.0077209472656
2019-08-16,260.7997741699219
2019-08-19,263.9418640136719
2019-08-20,261.91937255859375
2019-08-21,264.0503234863281
2019-08-22,263.9690246582031
2019-08-23,257.1882629394531
2019-08-26,260.03240966796875
2019-08-27,259.0120849609375
2019-08-28,260.83599853515625
2019-08-29,264.1676330566406
2019-08-30,264.0503234863281
2019-09-03,262.50628662109375
2019-09-04,265.4858703613281
2019-09-05,268.8987731933594
2019-09-06,269.1064453125
2019-09-09,269.24188232421875
2019-09-10,269.1787109375
2019-09-11,271.0926818847656
2019-09-12,272.0318298339844
2019-09-13,271.8511962890625
2019-09-16,271.0115966796875
2019-09-17,271.69769287109375
2019-09-18,271.8602600097656
2019-09-19,271.8421325683594
2019-09-20,270.5577087402344
2019-09-23,270.49432373046875
2019-09-24,268.3717346191406
2019-09-25,269.9591979980469
2019-09-26,269.3968200683594
2019-09-27,267.9454650878906
2019-09-30,269.1880798339844
2019-10-01,265.9862365722656
2019-10-02,261.28759765625
2019-10-03,263.4283142089844
2019-10-04,266.99310302734375
2019-10-07,265.8410949707031
2019-10-08,261.7140197753906
2019-10-09,264.1993408203125
2019-10-10,265.9862365722656
2019-10-11,268.74365234375
2019-10-14,268.4443054199219
2019-10-15,271.10205078125
2019-10-16,270.6666564941406
2019-10-17,271.46484375
2019-10-18,270.2766418457031
2019-10-21,272.10882568359375
2019-10-22,271.22003173828125
2019-10-23,272.0091247558594
2019-10-24,272.4535217285156
2019-10-25,273.5692443847656
2019-10-28,275.1111145019531
2019-10-29,275.02960205078125
2019-10-30,275.8731689453125
2019-10-31,275.13848876953125
2019-11-01,277.687255859375
2019-11-04,278.8029479980469
2019-11-05,278.4945983886719
2019-11-06,278.55810546875
2019-11-07,279.5377197265625
2019-11-08,280.22705078125
2019-11-11,279.6918640136719
2019-11-12,280.2814025878906
2019-11-13,280.3722229003906
2019-11-14,280.78033447265625
2019-11-15,282.8121337890625
2019-11-18,283.0207214355469
2019-11-19,282.9391784667969
2019-11-20,281.8869323730469
2019-11-21,281.43341064453125
2019-11-22,282.0593566894531
2019-11-25,284.2453308105469
2019-11-26,284.889404296875
2019-11-27,286.1592102050781
2019-11-29,285.0979309082031
2019-12-02,282.67608642578125
2019-12-03,280.78033447265625
2019-12-04,282.5128173828125
2019-12-05,283.0207214355469
2019-12-06,285.6058654785156
2019-12-09,284.7079162597656
2019-12-10,284.3905334472656
2019-12-11,285.1977844238281
2019-12-12,287.6558837890625
2019-12-13,287.8282165527344
2019-12-16,289.8055114746094
2019-12-17,289.869140625
2019-12-18,289.88720703125
2019-12-19,291.0755615234375
2019-12-20,292.3515625
2019-12-23,292.7982482910156
2019-12-24,292.8073425292969
2019-12-26,294.3660888671875
2019-12-27,294.2930603027344
2019-12-30,292.6706848144531
2019-12-31,293.381591796875
2020-01-02,296.1253356933594
2020-01-03,293.88299560546875
2020-01-06,295.004150390625
2020-01-07,294.1745910644531
2020-01-08,295.742431640625
2020-01-09,297.747802734375
2020-01-10,296.8908996582031
2020-01-13,298.932861328125
2020-01-14,298.47698974609375
2020-01-15,299.1514892578125
2020-01-16,301.6399841308594
2020-01-17,302.5788879394531
2020-01-21,301.986328125
2020-01-22,302.0228271484375
2020-01-23,302.3691711425781
2020-01-24,299.68011474609375
2020-01-27,294.87652587890625
2020-01-28,297.9665832519531
2020-01-29,297.7203674316406
2020-01-30,298.6866455078125
2020-01-31,293.2630920410156
2020-02-03,295.4416809082031
2020-02-04,299.944580078125
2020-02-05,303.4082946777344
2020-02-06,304.4293212890625
2020-02-07,302.80670166015625
2020-02-10,305.0672912597656
2020-02-11,305.59600830078125
2020-02-12,307.56488037109375
2020-02-13,307.2367248535156
2020-02-14,307.7288818359375
2020-02-18,306.9358825683594
2020-02-19,308.4034423828125
2020-02-20,307.1365051269531
2020-02-21,303.973388671875
2020-02-24,293.8919982910156
2020-02-25,284.9865417480469
2020-02-26,283.9383239746094
2020-02-27,271.1861267089844
2020-02-28,270.04669189453125
2020-03-02,281.74151611328125
2020-03-03,273.674560546875
2020-03-04,285.17791748046875
2020-03-05,275.6982421875
2020-03-06,271.14056396484375
2020-03-09,249.96595764160156
2020-03-10,262.9004821777344
2020-03-11,250.08441162109375
2020-03-12,226.1570587158203
2020-03-13,245.49041748046875
2020-03-16,218.6279296875
2020-03-17,230.43211364746094
2020-03-18,218.7646484375
2020-03-19,219.22952270507812
2020-03-20,209.78195190429688
2020-03-23,204.41822814941406
2020-03-24,222.93919372558594
2020-03-25,226.2766571044922
2020-03-26,239.4889373779297
2020-03-27,232.3555450439453
2020-03-30,239.90150451660156
2020-03-31,236.32568359375
2020-04-01,225.68984985351562
2020-04-02,230.89773559570312
2020-04-03,227.56028747558594
2020-04-06,242.84463500976562
2020-04-07,243.09226989746094
2020-04-08,251.2525177001953
2020-04-09,255.07577514648438
2020-04-13,252.74700927734375
2020-04-14,260.201171875
2020-04-15,254.67236328125
2020-04-16,255.90101623535156
2020-04-17,262.8143310546875
2020-04-20,258.1839904785156
2020-04-21,250.34475708007812
2020-04-22,255.90101623535156
2020-04-23,255.88265991210938
2020-04-24,259.4493408203125
2020-04-27,263.19024658203125
2020-04-28,261.9798889160156
2020-04-29,268.838134765625
2020-04-30,266.33514404296875
2020-05-01,259.2843017578125
2020-05-04,259.99951171875
2020-05-05,262.4017333984375
2020-05-06,260.6229248046875
2020-05-07,263.7677917480469
2020-05-08,268.1322021484375
2020-05-11,268.1872253417969
2020-05-12,262.841796875
2020-05-13,258.19329833984375
2020-05-14,261.2830810546875
2020-05-15,262.4842529296875
2020-05-18,270.47943115234375
2020-05-19,267.7012634277344
2020-05-20,272.2489929199219
2020-05-21,270.36944580078125
2020-05-22,270.88287353515625
2020-05-26,274.2202453613281
2020-05-27,278.30035400390625
2020-05-28,277.7870178222656
2020-05-29,279.02471923828125
2020-06-01,280.1524658203125
2020-06-02,282.47222900390625
2020-06-03,286.23138427734375
2020-06-04,285.4795227050781
2020-06-05,292.7962951660156
2020-06-08,296.3354187011719
2020-06-09,294.1257629394531
2020-06-10,292.4845886230469
2020-06-11,275.6230773925781
2020-06-12,278.9238586425781
2020-06-15,281.52777099609375
2020-06-16,286.9465637207031
2020-06-17,285.75469970703125
2020-06-18,285.8646545410156
2020-06-19,284.23089599609375
2020-06-22,286.0543518066406
2020-06-23,287.3711853027344
2020-06-24,280.0407409667969
2020-06-25,283.0428771972656
2020-06-26,276.3202819824219
2020-06-29,280.3814697265625
2020-06-30,283.9730529785156
2020-07-01,285.9622497558594
2020-07-02,287.5369873046875
2020-07-06,291.975830078125
2020-07-07,288.9644775390625
2020-07-08,291.1746826171875
2020-07-09,289.5169677734375
2020-07-10,292.4731140136719
2020-07-13,289.9405822753906
2020-07-14,293.6979064941406
2020-07-15,296.39617919921875
2020-07-16,295.4200744628906
2020-07-17,296.2765808105469
2020-07-20,298.6708679199219
2020-07-21,299.30633544921875
2020-07-22,301.0099792480469
2020-07-23,297.41839599609375
2020-07-24,295.5029296875
2020-07-27,297.65789794921875
2020-07-28,295.77008056640625
2020-07-29,299.40765380859375
2020-07-30,298.33941650390625
2020-07-31,300.6968994140625
2020-08-03,302.7873229980469
2020-08-04,303.95684814453125
2020-08-05,305.8448181152344
2020-08-06,307.8891906738281
2020-08-07,308.11029052734375
2020-08-10,309.03118896484375
2020-08-11,306.4801940917969
2020-08-12,310.7532958984375
2020-08-13,310.1914978027344
2020-08-14,310.20074462890625
2020-08-17,311.18603515625
2020-08-18,311.8583068847656
2020-08-19,310.5599060058594
2020-08-20,311.5268859863281
2020-08-21,312.6319580078125
2020-08-24,315.79986572265625
2020-08-25,316.90496826171875
2020-08-26,320.0821838378906
2020-08-27,320.7820129394531
2020-08-28,322.85406494140625
2020-08-31,321.6845397949219
2020-09-01,324.71429443359375
2020-09-02,329.4109802246094
2020-09-03,318.07464599609375
2020-09-04,315.4775390625
2020-09-08,306.8578186035156
2020-09-09,312.9173889160156
2020-09-10,307.48406982421875
2020-09-11,307.6405944824219
2020-09-14,311.6926574707031
2020-09-15,313.26739501953125
2020-09-16,312.0241394042969
2020-09-17,309.2798156738281
2020-09-18,305.7192077636719
2020-09-21,302.3166198730469
2020-09-22,305.3955078125
2020-09-23,298.3131408691406
2020-09-24,299.1083068847656
2020-09-25,303.94390869140625
2020-09-28,308.9922790527344
2020-09-29,307.30950927734375
2020-09-30,309.6394348144531
2020-10-01,311.6274108886719
2020-10-02,308.66864013671875
2020-10-05,314.1423034667969
2020-10-06,309.67645263671875
2020-10-07,315.0669250488281
2020-10-08,317.8592529296875
2020-10-09,320.69775390625
2020-10-12,325.8569030761719
2020-10-13,323.73040771484375
2020-10-14,321.6961975097656
2020-10-15,321.29876708984375
2020-10-16,321.10455322265625
2020-10-19,316.22259521484375
2020-10-20,317.48931884765625
2020-10-21,316.88836669921875
2020-10-22,318.6266174316406
2020-10-23,319.7083740234375
2020-10-26,313.8001403808594
2020-10-27,312.7183532714844
2020-10-28,302.0300598144531
2020-10-29,305.0997009277344
2020-10-30,301.9190673828125
2020-11-02,305.3031005859375
2020-11-03,310.6935119628906
2020-11-04,317.6372985839844
2020-11-05,323.83209228515625
2020-11-06,323.7581481933594
2020-11-09,327.826416015625
2020-11-10,327.3455810546875
2020-11-11,329.77728271484375
2020-11-12,326.57818603515625
2020-11-13,331.0995178222656
2020-11-16,335.2324523925781
2020-11-17,333.429443359375
2020-11-18,329.4167175292969
2020-11-19,330.8035583496094
2020-11-20,328.5382080078125
2020-11-23,330.5076599121094
2020-11-24,335.8334045410156
2020-11-25,335.315673828125
2020-11-27,336.24945068359375
2020-11-30,334.7609558105469
2020-12-01,338.4223327636719
2020-12-02,339.1342468261719
2020-12-03,339.0417785644531
2020-12-04,341.9635925292969
2020-12-07,341.2608642578125
2020-12-08,342.2593994140625
2020-12-09,339.1897277832031
2020-12-10,339.0787658691406
2020-12-11,338.68115234375
2020-12-14,337.1648864746094
2020-12-15,341.72308349609375
2020-12-16,342.2593994140625
2020-12-17,344.17327880859375
2020-12-18,342.79913330078125
2020-12-21,341.5733642578125
2020-12-22,340.99774169921875
2020-12-23,341.3041076660156
2020-12-24,342.6319885253906
2020-12-28,345.5754089355469
2020-12-29,344.9161682128906
2020-12-30,345.4082336425781
2020-12-31,347.1632080078125
2021-01-04,342.4369201660156
2021-01-05,344.7953796386719
2021-01-06,346.8568420410156
2021-01-07,352.0101623535156
2021-01-08,354.0158386230469
2021-01-11,351.6294860839844
2021-01-12,351.7037353515625
2021-01-13,352.6508483886719
2021-01-14,351.4159240722656
2021-01-15,348.8531494140625
2021-01-19,351.59234619140625
2021-01-20,356.4579162597656
2021-01-21,356.7828674316406
2021-01-22,355.5200500488281
2021-01-25,356.9222106933594
2021-01-26,356.364990234375
2021-01-27,347.65533447265625
2021-01-28,350.645263671875
2021-01-29,343.6254577636719
2021-02-01,349.34527587890625
2021-02-02,354.28509521484375
2021-02-03,354.5636291503906
2021-02-04,358.5935363769531
2021-02-05,360.0050048828125
2021-02-08,362.6048889160156
2021-02-09,362.36346435546875
2021-02-10,362.2055358886719
2021-02-11,362.79058837890625
2021-02-12,364.58258056640625
2021-02-16,364.2669372558594
2021-02-17,364.3505554199219
2021-02-18,362.7998352050781
2021-02-19,362.1591796875
2021-02-22,359.3735656738281
2021-02-23,359.8099365234375
2021-02-24,363.7748718261719
2021-02-25,355.0093994140625
2021-02-26,353.1800842285156
2021-03-01,361.7413024902344
2021-03-02,358.91845703125
2021-03-03,354.16436767578125
2021-03-04,349.7816467285156
2021-03-05,356.2164611816406
2021-03-08,354.4430236816406
2021-03-09,359.5035705566406
2021-03-10,361.7413024902344
2021-03-11,365.4090881347656
2021-03-12,365.9011535644531
2021-03-15,368.0832214355469
2021-03-16,367.6189880371094
2021-03-17,368.87255859375
2021-03-18,363.505615234375
2021-03-19,362.8330078125
2021-03-22,365.7301330566406
2021-03-23,362.8515319824219
2021-03-24,361.0071105957031
2021-03-25,363.037841796875
2021-03-26,368.88818359375
2021-03-29,368.7019348144531
2021-03-30,367.7237548828125
2021-03-31,369.2142639160156
2021-04-01,373.2014465332031
2021-04-05,378.55810546875
2021-04-06,378.33441162109375
2021-04-07,378.7723083496094
2021-04-08,380.57025146484375
2021-04-09,383.33709716796875
2021-04-12,383.4768371582031
2021-04-13,384.6133117675781
2021-04-14,383.29986572265625
2021-04-15,387.4173889160156
2021-04-16,388.71234130859375
2021-04-19,386.80255126953125
2021-04-20,383.9705810546875
2021-04-21,387.60369873046875
2021-04-22,384.063720703125
2021-04-23,388.2278747558594
2021-04-26,389.038330078125
2021-04-27,388.9545593261719
2021-04-28,388.8427734375
2021-04-29,391.3208312988281
2021-04-30,388.7496337890625
2021-05-03,389.5879821777344
2021-05-04,387.18450927734375
2021-05-05,387.30560302734375
2021-05-06,390.3984375
2021-05-07,393.23974609375
2021-05-10,389.3457946777344
2021-05-11,385.8709716796875
2021-05-12,377.6730651855469
2021-05-13,382.2098693847656
2021-05-14,388.0788269042969
2021-05-17,387.0913391113281
2021-05-18,383.75628662109375
2021-05-19,382.7501525878906
2021-05-20,386.8677673339844
2021-05-21,386.55108642578125
2021-05-24,390.49163818359375
2021-05-25,389.62530517578125
2021-05-26,390.3984375
2021-05-27,390.6034851074219
2021-05-28,391.3021240234375
2021-06-01,390.9574279785156
2021-06-02,391.5722351074219
2021-06-03,390.1190185546875
2021-06-04,393.68707275390625
2021-06-07,393.3050537109375
2021-06-08,393.3888244628906
2021-06-09,392.8019714355469
2021-06-10,394.6278991699219
2021-06-11,395.27996826171875
2021-06-14,396.1649475097656
2021-06-15,395.4383544921875
2021-06-16,393.23040771484375
2021-06-17,393.1000671386719
2021-06-18,387.7970275878906
2021-06-21,393.3486633300781
2021-06-22,395.45159912109375
2021-06-23,394.9749755859375
2021-06-24,397.3115234375
2021-06-25,398.7228088378906
2021-06-28,399.5265808105469
2021-06-29,399.7415466308594
2021-06-30,400.07806396484375
2021-07-01,402.2931213378906
2021-07-02,405.36810302734375
2021-07-06,404.6297607421875
2021-07-07,406.0596923828125
2021-07-08,402.75103759765625
2021-07-09,407.0503234863281
2021-07-12,408.5084533691406
2021-07-13,407.1158447265625
2021-07-14,407.7232666015625
2021-07-15,406.33074951171875
2021-07-16,403.1436767578125
2021-07-19,397.19000244140625
2021-07-20,402.8819885253906
2021-07-21,406.1438293457031
2021-07-22,406.9942932128906
2021-07-23,411.1814270019531
2021-07-26,412.19085693359375
2021-07-27,410.3122253417969
2021-07-28,410.14398193359375
2021-07-29,411.8450012207031
2021-07-30,409.84490966796875
2021-08-02,408.98504638671875
2021-08-03,412.31231689453125
2021-08-04,410.2841796875
2021-08-05,412.88250732421875
2021-08-06,413.5647888183594
2021-08-09,413.22833251953125
2021-08-10,413.7423095703125
2021-08-11,414.7703857421875
2021-08-12,416.01348876953125
2021-08-13,416.7705383300781
2021-08-16,417.7519226074219
2021-08-17,415.013427734375
2021-08-18,410.4710693359375
2021-08-19,411.10662841796875
2021-08-20,414.3779296875
2021-08-23,418.02288818359375
2021-08-24,418.6866149902344
2021-08-25,419.5650329589844
2021-08-26,417.08831787109375
2021-08-27,420.8174743652344
2021-08-30,422.6680603027344
2021-08-31,422.0418395996094
2021-09-01,422.26605224609375
2021-09-02,423.5652770996094
2021-09-03,423.4624938964844
2021-09-07,421.94842529296875
2021-09-08,421.4344177246094
2021-09-09,419.63055419921875
2021-09-10,416.3218994140625
2021-09-13,417.3873291015625
2021-09-14,415.1349182128906
2021-09-15,418.6023864746094
2021-09-16,417.9388427734375
2021-09-17,413.86767578125
2021-09-20,406.9668273925781
2021-09-21,406.582275390625
2021-09-22,410.5484924316406
2021-09-23,415.53668212890625
2021-09-24,416.2210998535156
2021-09-27,415.03033447265625
2021-09-28,406.666748046875
2021-09-29,407.3511657714844
2021-09-30,402.3724670410156
2021-10-01,407.154296875
2021-10-04,401.9035949707031
2021-10-05,406.08538818359375
2021-10-06,407.7731018066406
2021-10-07,411.2986145019531
2021-10-08,410.5484924316406
2021-10-11,407.576171875
2021-10-12,406.57293701171875
2021-10-13,408.03564453125
2021-10-14,414.8990783691406
2021-10-15,418.0588684082031
2021-10-18,419.29644775390625
2021-10-19,422.5313415527344
2021-10-20,424.1908874511719
2021-10-21,425.29730224609375
2021-10-22,424.856689453125
2021-10-25,427.13507080078125
2021-10-26,427.5195007324219
2021-10-27,425.6255187988281
2021-10-28,429.7322692871094
2021-10-29,430.60430908203125
2021-11-01,431.344970703125
2021-11-02,433.0889892578125
2021-11-03,435.7331237792969
2021-11-04,437.78656005859375
2021-11-05,439.3055114746094
2021-11-08,439.6804504394531
2021-11-09,438.2271423339844
2021-11-10,434.7016906738281
2021-11-11,434.84234619140625
2021-11-12,438.12408447265625
2021-11-15,438.27398681640625
2021-11-16,440.0086364746094
2021-11-17,438.939697265625
2021-11-18,440.4306335449219
2021-11-19,439.6429748535156
2021-11-22,438.4052429199219
2021-11-23,438.9866027832031
2021-11-24,440.15869140625
2021-11-26,430.3417663574219
2021-11-29,435.62060546875
2021-11-30,427.14447021484375
2021-12-01,422.4000244140625
2021-12-02,428.8697204589844
2021-12-03,425.1379089355469
2021-12-06,430.1730041503906
2021-12-07,439.0710754394531
2021-12-08,440.23370361328125
2021-12-09,437.2614440917969
2021-12-10,441.3776550292969
2021-12-13,437.46771240234375
2021-12-14,434.4578552246094
2021-12-15,441.246337890625
2021-12-16,437.355224609375
2021-12-17,432.700439453125
2021-12-20,428.0993957519531
2021-12-21,435.7020568847656
2021-12-22,440.0583801269531
2021-12-23,442.7965393066406
2021-12-27,449.06304931640625
2021-12-28,448.6960754394531
2021-12-29,449.2700500488281
2021-12-30,448.02801513671875
2021-12-31,446.8989562988281
2022-01-03,449.4864501953125
2022-01-04,449.3359069824219
2022-01-05,440.7077331542969
2022-01-06,440.29364013671875
2022-01-07,438.552978515625
2022-01-10,438.0072326660156
2022-01-11,441.99676513671875
2022-01-12,443.1916809082031
2022-01-13,437.0850830078125
2022-01-14,437.26397705078125
2022-01-18,429.5201721191406
2022-01-19,425.0601806640625
2022-01-20,420.3555908203125
2022-01-21,412.1037292480469
2022-01-24,413.8538818359375
2022-01-25,408.8011474609375
2022-01-26,407.77545166015625
2022-01-27,405.7619323730469
2022-01-28,415.83917236328125
2022-01-31,423.32891845703125
2022-02-01,426.18927001953125
2022-02-02,430.32940673828125
2022-02-03,420.2145080566406
2022-02-04,422.1903381347656
2022-02-07,420.8354797363281
2022-02-08,424.2980651855469
2022-02-09,430.50811767578125
2022-02-10,422.7737731933594
2022-02-11,414.437255859375
2022-02-14,413.0823059082031
2022-02-15,419.7439880371094
2022-02-16,420.2145080566406
2022-02-17,411.23797607421875
2022-02-18,408.5752868652344
2022-02-22,404.1906433105469
2022-02-23,397.0208740234375
2022-02-24,402.99566650390625
2022-02-25,411.8872985839844
2022-02-28,410.83355712890625
2022-03-01,404.57647705078125
2022-03-02,412.01910400390625
2022-03-03,409.9678649902344
2022-03-04,406.63702392578125
2022-03-07,394.649658203125
2022-03-08,391.6575927734375
2022-03-09,402.158203125
2022-03-10,400.34228515625
2022-03-11,395.251953125
2022-03-14,392.36322021484375
2022-03-15,400.99151611328125
2022-03-16,409.88311767578125
2022-03-17,415.01123046875
2022-03-18,419.55670166015625
2022-03-21,419.43408203125
2022-03-22,424.3419494628906
2022-03-23,418.8771667480469
2022-03-24,425.19146728515625
2022-03-25,427.2679443359375
2022-03-28,430.30706787109375
2022-03-29,435.63037109375
2022-03-30,432.9403991699219
2022-03-31,426.27685546875
2022-04-01,427.4849548339844
2022-04-04,431.1471862792969
2022-04-05,425.7011413574219
2022-04-06,421.44439697265625
2022-04-07,423.56805419921875
2022-04-08,422.4353942871094
2022-04-11,415.2150573730469
2022-04-12,413.6765441894531
2022-04-13,418.4147033691406
2022-04-14,413.20465087890625
2022-04-18,413.3745422363281
2022-04-19,420.0474853515625
2022-04-20,419.7359619140625
2022-04-21,413.4595031738281
2022-04-22,402.11456298828125
2022-04-25,404.44580078125
2022-04-26,392.73272705078125
2022-04-27,393.8370361328125
2022-04-28,403.78509521484375
2022-04-29,388.86297607421875
2022-05-02,391.20361328125
2022-05-03,392.9970397949219
2022-05-04,404.9649353027344
2022-05-05,390.5713195800781
2022-05-06,388.2400817871094
2022-05-09,375.80963134765625
2022-05-10,376.6779479980469
2022-05-11,370.6939697265625
2022-05-12,370.3070983886719
2022-05-13,379.1602478027344
2022-05-16,377.621826171875
2022-05-17,385.3896484375
2022-05-18,369.8540344238281
2022-05-19,367.58868408203125
2022-05-20,367.749267578125
2022-05-23,374.6298522949219
2022-05-24,371.7699890136719
2022-05-25,375.0545959472656
2022-05-26,382.5486755371094
2022-05-27,391.9399108886719
2022-05-31,389.7406921386719
2022-06-01,386.5882873535156
2022-06-02,393.9503173828125
2022-06-03,387.4850158691406
2022-06-06,388.66473388671875
2022-06-07,392.39288330078125
2022-06-08,388.1268005371094
2022-06-09,378.89599609375
2022-06-10,367.90966796875
2022-06-13,353.9407958984375
2022-06-14,352.8742370605469
2022-06-15,357.90496826171875
2022-06-16,346.0596618652344
2022-06-17,346.8056945800781
2022-06-21,355.5361328125
2022-06-22,354.89154052734375
2022-06-23,358.370361328125
2022-06-24,369.7643127441406
2022-06-27,368.3518371582031
2022-06-28,360.8254699707031
2022-06-29,360.5316467285156
2022-06-30,357.6025390625
2022-07-01,361.3847351074219
2022-07-05,362.0672302246094
2022-07-06,363.2900695800781
2022-07-07,368.7311706542969
2022-07-08,368.4278259277344
2022-07-11,364.2190856933594
2022-07-12,360.9961242675781
2022-07-13,359.10028076171875
2022-07-14,358.2281494140625
2022-07-15,365.0721740722656
2022-07-18,362.05780029296875
2022-07-19,371.84027099609375
2022-07-20,374.2100830078125
2022-07-21,378.020751953125
2022-07-22,374.51348876953125
2022-07-25,374.9683837890625
2022-07-26,370.5322265625
2022-07-27,380.1535949707031
2022-07-28,384.92156982421875
2022-07-29,390.5332336425781
2022-08-01,389.3768005371094
2022-08-02,386.8079528808594
2022-08-03,392.8652038574219
2022-08-04,392.5997619628906
2022-08-05,391.9361572265625
2022-08-08,391.48114013671875
2022-08-09,389.9266357421875
2022-08-10,398.1166076660156
2022-08-11,398.1166076660156
2022-08-12,404.8563537597656
2022-08-15,406.5246887207031
2022-08-16,407.3208923339844
2022-08-17,404.4297180175781
2022-08-18,405.60516357421875
2022-08-19,400.1546630859375
2022-08-22,391.8224182128906
2022-08-23,390.8745422363281
2022-08-24,392.1258239746094
2022-08-25,397.6616516113281
2022-08-26,384.201171875
2022-08-29,381.66070556640625
2022-08-30,377.470947265625
2022-08-31,374.5987243652344
2022-09-01,375.774169921875
2022-09-02,371.8118896484375
2022-09-06,370.4089660644531
2022-09-07,377.0633239746094
2022-09-08,379.5279541015625
2022-09-09,385.42401123046875
2022-09-12,389.5663757324219
2022-09-13,372.6271057128906
2022-09-14,374.04888916015625
2022-09-15,369.8022766113281
2022-09-16,366.98114013671875
2022-09-19,369.82696533203125
2022-09-20,365.58197021484375
2022-09-21,359.2048034667969
2022-09-22,356.1875305175781
2022-09-23,350.21966552734375
2022-09-26,346.75506591796875
2022-09-27,345.869873046875
2022-09-28,352.67529296875
2022-09-29,345.30828857421875
2022-09-30,339.9686584472656
2022-10-03,348.9442443847656
2022-10-04,359.7568054199219
2022-10-05,358.919189453125
2022-10-06,355.2166748046875
2022-10-07,345.30828857421875
2022-10-10,342.67181396484375
2022-10-11,340.50164794921875
2022-10-12,339.37847900390625
2022-10-13,348.3350830078125
2022-10-14,340.3969421386719
2022-10-17,349.14410400390625
2022-10-18,353.24639892578125
2022-10-19,350.7431640625
2022-10-20,347.8020324707031
2022-10-21,356.25421142578125
2022-10-24,360.6134338378906
2022-10-25,366.3719177246094
2022-10-26,363.6116027832031
2022-10-27,361.6700134277344
2022-10-28,370.2743225097656
2022-10-31,367.5997619628906
2022-11-01,365.99114990234375
2022-11-02,356.8061828613281
2022-11-03,353.1322326660156
2022-11-04,358.21490478515625
2022-11-07,361.6414794921875
2022-11-08,363.5926513671875
2022-11-09,356.1018981933594
2022-11-10,375.6711730957031
2022-11-11,379.3070983886719
2022-11-14,376.0804443359375
2022-11-15,379.2879638671875
2022-11-16,376.39459228515625
2022-11-17,375.2428283691406
2022-11-18,376.94659423828125
2022-11-21,375.57598876953125
2022-11-22,380.6300354003906
2022-11-23,383.0286560058594
2022-11-25,382.9429626464844
2022-11-28,376.83233642578125
2022-11-29,376.18511962890625
2022-11-30,388.03521728515625
2022-12-01,387.7496032714844
2022-12-02,387.3023376464844
2022-12-05,380.33502197265625
2022-12-06,374.85260009765625
2022-12-07,374.21490478515625
2022-12-08,377.1464538574219
2022-12-09,374.32904052734375
2022-12-12,379.7258605957031
2022-12-13,382.6003112792969
2022-12-14,380.1541748046875
2022-12-15,370.8549499511719
2022-12-16,366.4765930175781
2022-12-19,363.36907958984375
2022-12-20,363.8662414550781
2022-12-21,369.30694580078125
2022-12-22,364.038330078125
2022-12-23,366.1323547363281
2022-12-27,364.6885986328125
2022-12-28,360.15625
2022-12-29,366.63922119140625
2022-12-30,365.6734313964844
2023-01-03,364.13397216796875
2023-01-04,366.9451904296875
2023-01-05,362.757080078125
2023-01-06,371.0758361816406
2023-01-09,370.8654479980469
2023-01-10,373.46636962890625
2023-01-11,378.1898498535156
2023-01-12,379.5667724609375
2023-01-13,381.039306640625
2023-01-17,380.3412780761719
2023-01-18,374.3363952636719
2023-01-19,371.611328125
2023-01-20,378.5340576171875
2023-01-23,383.0759582519531
2023-01-24,382.6648254394531
2023-01-25,382.8082275390625
2023-01-26,387.01544189453125
2023-01-27,387.90472412109375
2023-01-30,383.0377197265625
2023-01-31,388.6697082519531
2023-02-01,392.8003234863281
2023-02-02,398.5183410644531
2023-02-03,394.2824401855469
2023-02-06,391.87286376953125
2023-02-07,396.99798583984375
2023-02-08,392.65692138671875
2023-02-09,389.2528991699219
2023-02-10,390.16131591796875
2023-02-13,394.74139404296875
2023-02-14,394.55975341796875
2023-02-15,395.841064453125
2023-02-16,390.3907470703125
2023-02-17,389.41546630859375
2023-02-21,381.6033935546875
2023-02-22,381.0775146484375
2023-02-23,383.10467529296875
2023-02-24,379.0121765136719
2023-02-27,380.3030700683594
2023-02-28,378.89752197265625
2023-03-01,377.4440002441406
2023-03-02,380.3794860839844
2023-03-03,386.4799499511719
2023-03-06,386.74774169921875
2023-03-07,380.81939697265625
2023-03-08,381.4408874511719
2023-03-09,374.40338134765625
2023-03-10,369.0009765625
2023-03-13,368.4749755859375
2023-03-14,374.56597900390625
2023-03-15,372.2232971191406
2023-03-16,378.7539367675781
2023-03-17,374.32537841796875
2023-03-20,377.9246826171875
2023-03-21,382.8870849609375
2023-03-22,376.3602294921875
2023-03-23,377.377685546875
2023-03-24,379.8539733886719
2023-03-27,380.56427001953125
2023-03-28,379.7100524902344
2023-03-29,385.2290344238281
2023-03-30,387.48468017578125
2023-03-31,392.9461669921875
2023-04-03,394.4434509277344
2023-04-04,392.2550048828125
2023-04-05,391.22802734375
2023-04-06,392.754150390625
2023-04-10,393.15728759765625
2023-04-11,393.2629089355469
2023-04-12,391.659912109375
2023-04-13,396.8622741699219
2023-04-14,395.8928527832031
2023-04-17,397.3133239746094
2023-04-18,397.572509765625
2023-04-19,397.50531005859375
2023-04-20,395.33612060546875
2023-04-21,395.64324951171875
2023-04-24,396.0560302734375
2023-04-25,389.7690734863281
2023-04-26,388.1181945800781
2023-04-27,395.84478759765625
2023-04-28,399.22344970703125
2023-05-01,398.8204040527344
2023-05-02,394.3378601074219
2023-05-03,391.6311340332031
2023-05-04,388.85723876953125
2023-05-05,396.0560302734375
2023-05-08,396.1615905761719
2023-05-09,394.42425537109375
2023-05-10,396.2671813964844
2023-05-11,395.5760498046875
2023-05-12,395.0577392578125
2023-05-15,396.4206848144531
2023-05-16,393.7715759277344
2023-05-17,398.55157470703125
2023-05-18,402.3908386230469
2023-05-19,401.8053894042969
2023-05-22,401.9685363769531
2023-05-23,397.45733642578125
2023-05-24,394.57781982421875
2023-05-25,397.9948425292969
2023-05-26,403.14910888671875
2023-05-30,403.3027038574219
2023-05-31,401.0663146972656
2023-06-01,404.8768615722656
2023-06-02,410.7318115234375
2023-06-05,409.94482421875
2023-06-06,410.8373718261719
2023-06-07,409.4168395996094
2023-06-08,411.89324951171875
2023-06-09,412.63232421875
2023-06-12,416.3756103515625
2023-06-13,419.12078857421875
2023-06-14,419.6198425292969
2023-06-15,424.8221740722656
2023-06-16,423.3751525878906
2023-06-20,421.1785888671875
2023-06-21,419.02056884765625
2023-06-22,420.5331726074219
2023-06-23,417.3539123535156
2023-06-26,415.6487121582031
2023-06-27,420.20556640625
2023-06-28,420.41754150390625
2023-06-29,422.0745544433594
2023-06-30,427.0552978515625
2023-07-03,427.5466613769531
2023-07-05,426.91082763671875
2023-07-06,423.56781005859375
2023-07-07,422.4984130859375
2023-07-10,423.56781005859375
2023-07-11,426.26531982421875
2023-07-12,429.6950378417969
2023-07-13,433.1054382324219
2023-07-14,432.8357849121094
2023-07-17,434.338623046875
2023-07-18,437.5659484863281
2023-07-19,438.5390319824219
2023-07-20,435.6296081542969
2023-07-21,435.6296081542969
2023-07-24,437.5756530761719
2023-07-25,438.7702331542969
2023-07-26,438.83770751953125
2023-07-27,435.9282531738281
2023-07-28,440.1960754394531
2023-07-31,441.03424072265625
2023-08-01,439.7721862792969
2023-08-02,433.65460205078125
2023-08-03,432.4118347167969
2023-08-04,430.4561462402344
2023-08-07,434.2133483886719
2023-08-08,432.3250732421875
2023-08-09,429.4349060058594
2023-08-10,429.5890197753906
2023-08-11,429.33856201171875
2023-08-14,431.7084655761719
2023-08-15,426.6796569824219
2023-08-16,423.548583984375
2023-08-17,420.32122802734375
2023-08-18,420.5234680175781
2023-08-21,423.259521484375
2023-08-22,422.11309814453125
2023-08-23,426.8144226074219
2023-08-24,420.8993225097656
2023-08-25,423.8664245605469
2023-08-28,426.55438232421875
2023-08-29,432.7200927734375
2023-08-30,434.50238037109375
2023-08-31,433.8666076660156
2023-09-01,434.67584228515625
2023-09-05,432.79718017578125
2023-09-06,429.8876953125
2023-09-07,428.56787109375
2023-09-08,429.2133483886719
2023-09-11,432.0361022949219
2023-09-12,429.6661376953125
2023-09-13,430.1670227050781
2023-09-14,433.8761901855469
2023-09-15,428.6487121582031
2023-09-18,428.90008544921875
2023-09-19,428.0105895996094
2023-09-20,424.0758361816406
2023-09-21,417.0665283203125
2023-09-22,416.12872314453125
2023-09-25,417.87860107421875
2023-09-26,411.739501953125
2023-09-27,411.90380859375
2023-09-28,414.291748046875
2023-09-29,413.2863464355469
2023-10-02,413.1219787597656
2023-10-03,407.5919189453125
2023-10-04,410.55999755859375
2023-10-05,410.4052429199219
2023-10-06,415.2779541015625
2023-10-09,417.9366760253906
2023-10-10,420.1119384765625
2023-10-11,421.8327941894531
2023-10-12,419.2611389160156
2023-10-13,417.1728210449219
2023-10-16,421.5621337890625
2023-10-17,421.5427551269531
2023-10-18,415.9256591796875
2023-10-19,412.2712097167969
2023-10-20,407.2051696777344
2023-10-23,406.4993896484375
2023-10-24,409.5641784667969
2023-10-25,403.6859436035156
2023-10-26,398.85198974609375
2023-10-27,397.04412841796875
2023-10-30,401.79107666015625
2023-10-31,404.314453125
2023-11-01,408.6263122558594
2023-11-02,416.4573974609375
2023-11-03,420.2569274902344
2023-11-06,421.2237548828125
2023-11-07,422.4225158691406
2023-11-08,422.73193359375
2023-11-09,419.4351806640625
2023-11-10,425.9803161621094
2023-11-13,425.5742492675781
2023-11-14,433.83074951171875
2023-11-15,434.74920654296875
2023-11-16,435.2809753417969
2023-11-17,435.8224182128906
2023-11-20,439.1771240234375
2023-11-21,438.219970703125
2023-11-22,439.911865234375
2023-11-24,440.18255615234375
2023-11-27,439.38983154296875
2023-11-28,439.8248596191406
2023-11-29,439.5155029296875
2023-11-30,441.2460632324219
2023-12-01,443.8564453125
2023-12-04,441.5264587402344
2023-12-05,441.439453125
2023-12-06,439.6605529785156
2023-12-07,443.0153503417969
2023-12-08,444.9199523925781
2023-12-11,446.65045166015625
2023-12-12,448.6904296875
2023-12-13,454.8779296875
2023-12-14,456.3377380371094
2023-12-15,455.58642578125
2023-12-18,458.14910888671875
2023-12-19,460.9350891113281
2023-12-20,454.54779052734375
2023-12-21,458.8577575683594
2023-12-22,459.7799377441406
2023-12-26,461.72137451171875
2023-12-27,462.5561828613281
2023-12-28,462.7309265136719
2023-12-29,461.3913269042969
2024-01-02,458.8092041015625
2024-01-03,455.062255859375
2024-01-04,453.596435546875
2024-01-05,454.2177734375
2024-01-08,460.7021484375
2024-01-09,460.003173828125
2024-01-10,462.604736328125
2024-01-11,462.4009094238281
2024-01-12,462.72119140625
2024-01-16,461.0224304199219
2024-01-17,458.4597473144531
2024-01-18,462.5367431640625
2024-01-19,468.3028564453125
2024-01-22,469.29296875
2024-01-23,470.66168212890625
2024-01-24,471.1761474609375
2024-01-25,473.7388610839844
2024-01-26,473.1370544433594
2024-01-29,476.8839416503906
2024-01-30,476.5150451660156
2024-01-31,468.73968505859375
2024-02-01,474.8746032714844
2024-02-02,479.8737487792969
2024-02-05,478.1264343261719
2024-02-06,479.5146179199219
2024-02-07,483.5139465332031
2024-02-08,483.7275085449219
2024-02-09,486.5231628417969
2024-02-12,486.3096008300781
2024-02-13,479.6116943359375
2024-02-14,483.9702453613281
2024-02-15,487.3094787597656
2024-02-16,484.8826599121094
2024-02-20,482.21319580078125
2024-02-21,482.6500244140625
2024-02-22,492.638671875
2024-02-23,492.9784240722656
2024-02-26,491.17291259765625
2024-02-27,492.0853271484375
2024-02-28,491.4350280761719
2024-02-29,493.2016296386719
2024-03-01,497.83197021484375
2024-03-04,497.29815673828125
2024-03-05,492.3280944824219
2024-03-06,494.8227844238281
2024-03-07,499.734619140625
2024-03-08,496.73516845703125
2024-03-11,496.3080139160156
2024-03-12,501.64703369140625
2024-03-13,500.86065673828125
2024-03-14,499.8705749511719
2024-03-15,496.4380798339844
2024-03-18,499.3885192871094
2024-03-19,502.1636657714844
2024-03-20,506.8083801269531
2024-03-21,508.48321533203125
2024-03-22,507.5192565917969
2024-03-25,506.11700439453125
2024-03-26,505.18218994140625
2024-03-27,509.4276428222656
2024-03-28,509.330322265625
2024-04-01,508.4442138671875
2024-04-02,505.2115173339844
2024-04-03,505.76641845703125
2024-04-04,499.59307861328125
2024-04-05,504.8122253417969
2024-04-08,505.0946044921875
2024-04-09,505.6788635253906
2024-04-10,500.61541748046875
2024-04-11,504.3935241699219
2024-04-12,497.43133544921875
2024-04-15,491.199462890625
2024-04-16,490.3035888671875
2024-04-17,487.4018859863281
2024-04-18,486.39892578125
2024-04-19,482.15350341796875
2024-04-22,486.59368896484375
2024-04-23,492.367919921875
2024-04-24,492.13421630859375
2024-04-25,490.2646789550781
2024-04-26,494.9093933105469
2024-04-29,496.6620788574219
2024-04-30,488.7943115234375
2024-05-01,487.2071533203125
2024-05-02,491.76422119140625
2024-05-03,497.8598327636719
2024-05-06,503.00103759765625
2024-05-07,503.55609130859375
2024-05-08,503.6047668457031
2024-05-09,506.5065002441406
2024-05-10,507.158935546875
2024-05-13,507.22705078125
2024-05-14,509.5543212890625
2024-05-15,515.8641967773438
2024-05-16,514.802734375
2024-05-17,515.5427856445312
2024-05-20,516.13671875
2024-05-21,517.4026489257812
2024-05-22,515.9127807617188
2024-05-23,512.1444091796875
2024-05-24,515.5330810546875
2024-05-28,515.8932495117188
2024-05-29,512.2806396484375
2024-05-30,508.8824768066406
2024-05-31,513.5174560546875
2024-06-03,513.9361572265625
2024-06-04,514.5106201171875
2024-06-05,520.625732421875
2024-06-06,520.6159057617188
2024-06-07,519.98291015625
2024-06-10,521.5896606445312
2024-06-11,522.8458251953125
2024-06-12,527.139892578125
2024-06-13,528.2013549804688
2024-06-14,528.522705078125
2024-06-17,532.7291870117188
2024-06-18,534.0827026367188
2024-06-20,532.6317749023438
2024-06-21,531.917724609375
2024-06-24,530.1886596679688
2024-06-25,532.2302856445312
2024-06-26,532.8945922851562
2024-06-27,533.734619140625
2024-06-28,531.6343383789062
2024-07-01,532.728515625
2024-07-02,536.3135375976562
2024-07-03,538.70703125
2024-07-05,541.8134765625
2024-07-08,542.4386596679688
2024-07-09,542.9661865234375
2024-07-10,548.3389892578125
2024-07-11,543.61083984375
2024-07-12,547.0397338867188
2024-07-15,548.5440673828125
2024-07-16,551.7970581054688
2024-07-17,544.0602416992188
2024-07-18,539.879150390625
2024-07-19,536.2940063476562
2024-07-22,541.8231811523438
2024-07-23,540.9733276367188
2024-07-24,528.7135620117188
2024-07-25,525.958740234375
2024-07-26,531.8492431640625
2024-07-29,532.1619262695312
2024-07-30,529.4656982421875
2024-07-31,538.072021484375
2024-08-01,530.4524536132812
2024-08-02,520.5762329101562
2024-08-05,505.41510009765625
2024-08-06,510.07476806640625
2024-08-07,506.6655578613281
2024-08-08,518.3782348632812
2024-08-09,520.6641235351562
2024-08-12,520.9376220703125
2024-08-13,529.5046997070312
2024-08-14,531.1752319335938
2024-08-15,540.2796630859375
2024-08-16,541.4910278320312
2024-08-19,546.6685180664062
2024-08-20,545.7794799804688
2024-08-21,547.6551513671875
2024-08-22,543.3568115234375
2024-08-23,549.1301879882812
2024-08-26,547.8211059570312
2024-08-27,548.5734252929688
2024-08-28,545.3887939453125
2024-08-29,545.4376220703125
2024-08-30,550.6444091796875
2024-09-03,539.3126831054688
2024-09-04,538.208740234375
2024-09-05,536.8997192382812
2024-09-06,527.8636474609375
2024-09-09,533.7736206054688
2024-09-10,536.0986328125
2024-09-11,541.5985107421875
2024-09-12,546.1605224609375
2024-09-13,549.0130004882812
2024-09-16,549.8237915039062
2024-09-17,550.0484619140625
2024-09-18,548.4171142578125
2024-09-19,557.7755737304688
2024-09-20,556.8114013671875
2024-09-23,558.2026977539062
2024-09-24,559.7999877929688
2024-09-25,558.5653076171875
2024-09-26,560.77978515625
2024-09-27,559.966552734375
2024-09-30,562.2105102539062
2024-10-01,557.1739501953125
2024-10-02,557.4089965820312
2024-10-03,556.3899536132812
2024-10-04,561.4461669921875
2024-10-07,556.370361328125
2024-10-08,561.6323852539062
2024-10-09,565.5223999023438
2024-10-10,564.5327758789062
2024-10-11,567.9133911132812
2024-10-14,572.5579223632812
2024-10-15,568.1092529296875
2024-10-16,570.5785522460938
2024-10-17,570.62744140625
2024-10-18,572.8224487304688
2024-10-21,571.8817749023438
2024-10-22,571.5780639648438
2024-10-23,566.3551635742188
2024-10-24,567.5801391601562
2024-10-25,567.3840942382812
2024-10-28,569.1381225585938
2024-10-29,570.0592651367188
2024-10-30,568.3345947265625
2024-10-31,557.1934814453125
2024-11-01,559.5451049804688
2024-11-04,558.3399658203125
2024-11-05,565.0912475585938
2024-11-06,579.1424560546875
2024-11-07,583.62060546875
2024-11-08,586.1486206054688
2024-11-11,586.7072143554688
2024-11-12,584.8846435546875
2024-11-13,585.1688232421875
2024-11-14,581.4061279296875
2024-11-15,573.9591064453125
2024-11-18,576.310791015625
2024-11-19,578.4175415039062
2024-11-20,578.613525390625
2024-11-21,581.7196655273438
2024-11-22,583.5225830078125
2024-11-25,585.5020141601562
2024-11-26,588.5592041015625
2024-11-27,586.77587890625
2024-11-29,590.4208374023438
2024-12-02,591.4791259765625
2024-12-03,591.7535400390625
2024-12-04,595.427978515625
2024-12-05,594.4481811523438
2024-12-06,595.5750122070312
2024-12-09,592.5079956054688
2024-12-10,590.6658935546875
2024-12-11,595.2320556640625
2024-12-12,592.1651611328125
2024-12-13,592.0474853515625
2024-12-16,594.5755004882812
2024-12-17,592.1257934570312
2024-12-18,574.4783935546875
2024-12-19,574.302001953125
2024-12-20,581.199951171875
2024-12-23,584.680419921875
2024-12-24,591.1791381835938
2024-12-26,591.2184448242188
2024-12-27,584.9949340820312
2024-12-30,578.3192138671875
2024-12-31,576.2152709960938
2025-01-02,574.799560546875
2025-01-03,581.9864501953125
2025-01-06,585.3390502929688
2025-01-07,578.7224731445312
2025-01-08,579.56787109375
2025-01-10,570.71923828125
2025-01-13,571.604248046875
2025-01-14,572.3907470703125
2025-01-15,582.8025512695312
2025-01-16,581.6817626953125
2025-01-17,587.5216674804688
2025-01-21,592.8995971679688
2025-01-22,596.2325439453125
2025-01-23,599.4868774414062
2025-01-24,597.7367553710938
2025-01-27,589.2816772460938
2025-01-28,594.344970703125
2025-01-29,591.6804809570312
2025-01-30,594.8560791015625
2025-01-31,591.6903076171875
2025-02-03,587.70849609375
2025-02-04,591.6510620117188
2025-02-05,594.0498046875
2025-02-06,596.1146240234375
2025-02-07,590.6580810546875
2025-02-10,594.6693115234375
2025-02-11,595.12158203125
2025-02-12,593.2044067382812
2025-02-13,599.4672241210938
2025-02-14,599.4376831054688
2025-02-18,601.197509765625
2025-02-19,602.61328125
2025-02-20,600.1062622070312
2025-02-21,589.842041015625
2025-02-24,587.1580200195312
2025-02-25,584.2379150390625
2025-02-26,584.5328369140625
2025-02-27,575.20263671875
2025-02-28,584.1790161132812
2025-03-03,573.9442138671875
2025-03-04,567.1505126953125
2025-03-05,573.24609375
2025-03-06,563.0703735351562
2025-03-07,566.2262573242188
2025-03-10,551.1444702148438
2025-03-11,546.5629272460938
2025-03-12,549.4632568359375
2025-03-13,542.138671875
2025-03-14,553.3369750976562
2025-03-17,557.6038818359375
2025-03-18,551.5770874023438
2025-03-19,557.584228515625
2025-03-20,555.9718627929688
2025-03-21,556.1552734375
2025-03-24,566.1151123046875
2025-03-25,567.4760131835938
2025-03-26,560.7012939453125
2025-03-27,559.2122802734375
2025-03-28,547.9506225585938
2025-03-31,551.62890625
2025-04-01,553.1870727539062
2025-04-02,556.6878051757812
2025-04-03,529.2537841796875
2025-04-04,498.2696838378906
2025-04-07,497.3821716308594
2025-04-08,489.5918273925781
2025-04-09,541.0084228515625
2025-04-10,517.3019409179688
2025-04-11,526.5320434570312
2025-04-14,531.6401977539062
2025-04-15,530.151123046875
2025-04-16,518.3668823242188
2025-04-17,519.1065063476562
2025-04-21,506.7503356933594
2025-04-22,519.9348754882812
2025-04-23,527.9915161132812
2025-04-24,539.105224609375
2025-04-25,543.0003662109375
2025-04-28,543.2073974609375
2025-04-29,546.6292724609375
2025-04-30,546.8462524414062
2025-05-01,550.7217407226562
2025-05-02,558.8966674804688
2025-05-05,555.6918334960938
2025-05-06,551.047119140625
2025-05-07,553.364501953125
2025-05-08,557.2203369140625
2025-05-09,556.51025390625
2025-05-12,574.9015502929688
2025-05-13,578.6981811523438
2025-05-14,579.437744140625
2025-05-15,582.267822265625
2025-05-16,585.9559326171875
2025-05-19,586.596923828125
2025-05-20,584.6246948242188
2025-05-21,574.7733154296875
2025-05-22,575.0001831054688
2025-05-23,571.0753173828125
2025-05-27,582.9483032226562
2025-05-28,579.5757446289062
2025-05-29,581.8636474609375
2025-05-30,581.2127685546875
2025-06-02,584.4866943359375
2025-06-03,587.81982421875
2025-06-04,587.6619262695312
2025-06-05,584.8218994140625
2025-06-06,590.8274536132812
2025-06-09,591.3599853515625
2025-06-10,594.7128295898438
2025-06-11,593.0166625976562
2025-06-12,595.37353515625
2025-06-13,588.7171630859375
2025-06-16,594.3182983398438
2025-06-17,589.2399291992188
2025-06-18,589.1510009765625
2025-06-20,587.7673950195312
2025-06-23,593.5730590820312
2025-06-24,600.13037109375
2025-06-25,600.4666137695312
2025-06-26,605.1646118164062
2025-06-27,608.1712036132812
2025-06-30,611.0790405273438
2025-07-01,610.88134765625
2025-07-02,613.6505737304688
2025-07-03,618.4869995117188
2025-07-07,613.8780517578125
2025-07-08,613.541748046875
2025-07-09,617.2210083007812
2025-07-10,618.9617919921875
2025-07-11,616.7858276367188
2025-07-14,617.9627685546875
2025-07-15,615.3220825195312
2025-07-16,617.3792114257812
2025-07-17,621.1573486328125
2025-07-18,620.7025146484375
2025-07-21,621.87939453125
2025-07-22,621.9683837890625
2025-07-23,627.2597045898438
2025-07-24,627.4674682617188
2025-07-25,630.1181030273438
2025-07-28,629.9598388671875
2025-07-29,628.2982788085938
2025-07-30,627.5070190429688
2025-07-31,625.1531982421875
2025-08-01,614.9066162109375
2025-08-04,624.2530517578125
2025-08-05,621.0880737304688
2025-08-06,625.8455200195312
2025-08-07,625.3212890625
2025-08-08,630.1972045898438
2025-08-11,628.9509887695312
2025-08-12,635.6467895507812
2025-08-13,637.8228149414062
2025-08-14,637.882080078125
2025-08-15,636.3886108398438
2025-08-18,636.2501831054688
2025-08-19,632.7984008789062
2025-08-20,631.1170043945312
2025-08-21,628.5850830078125
2025-08-22,638.2381591796875
2025-08-25,635.4292602539062
2025-08-26,638.0897827148438
2025-08-27,639.5436401367188
2025-08-28,641.8085327148438
2025-08-29,637.9810180664062
2025-09-02,633.2533569335938
2025-09-03,636.6853637695312
2025-09-04,642.0064086914062
2025-09-05,640.1470336914062
2025-09-08,641.7195434570312
2025-09-09,643.203125
2025-09-10,645.0625610351562
2025-09-11,650.423095703125
2025-09-12,650.20556640625
2025-09-15,653.6671142578125
2025-09-16,652.7671508789062
2025-09-17,651.9561157226562
2025-09-18,655.0023803710938
2025-09-19,658.2465209960938
2025-09-22,661.3607177734375
2025-09-23,657.7605590820312
2025-09-24,655.6677856445312
2025-09-25,652.6429443359375
2025-09-26,656.3819580078125
2025-09-29,658.2266845703125
2025-09-30,660.7061157226562
2025-10-01,662.9574584960938
2025-10-02,663.7210693359375
2025-10-03,663.7112426757812
2025-10-06,666.0914916992188
2025-10-07,663.6219482421875
2025-10-08,667.5791625976562
2025-10-09,665.6452026367188
2025-10-10,647.6542358398438
2025-10-13,657.5919189453125
2025-10-14,656.78857421875
2025-10-15,659.7044067382812
2025-10-16,655.2117309570312
2025-10-17,658.9308471679688
2025-10-20,665.7840576171875
2025-10-21,665.7741088867188
2025-10-22,662.3128051757812
2025-10-23,666.2402954101562
2025-10-24,671.6851806640625
2025-10-27,679.6094970703125
2025-10-28,681.4144897460938
2025-10-29,681.7418823242188
2025-10-30,674.2440185546875
2025-10-31,676.4556274414062
2025-11-03,677.7251586914062
2025-11-04,669.6917114257812
2025-11-05,672.012451171875
2025-11-06,664.8021850585938
2025-11-07,665.4567260742188
2025-11-10,675.8407592773438
2025-11-11,677.3878784179688
2025-11-12,677.7647705078125
2025-11-13,666.5180053710938
2025-11-14,666.4088745117188
2025-11-17,660.2002563476562
2025-11-18,654.6561889648438
2025-11-19,657.185302734375
2025-11-20,647.1683349609375
2025-11-21,653.6148681640625
2025-11-24,663.2351684570312
2025-11-25,669.4734497070312
2025-11-26,674.09521484375
2025-11-28,677.7747192382812
2025-12-01,674.6802978515625
2025-12-02,675.9300537109375
2025-12-03,678.2706298828125
2025-12-04,678.7665405273438
2025-12-05,680.0557861328125
2025-12-08,678.0127563476562
2025-12-09,677.4276123046875
2025-12-10,681.92041015625
2025-12-11,683.5072631835938
2025-12-12,676.1581420898438
2025-12-15,675.1365356445312
2025-12-16,673.2918701171875
2025-12-17,665.8832397460938
2025-12-18,670.9114990234375
2025-12-19,676.9923095703125
2025-12-22,681.2098388671875
2025-12-23,684.3233032226562
2025-12-24,686.7305297851562
2025-12-26,686.660888671875
2025-12-29,684.2138671875
2025-12-30,683.3782958984375
2025-12-31,678.3152465820312
2026-01-02,679.55859375
2026-01-05,684.0845947265625
2026-01-06,688.1529541015625
2026-01-07,685.9347534179688
2026-01-08,685.8651123046875
2026-01-09,690.4010009765625
2026-01-12,691.4852294921875
2026-01-13,690.1026000976562
2026-01-14,686.7105712890625
2026-01-15,688.5806884765625
2026-01-16,688.0037231445312
2026-01-20,673.9981689453125
2026-01-21,681.77685546875
2026-01-22,685.3379516601562
2026-01-23,685.5865478515625
2026-01-26,689.068115234375
2026-01-27,691.8134765625
2026-01-28,691.7438354492188
2026-01-29,690.3711547851562
2026-01-30,688.3121337890625
2026-02-02,691.73388671875
2026-02-03,685.885009765625
2026-02-04,682.5626831054688
2026-02-05,674.0379638671875
2026-02-06,686.96923828125
2026-02-09,690.2816162109375
2026-02-10,688.4613037109375
2026-02-11,688.3021850585938
2026-02-12,677.668701171875
2026-02-13,678.1461181640625
2026-02-17,679.2402954101562
2026-02-18,682.662109375
2026-02-19,680.8616943359375
2026-02-20,685.7855834960938
2026-02-23,678.7827758789062
2026-02-24,683.7164916992188
2026-02-25,689.4859008789062
2026-02-26,685.6561889648438
2026-02-27,682.3637084960938
2026-03-02,682.7516479492188
2026-03-03,676.7337036132812
2026-03-04,681.50830078125
2026-03-05,677.7084350585938
2026-03-06,668.8256225585938
2026-03-09,674.6845092773438
2026-03-10,673.6002807617188
2026-03-11,672.7548217773438
2026-03-12,662.5390625
2026-03-13,658.7890014648438
2026-03-16,665.493408203125
2026-03-17,667.2440185546875
2026-03-18,657.9335327148438
2026-03-19,656.3121337890625
2026-03-20,646.9034423828125
2026-03-23,653.6959228515625
2026-03-24,651.5015869140625
2026-03-25,655.1322021484375
2026-03-26,643.432373046875
2026-03-27,632.4606323242188
2026-03-30,630.3460693359375
2026-03-31,648.6688842773438
2026-04-01,653.5562744140625
2026-04-02,654.144775390625
2026-04-06,657.23681640625
2026-04-07,657.5260009765625
2026-04-08,674.27294921875
2026-04-09,678.162841796875
2026-04-10,677.7140502929688
2026-04-13,684.3369750976562
2026-04-14,692.675537109375
2026-04-15,698.1414184570312
2026-04-16,699.8569946289062
2026-04-17,708.3152465820312
2026-04-20,706.8988037109375
2026-04-21,702.2708129882812
2026-04-22,709.3825073242188
2026-04-23,706.6295776367188
2026-04-24,712.10546875
2026-04-27,713.332275390625
2026-04-28,709.8612060546875
2026-04-29,709.7515258789062
2026-04-30,716.8132934570312
2026-05-01,718.7982177734375
2026-05-04,716.1649780273438
2026-05-05,721.9102172851562
2026-05-06,731.9443359375
2026-05-07,729.7001342773438
2026-05-08,735.724609375
2026-05-11,737.4002685546875
2026-05-12,736.2831420898438
2026-05-13,740.4025268554688
2026-05-14,746.2474975585938
2026-05-15,737.2706298828125
2026-05-18,736.751953125
2026-05-19,731.8446044921875
2026-05-20,739.3452758789062
2026-05-21,740.8114624023438
2026-05-22,743.7239990234375
2026-05-26,748.6613159179688
2026-05-27,748.5316162109375
2026-05-28,752.6609497070312
2026-05-29,754.5361328125
2026-06-01,756.5908203125
2026-06-02,757.6182250976562
2026-06-03,752.3018798828125
2026-06-04,755.1445922851562
2026-06-05,735.65478515625
2026-06-08,737.3204345703125
2026-06-09,735.1560668945312
2026-06-10,723.56591796875
2026-06-11,735.8642578125
2026-06-12,739.843994140625
2026-06-15,752.890380859375
2026-06-16,748.4019775390625
2026-06-17,739.0560302734375
2026-06-18,746.739990234375
2026-06-22,744.3900146484375
2026-06-23,733.5800170898438
2026-06-24,733.239990234375
2026-06-25,734.2999877929688
2026-06-26,728.989990234375
2026-06-29,741.0
2026-06-30,746.77001953125
2026-07-01,745.760009765625
2026-07-02,744.780029296875
2026-07-06,751.280029296875
2026-07-07,747.7100219726562
2026-07-08,745.4000244140625
2026-07-09,751.7100219726562
2026-07-10,754.9500122070312
2026-07-13,749.1699829101562
2026-07-14,751.8300170898438
2026-07-15,754.8099975585938
2026-07-16,750.719970703125
2026-07-17,743.2899780273438
2026-07-20,742.0900268554688
2026-07-21,748.280029296875
2026-07-22,747.4099731445312
2026-07-23,738.1799926757812
2026-07-24,738.9299926757812
2026-07-27,739.0900268554688
2026-07-28,740.8599853515625
2026-07-29,729.4600219726562
2026-07-30,741.6900024414062
2026-07-31,747.030029296875
2026-08-03,757.6400146484375
