Date,Close
2011-01-03,96.6791000366211
2011-01-04,96.62586975097656
2011-01-05,97.12804412841797
2011-01-06,96.93783569335938
2011-01-07,96.74756622314453
2011-01-10,96.62586975097656
2011-01-11,96.96827697753906
2011-01-12,97.84337615966797
2011-01-13,97.68354797363281
2011-01-14,98.39125061035156
2011-01-18,98.55866241455078
2011-01-19,97.59224700927734
2011-01-20,97.462890625
2011-01-21,97.68354797363281
2011-01-24,98.23904418945312
2011-01-25,98.29232025146484
2011-01-26,98.67279052734375
2011-01-27,98.91625213623047
2011-01-28,97.18895721435547
2011-01-31,97.91947937011719
2011-02-01,99.48701477050781
2011-02-02,99.29678344726562
2011-02-03,99.5174560546875
2011-02-04,99.79899597167969
2011-02-07,100.42301177978516
2011-02-08,100.87957000732422
2011-02-09,100.65130615234375
2011-02-10,100.68932342529297
2011-02-11,101.2904281616211
2011-02-14,101.53397369384766
2011-02-15,101.21437072753906
2011-02-16,101.85359954833984
2011-02-17,102.157958984375
2011-02-18,102.37105560302734
2011-02-22,100.31649780273438
2011-02-23,99.70011901855469
2011-02-24,99.63159942626953
2011-02-25,100.69696044921875
2011-02-28,101.3209457397461
2011-03-01,99.63159942626953
2011-03-02,99.84468841552734
2011-03-03,101.5644302368164
2011-03-04,100.80348205566406
2011-03-07,100.01204681396484
2011-03-08,100.88716125488281
2011-03-09,100.74256896972656
2011-03-10,98.87825012207031
2011-03-11,99.5631103515625
2011-03-14,98.96195983886719
2011-03-15,97.828125
2011-03-16,96.01708221435547
2011-03-17,97.2878646850586
2011-03-18,97.6417007446289
2011-03-21,99.15493774414062
2011-03-22,98.8110122680664
2011-03-23,99.09384155273438
2011-03-24,100.04150390625
2011-03-25,100.34720611572266
2011-03-28,100.10264587402344
2011-03-29,100.77518463134766
2011-03-30,101.47064208984375
2011-03-31,101.33308410644531
2011-04-01,101.76110076904297
2011-04-04,101.84513092041016
2011-04-05,101.82987976074219
2011-04-06,102.15084075927734
2011-04-07,101.8909912109375
2011-04-08,101.53943634033203
2011-04-11,101.2337646484375
2011-04-12,100.47712707519531
2011-04-13,100.46946716308594
2011-04-14,100.54590606689453
2011-04-15,100.9127426147461
2011-04-18,99.78163146972656
2011-04-19,100.35482788085938
2011-04-20,101.72284698486328
2011-04-21,102.24253845214844
2011-04-25,102.13557434082031
2011-04-26,103.01444244384766
2011-04-27,103.68699645996094
2011-04-28,104.02326965332031
2011-04-29,104.267822265625
2011-05-02,104.10734558105469
2011-05-03,103.73286437988281
2011-05-04,103.04501342773438
2011-05-05,102.11263275146484
2011-05-06,102.56352233886719
2011-05-09,102.96092987060547
2011-05-10,103.83984375
2011-05-11,102.7469482421875
2011-05-12,103.2360610961914
2011-05-13,102.44126892089844
2011-05-16,101.79161834716797
2011-05-17,101.77635192871094
2011-05-18,102.68587493896484
2011-05-19,102.93038940429688
2011-05-20,102.11263275146484
2011-05-23,100.92804718017578
2011-05-24,100.84395599365234
2011-05-25,101.18022918701172
2011-05-26,101.64642333984375
2011-05-27,102.03621673583984
2011-05-31,103.09854888916016
2011-06-01,100.7828369140625
2011-06-02,100.67579650878906
2011-06-03,99.67464447021484
2011-06-06,98.6199951171875
2011-06-07,98.55882263183594
2011-06-08,98.1461410522461
2011-06-09,98.89508056640625
2011-06-10,97.51943969726562
2011-06-13,97.59584045410156
2011-06-14,98.83393859863281
2011-06-15,97.076171875
2011-06-16,97.2901611328125
2011-06-17,97.5804672241211
2011-06-20,98.0797119140625
2011-06-21,99.42379760742188
2011-06-22,98.82469940185547
2011-06-23,98.54054260253906
2011-06-24,97.39614868164062
2011-06-27,98.2640380859375
2011-06-28,99.54667663574219
2011-06-29,100.39920806884766
2011-06-30,101.35929107666016
2011-07-01,102.85696411132812
2011-07-05,102.77251434326172
2011-07-06,102.89535522460938
2011-07-07,103.96296691894531
2011-07-08,103.22561645507812
2011-07-11,101.35929107666016
2011-07-12,100.9214859008789
2011-07-13,101.25944519042969
2011-07-14,100.56050872802734
2011-07-15,101.14422607421875
2011-07-18,100.31474304199219
2011-07-19,101.94298553466797
2011-07-20,101.88154602050781
2011-07-21,103.29472351074219
2011-07-22,103.36386108398438
2011-07-25,102.78782653808594
2011-07-26,102.4037857055664
2011-07-27,100.30709075927734
2011-07-28,100.01519012451172
2011-07-29,99.33162689208984
2011-08-01,98.90921783447266
2011-08-02,96.38232421875
2011-08-03,96.90459442138672
2011-08-04,92.36543273925781
2011-08-05,92.22720336914062
2011-08-08,86.22103881835938
2011-08-09,90.23025512695312
2011-08-10,86.24411010742188
2011-08-11,90.11504364013672
2011-08-12,90.72179412841797
2011-08-15,92.64193725585938
2011-08-16,91.85083770751953
2011-08-17,91.91229248046875
2011-08-18,87.94917297363281
2011-08-19,86.51290893554688
2011-08-22,86.58203887939453
2011-08-23,89.43148040771484
2011-08-24,90.69110107421875
2011-08-25,89.30858612060547
2011-08-26,90.60662078857422
2011-08-29,93.21031188964844
2011-08-30,93.45604705810547
2011-08-31,93.8708267211914
2011-09-01,92.88772583007812
2011-09-02,90.51445007324219
2011-09-06,89.85394287109375
2011-09-07,92.38848114013672
2011-09-08,91.4284439086914
2011-09-09,89.0321044921875
2011-09-12,89.60813903808594
2011-09-13,90.42994689941406
2011-09-14,91.681884765625
2011-09-15,93.2640380859375
2011-09-16,93.81603240966797
2011-09-19,92.88189697265625
2011-09-20,92.77383422851562
2011-09-21,90.0408706665039
2011-09-22,87.13034057617188
2011-09-23,87.65532684326172
2011-09-26,89.73978424072266
2011-09-27,90.74342346191406
2011-09-28,88.89054107666016
2011-09-29,89.59307098388672
2011-09-30,87.35423278808594
2011-10-03,84.86830139160156
2011-10-04,86.72887420654297
2011-10-05,88.33468627929688
2011-10-06,89.9327621459961
2011-10-07,89.33060455322266
2011-10-10,92.31832122802734
2011-10-11,92.41097259521484
2011-10-12,93.2215576171875
2011-10-13,93.03630065917969
2011-10-14,94.62667846679688
2011-10-17,92.82014465332031
2011-10-18,94.63441467285156
2011-10-19,93.51495361328125
2011-10-20,93.92413330078125
2011-10-21,95.70750427246094
2011-10-24,96.8809585571289
2011-10-25,94.99725341796875
2011-10-26,95.96227264404297
2011-10-27,99.30511474609375
2011-10-28,99.28195190429688
2011-10-31,96.888671875
2011-11-01,94.1866226196289
2011-11-02,95.72293853759766
2011-11-03,97.46768951416016
2011-11-04,96.87325286865234
2011-11-07,97.47540283203125
2011-11-08,98.7260971069336
2011-11-09,95.08219146728516
2011-11-10,95.97771453857422
2011-11-11,97.78422546386719
2011-11-14,96.85780334472656
2011-11-15,97.33648681640625
2011-11-16,95.79240417480469
2011-11-17,94.27153015136719
2011-11-18,94.17118072509766
2011-11-21,92.38008880615234
2011-11-22,92.01722717285156
2011-11-23,89.98680114746094
2011-11-25,89.81694793701172
2011-11-28,92.41867065429688
2011-11-29,92.68115997314453
2011-11-30,96.4949722290039
2011-12-01,96.47952270507812
2011-12-02,96.39456939697266
2011-12-05,97.44454956054688
2011-12-06,97.47540283203125
2011-12-07,97.83826446533203
2011-12-08,95.69204711914062
2011-12-09,97.31331634521484
2011-12-12,95.89276885986328
2011-12-13,94.99725341796875
2011-12-14,93.98590850830078
2011-12-15,94.3255844116211
2011-12-16,94.46539306640625
2011-12-19,93.45543670654297
2011-12-20,96.28339385986328
2011-12-21,96.46986389160156
2011-12-22,97.32447814941406
2011-12-23,98.19461822509766
2011-12-27,98.2723159790039
2011-12-28,96.9826431274414
2011-12-29,97.9848403930664
2011-12-30,97.50316619873047
2012-01-03,99.0570297241211
2012-01-04,99.21239471435547
2012-01-05,99.47654724121094
2012-01-06,99.22018432617188
2012-01-09,99.46102905273438
2012-01-10,100.3233871459961
2012-01-11,100.37776184082031
2012-01-12,100.61862182617188
2012-01-13,100.09805297851562
2012-01-17,100.48654174804688
2012-01-18,101.59752655029297
2012-01-19,102.13361358642578
2012-01-20,102.51432037353516
2012-01-23,102.25016021728516
2012-01-24,102.13361358642578
2012-01-25,102.98819732666016
2012-01-26,102.45991516113281
2012-01-27,102.41331481933594
2012-01-30,102.06366729736328
2012-01-31,102.02481842041016
2012-02-01,102.91828918457031
2012-02-02,103.08142852783203
2012-02-03,104.52653503417969
2012-02-06,104.45661163330078
2012-02-07,104.720703125
2012-02-08,105.03153228759766
2012-02-09,105.16357421875
2012-02-10,104.38668060302734
2012-02-13,105.16357421875
2012-02-14,105.03153228759766
2012-02-15,104.54203796386719
2012-02-16,105.69963073730469
2012-02-17,105.97933959960938
2012-02-21,106.02592468261719
2012-02-22,105.68412017822266
2012-02-23,106.15026092529297
2012-02-24,106.38334655761719
2012-02-27,106.56204223632812
2012-02-28,106.872802734375
2012-02-29,106.45328521728516
2012-03-01,107.00484466552734
2012-03-02,106.67853546142578
2012-03-05,106.2435531616211
2012-03-06,104.68964385986328
2012-03-07,105.41999053955078
2012-03-08,106.46881103515625
2012-03-09,106.88055419921875
2012-03-12,106.88834381103516
2012-03-13,108.81504821777344
2012-03-14,108.69854736328125
2012-03-15,109.32785034179688
2012-03-16,109.47920989990234
2012-03-19,109.90845489501953
2012-03-20,109.58847045898438
2012-03-21,109.40900421142578
2012-03-22,108.62088775634766
2012-03-23,108.9720230102539
2012-03-26,110.50150299072266
2012-03-27,110.15817260742188
2012-03-28,109.61189270019531
2012-03-29,109.42459106445312
2012-03-30,109.87718963623047
2012-04-02,110.6809310913086
2012-04-03,110.22837829589844
2012-04-04,109.13590240478516
2012-04-05,109.08128356933594
2012-04-09,107.85615539550781
2012-04-10,106.04581451416016
2012-04-11,106.90419006347656
2012-04-12,108.30096435546875
2012-04-13,107.01342010498047
2012-04-16,106.9432144165039
2012-04-17,108.5272216796875
2012-04-18,108.1604995727539
2012-04-19,107.46600341796875
2012-04-20,107.64546966552734
2012-04-23,106.74030303955078
2012-04-24,107.14604187011719
2012-04-25,108.6130599975586
2012-04-26,109.37000274658203
2012-04-27,109.54948425292969
2012-04-30,109.14371490478516
2012-05-01,109.82259368896484
2012-05-02,109.4948501586914
2012-05-03,108.65990447998047
2012-05-04,106.90419006347656
2012-05-07,106.98223114013672
2012-05-08,106.55303955078125
2012-05-09,105.92096710205078
2012-05-10,106.13948059082031
2012-05-11,105.8194808959961
2012-05-14,104.6490478515625
2012-05-15,104.04820251464844
2012-05-16,103.65022277832031
2012-05-17,102.11299133300781
2012-05-18,101.23905181884766
2012-05-21,102.97914123535156
2012-05-22,103.15864562988281
2012-05-23,103.2132797241211
2012-05-24,103.41614532470703
2012-05-25,103.08059692382812
2012-05-29,104.32911682128906
2012-05-30,102.81529998779297
2012-05-31,102.5889892578125
2012-06-01,100.00614166259766
2012-06-04,99.95933532714844
2012-06-05,100.71622467041016
2012-06-06,102.97914123535156
2012-06-07,103.04158782958984
2012-06-08,103.86092376708984
2012-06-11,102.54219055175781
2012-06-12,103.72046661376953
2012-06-13,103.05720520019531
2012-06-14,104.14965057373047
2012-06-15,105.21480560302734
2012-06-18,105.41874694824219
2012-06-19,106.43842315673828
2012-06-20,106.265869140625
2012-06-21,103.88140106201172
2012-06-22,104.68146514892578
2012-06-25,103.00289916992188
2012-06-26,103.52056884765625
2012-06-27,104.4540023803711
2012-06-28,104.15594482421875
2012-06-29,106.75216674804688
2012-07-02,107.07377624511719
2012-07-03,107.77967834472656
2012-07-05,107.29336547851562
2012-07-06,106.27373504638672
2012-07-09,106.1403579711914
2012-07-10,105.21480560302734
2012-07-11,105.23052978515625
2012-07-12,104.7206802368164
2012-07-13,106.47767639160156
2012-07-16,106.22661590576172
2012-07-17,106.95610809326172
2012-07-18,107.74832153320312
2012-07-19,108.03067779541016
2012-07-20,107.0423583984375
2012-07-23,105.95994567871094
2012-07-24,105.05010986328125
2012-07-25,105.07364654541016
2012-07-26,106.80707550048828
2012-07-27,108.77582550048828
2012-07-30,108.77582550048828
2012-07-31,108.0149917602539
2012-08-01,107.92089080810547
2012-08-02,107.17578125
2012-08-03,109.30135345458984
2012-08-06,109.51312255859375
2012-08-07,110.06219482421875
2012-08-08,110.19552612304688
2012-08-09,110.28962707519531
2012-08-10,110.47007751464844
2012-08-13,110.41513061523438
2012-08-14,110.43082427978516
2012-08-15,110.55635070800781
2012-08-16,111.3720932006836
2012-08-17,111.5210952758789
2012-08-20,111.52896881103516
2012-08-21,111.191650390625
2012-08-22,111.23873138427734
2012-08-23,110.3288803100586
2012-08-24,110.99554443359375
2012-08-27,111.01912689208984
2012-08-28,110.9093017578125
2012-08-29,110.99554443359375
2012-08-30,110.19552612304688
2012-08-31,110.72105407714844
2012-09-04,110.61908721923828
2012-09-05,110.52497863769531
2012-09-06,112.76828002929688
2012-09-07,113.20748901367188
2012-09-10,112.56429290771484
2012-09-11,112.87808990478516
2012-09-12,113.25457763671875
2012-09-13,114.98014068603516
2012-09-14,115.49005126953125
2012-09-17,115.09782409667969
2012-09-18,115.00373077392578
2012-09-19,115.06641387939453
2012-09-20,115.07427978515625
2012-09-21,115.02619171142578
2012-09-24,114.85270690917969
2012-09-25,113.6304702758789
2012-09-26,112.99169921875
2012-09-27,114.05626678466797
2012-09-28,113.52794647216797
2012-10-01,113.82758331298828
2012-10-02,113.94583129882812
2012-10-03,114.41110229492188
2012-10-04,115.23125457763672
2012-10-05,115.23912811279297
2012-10-08,114.8448486328125
2012-10-09,113.70929718017578
2012-10-10,112.98381805419922
2012-10-11,113.04690551757812
2012-10-12,112.67630767822266
2012-10-15,113.61471557617188
2012-10-16,114.76598358154297
2012-10-17,115.28641510009766
2012-10-18,114.98677062988281
2012-10-19,113.07060241699219
2012-10-22,113.08637237548828
2012-10-23,111.51709747314453
2012-10-24,111.20170593261719
2012-10-25,111.52499389648438
2012-10-26,111.46198272705078
2012-10-31,111.46198272705078
2012-11-01,112.62896728515625
2012-11-02,111.62749481201172
2012-11-05,111.85621643066406
2012-11-06,112.73150634765625
2012-11-07,110.17658233642578
2012-11-08,108.85179901123047
2012-11-09,108.9464340209961
2012-11-12,109.03321838378906
2012-11-13,108.65467071533203
2012-11-14,107.18798828125
2012-11-15,107.00659942626953
2012-11-16,107.534912109375
2012-11-19,109.71135711669922
2012-11-20,109.75863647460938
2012-11-21,109.96366882324219
2012-11-23,111.46198272705078
2012-11-26,111.225341796875
2012-11-27,110.65762329101562
2012-11-28,111.54869079589844
2012-11-29,112.0691146850586
2012-11-30,112.0927963256836
2012-12-03,111.54077911376953
2012-12-04,111.383056640625
2012-12-05,111.5802230834961
2012-12-06,111.9587173461914
2012-12-07,112.29777526855469
2012-12-10,112.34507751464844
2012-12-11,113.11002349853516
2012-12-12,113.16517639160156
2012-12-13,112.47126770019531
2012-12-14,112.05329895019531
2012-12-17,113.3702621459961
2012-12-18,114.63191986083984
2012-12-19,113.78028869628906
2012-12-20,114.43476104736328
2012-12-21,113.39604949951172
2012-12-24,113.04663848876953
2012-12-26,112.57010650634766
2012-12-27,112.4192123413086
2012-12-28,111.20418548583984
2012-12-31,113.09424591064453
2013-01-02,115.99288940429688
2013-01-03,115.7308578491211
2013-01-04,116.23909759521484
2013-01-07,115.92144775390625
2013-01-08,115.58787536621094
2013-01-09,115.8817367553711
2013-01-10,116.80298614501953
2013-01-11,116.79499816894531
2013-01-14,116.71556854248047
2013-01-15,116.79499816894531
2013-01-16,116.77912139892578
2013-01-17,117.53352355957031
2013-01-18,117.7956314086914
2013-01-22,118.43092346191406
2013-01-23,118.62146759033203
2013-01-24,118.65327453613281
2013-01-25,119.32038116455078
2013-01-28,119.17745208740234
2013-01-29,119.64595031738281
2013-01-30,119.17745208740234
2013-01-31,118.88357543945312
2013-02-01,120.1065902709961
2013-02-04,118.75653076171875
2013-02-05,119.95569610595703
2013-02-06,120.04300689697266
2013-02-07,119.88428497314453
2013-02-08,120.55130767822266
2013-02-11,120.5274887084961
2013-02-12,120.72602844238281
2013-02-13,120.8292236328125
2013-02-14,120.9404067993164
2013-02-15,120.79743957519531
2013-02-19,121.70276641845703
2013-02-20,120.18595123291016
2013-02-21,119.45536041259766
2013-02-22,120.62275695800781
2013-02-25,118.32769775390625
2013-02-26,119.13770294189453
2013-02-27,120.63867950439453
2013-02-28,120.40042114257812
2013-03-01,120.79743957519531
2013-03-04,121.44071960449219
2013-03-05,122.5287094116211
2013-03-06,122.69546508789062
2013-03-07,122.91780853271484
2013-03-08,123.44200134277344
2013-03-11,123.91046905517578
2013-03-12,123.63256072998047
2013-03-13,123.8072509765625
2013-03-14,124.46641540527344
2013-03-15,124.30209350585938
2013-03-18,123.61609649658203
2013-03-19,123.32890319824219
2013-03-20,124.19037628173828
2013-03-21,123.12952423095703
2013-03-22,124.11866760253906
2013-03-25,123.60012817382812
2013-03-26,124.5892105102539
2013-03-27,124.5892105102539
2013-03-28,124.97212219238281
2013-04-01,124.4776382446289
2013-04-02,125.09185028076172
2013-04-03,123.8234634399414
2013-04-04,124.32608032226562
2013-04-05,123.76764678955078
2013-04-08,124.605224609375
2013-04-09,125.03594970703125
2013-04-10,126.56745910644531
2013-04-11,126.98226928710938
2013-04-12,126.67122650146484
2013-04-15,123.73572540283203
2013-04-16,125.56243896484375
2013-04-17,123.72771453857422
2013-04-18,122.95402526855469
2013-04-19,124.02288055419922
2013-04-22,124.57331085205078
2013-04-23,125.85755157470703
2013-04-24,125.93732452392578
2013-04-25,126.44786834716797
2013-04-26,126.22454071044922
2013-04-29,127.07002258300781
2013-04-30,127.37317657470703
2013-05-01,126.25642395019531
2013-05-02,127.42900848388672
2013-05-03,128.72119140625
2013-05-06,129.0482635498047
2013-05-07,129.7023162841797
2013-05-08,130.29261779785156
2013-05-09,129.92576599121094
2013-05-10,130.34849548339844
2013-05-13,130.4521942138672
2013-05-14,131.80023193359375
2013-05-15,132.51014709472656
2013-05-16,131.88800048828125
2013-05-17,133.16433715820312
2013-05-20,133.15631103515625
2013-05-21,133.34774780273438
2013-05-22,132.358642578125
2013-05-23,131.97572326660156
2013-05-24,131.86412048339844
2013-05-28,132.6537322998047
2013-05-29,131.792236328125
2013-05-30,132.27883911132812
2013-05-31,130.38037109375
2013-06-03,131.09828186035156
2013-06-04,130.46817016601562
2013-06-05,128.6414031982422
2013-06-06,129.8060760498047
2013-06-07,131.45724487304688
2013-06-10,131.45724487304688
2013-06-11,130.10122680664062
2013-06-12,129.0243682861328
2013-06-13,130.98658752441406
2013-06-14,130.16500854492188
2013-06-17,131.17015075683594
2013-06-18,132.20706176757812
2013-06-19,130.38037109375
2013-06-20,127.14976501464844
2013-06-21,127.55802154541016
2013-06-24,125.9461669921875
2013-06-25,127.15703582763672
2013-06-26,128.41604614257812
2013-06-27,129.16983032226562
2013-06-28,128.64051818847656
2013-07-01,129.39431762695312
2013-07-02,129.27407836914062
2013-07-03,129.33021545410156
2013-07-05,130.72543334960938
2013-07-08,131.47122192382812
2013-07-09,132.41749572753906
2013-07-10,132.46560668945312
2013-07-11,134.26983642578125
2013-07-12,134.3260040283203
2013-07-15,134.83921813964844
2013-07-16,134.33409118652344
2013-07-17,134.6788330078125
2013-07-18,135.41653442382812
2013-07-19,135.6571807861328
2013-07-22,135.92178344726562
2013-07-23,135.63308715820312
2013-07-24,135.13587951660156
2013-07-25,135.4647216796875
2013-07-26,135.60903930664062
2013-07-29,135.1920623779297
2013-07-30,135.1920623779297
2013-07-31,135.28826904296875
2013-08-01,136.85203552246094
2013-08-02,137.0845184326172
2013-08-05,136.88400268554688
2013-08-06,136.1062469482422
2013-08-07,135.66514587402344
2013-08-08,136.16236877441406
2013-08-09,135.76942443847656
2013-08-12,135.60903930664062
2013-08-13,136.010009765625
2013-08-14,135.3123321533203
2013-08-15,133.41986083984375
2013-08-16,132.97879028320312
2013-08-19,132.1288299560547
2013-08-20,132.77833557128906
2013-08-21,131.96041870117188
2013-08-22,133.16322326660156
2013-08-23,133.61228942871094
2013-08-26,133.11512756347656
2013-08-27,130.97402954101562
2013-08-28,131.4391632080078
2013-08-29,131.64772033691406
2013-08-30,131.2307586669922
2013-09-03,131.8240203857422
2013-09-04,132.9145965576172
2013-09-05,133.0830841064453
2013-09-06,133.147216796875
2013-09-09,134.4222412109375
2013-09-10,135.41653442382812
2013-09-11,135.84156799316406
2013-09-12,135.4807586669922
2013-09-13,135.78546142578125
2013-09-16,136.57130432128906
2013-09-17,137.18077087402344
2013-09-18,138.7685546875
2013-09-19,138.53594970703125
2013-09-20,137.56735229492188
2013-09-23,136.93077087402344
2013-09-24,136.6084747314453
2013-09-25,136.21360778808594
2013-09-26,136.73739624023438
2013-09-27,136.10887145996094
2013-09-30,135.38365173339844
2013-10-01,136.4553680419922
2013-10-02,136.326416015625
2013-10-03,135.06932067871094
2013-10-04,136.09274291992188
2013-10-07,134.916259765625
2013-10-08,133.34498596191406
2013-10-09,133.4416961669922
2013-10-10,136.318359375
2013-10-11,137.1967010498047
2013-10-14,137.7447052001953
2013-10-15,136.7455291748047
2013-10-16,138.65518188476562
2013-10-17,139.5819549560547
2013-10-18,140.52467346191406
2013-10-21,140.5327911376953
2013-10-22,141.34661865234375
2013-10-23,140.66978454589844
2013-10-24,141.13710021972656
2013-10-25,141.7817840576172
2013-10-28,142.00738525390625
2013-10-29,142.76487731933594
2013-10-30,142.05577087402344
2013-10-31,141.6527862548828
2013-11-01,141.9912872314453
2013-11-04,142.4908905029297
2013-11-05,142.0396270751953
2013-11-06,142.76487731933594
2013-11-07,140.95985412597656
2013-11-08,142.86158752441406
2013-11-11,142.8856658935547
2013-11-12,142.5956268310547
2013-11-13,143.73992919921875
2013-11-14,144.45704650878906
2013-11-15,145.08554077148438
2013-11-18,144.577880859375
2013-11-19,144.263671875
2013-11-20,143.81236267089844
2013-11-21,144.97276306152344
2013-11-22,145.6979217529297
2013-11-25,145.5529327392578
2013-11-26,145.59320068359375
2013-11-27,145.94776916503906
2013-11-29,145.8511199951172
2013-12-02,145.4723358154297
2013-12-03,144.8438720703125
2013-12-04,144.8276824951172
2013-12-05,144.19117736816406
2013-12-06,145.802734375
2013-12-09,146.17340087890625
2013-12-10,145.64962768554688
2013-12-11,144.01382446289062
2013-12-12,143.53839111328125
2013-12-13,143.5223388671875
2013-12-16,144.41676330566406
2013-12-17,143.9573974609375
2013-12-18,146.41513061523438
2013-12-19,146.24591064453125
2013-12-20,147.09664916992188
2013-12-23,147.8824920654297
2013-12-24,148.20654296875
2013-12-26,148.96005249023438
2013-12-27,148.95191955566406
2013-12-30,148.92759704589844
2013-12-31,149.63246154785156
2014-01-02,148.198486328125
2014-01-03,148.1741180419922
2014-01-06,147.7447509765625
2014-01-07,148.65219116210938
2014-01-08,148.6845703125
2014-01-09,148.78182983398438
2014-01-10,149.1869354248047
2014-01-13,147.20193481445312
2014-01-14,148.80609130859375
2014-01-15,149.60818481445312
2014-01-16,149.4137420654297
2014-01-17,148.78182983398438
2014-01-21,149.2193145751953
2014-01-22,149.31654357910156
2014-01-23,148.0931396484375
2014-01-24,144.93341064453125
2014-01-27,144.220458984375
2014-01-28,145.07923889160156
2014-01-29,143.68577575683594
2014-01-30,145.2089080810547
2014-01-31,144.3582305908203
2014-02-03,141.10935974121094
2014-02-04,142.09776306152344
2014-02-05,141.9195098876953
2014-02-06,143.7910919189453
2014-02-07,145.57347106933594
2014-02-10,145.84088134765625
2014-02-11,147.43690490722656
2014-02-12,147.5098114013672
2014-02-13,148.27137756347656
2014-02-14,149.0896759033203
2014-02-18,149.26795959472656
2014-02-19,148.279541015625
2014-02-20,149.15452575683594
2014-02-21,148.98431396484375
2014-02-24,149.8107147216797
2014-02-25,149.75404357910156
2014-02-26,149.76211547851562
2014-02-27,150.54794311523438
2014-02-28,150.9287872314453
2014-03-03,149.86746215820312
2014-03-04,151.97389221191406
2014-03-05,152.1116943359375
2014-03-06,152.46002197265625
2014-03-07,152.5248565673828
2014-03-10,152.4437713623047
2014-03-11,151.6903533935547
2014-03-12,151.73080444335938
2014-03-13,150.02947998046875
2014-03-14,149.60818481445312
2014-03-17,150.961181640625
2014-03-18,152.03871154785156
2014-03-19,151.22850036621094
2014-03-20,152.1116943359375
2014-03-21,151.52171325683594
2014-03-24,150.89503479003906
2014-03-25,151.6111602783203
2014-03-26,150.520751953125
2014-03-27,150.20339965820312
2014-03-28,150.94390869140625
2014-03-31,152.1808319091797
2014-04-01,153.1898651123047
2014-04-02,153.70260620117188
2014-04-03,153.49905395507812
2014-04-04,151.6844024658203
2014-04-07,150.00807189941406
2014-04-08,150.62655639648438
2014-04-09,152.24586486816406
2014-04-10,149.0478515625
2014-04-11,147.70510864257812
2014-04-14,148.8688507080078
2014-04-15,149.89414978027344
2014-04-16,151.46473693847656
2014-04-17,151.6763153076172
2014-04-21,152.2052459716797
2014-04-22,152.8969268798828
2014-04-23,152.5388946533203
2014-04-24,152.84812927246094
2014-04-25,151.59494018554688
2014-04-28,152.07508850097656
2014-04-29,152.78302001953125
2014-04-30,153.23875427246094
2014-05-01,153.25498962402344
2014-05-02,153.03533935546875
2014-05-05,153.3282012939453
2014-05-06,151.9936981201172
2014-05-07,152.88877868652344
2014-05-08,152.7260284423828
2014-05-09,152.95388793945312
2014-05-12,154.4430694580078
2014-05-13,154.5813751220703
2014-05-14,153.84902954101562
2014-05-15,152.4980926513672
2014-05-16,153.02713012695312
2014-05-19,153.58863830566406
2014-05-20,152.62026977539062
2014-05-21,153.90602111816406
2014-05-22,154.28025817871094
2014-05-23,154.89878845214844
2014-05-27,155.8508758544922
2014-05-28,155.73696899414062
2014-05-29,156.54257202148438
2014-05-30,156.7947998046875
2014-06-02,156.97384643554688
2014-06-03,156.89247131347656
2014-06-04,157.2098388671875
2014-06-05,158.23513793945312
2014-06-06,158.99192810058594
2014-06-09,159.1547088623047
2014-06-10,159.1710205078125
2014-06-11,158.61764526367188
2014-06-12,157.49468994140625
2014-06-13,157.97476196289062
2014-06-16,158.10498046875
2014-06-17,158.54440307617188
2014-06-18,159.70809936523438
2014-06-19,159.88705444335938
2014-06-20,160.2117156982422
2014-06-23,160.1626434326172
2014-06-24,159.1977996826172
2014-06-25,159.91734313964844
2014-06-26,159.8028564453125
2014-06-27,160.11361694335938
2014-06-30,160.0318145751953
2014-07-01,161.1029052734375
2014-07-02,161.2664794921875
2014-07-03,162.05958557128906
2014-07-07,161.49545288085938
2014-07-08,160.4570770263672
2014-07-09,161.176513671875
2014-07-10,160.538818359375
2014-07-11,160.75953674316406
2014-07-14,161.5690155029297
2014-07-15,161.2664794921875
2014-07-16,161.86337280273438
2014-07-17,160.0236053466797
2014-07-18,161.65902709960938
2014-07-21,161.3563995361328
2014-07-22,162.05958557128906
2014-07-23,162.41940307617188
2014-07-24,162.42755126953125
2014-07-25,161.6671600341797
2014-07-28,161.7325897216797
2014-07-29,161.03756713867188
2014-07-30,161.0621337890625
2014-07-31,157.88136291503906
2014-08-01,157.39894104003906
2014-08-04,158.53549194335938
2014-08-05,156.99827575683594
2014-08-06,157.04736328125
2014-08-07,156.19700622558594
2014-08-08,158.00404357910156
2014-08-11,158.46192932128906
2014-08-12,158.2411651611328
2014-08-13,159.31224060058594
2014-08-14,160.06454467773438
2014-08-15,160.0318145751953
2014-08-18,161.37281799316406
2014-08-19,162.21499633789062
2014-08-20,162.6483612060547
2014-08-21,163.12258911132812
2014-08-22,162.86907958984375
2014-08-25,163.69488525390625
2014-08-26,163.80120849609375
2014-08-27,163.73582458496094
2014-08-28,163.6459197998047
2014-08-29,164.11190795898438
2014-09-02,164.0301971435547
2014-09-03,163.94027709960938
2014-09-04,163.70315551757812
2014-09-05,164.43894958496094
2014-09-08,164.0137939453125
2014-09-09,162.97535705566406
2014-09-10,163.58863830566406
2014-09-11,163.7766876220703
2014-09-12,162.8199920654297
2014-09-15,162.69735717773438
2014-09-16,163.92388916015625
2014-09-17,164.1446533203125
2014-09-18,165.01956176757812
2014-09-19,164.87083435058594
2014-09-22,163.5975799560547
2014-09-23,162.6610870361328
2014-09-24,163.93435668945312
2014-09-25,161.2892608642578
2014-09-26,162.57070922851562
2014-09-29,162.27496337890625
2014-09-30,161.8478240966797
2014-10-01,159.65444946289062
2014-10-02,159.67910766601562
2014-10-03,161.43707275390625
2014-10-06,161.24813842773438
2014-10-07,158.75900268554688
2014-10-08,161.53564453125
2014-10-09,158.3318634033203
2014-10-10,156.5246124267578
2014-10-13,153.953369140625
2014-10-14,154.19158935546875
2014-10-15,153.14833068847656
2014-10-16,153.01693725585938
2014-10-17,154.8241424560547
2014-10-20,156.3274688720703
2014-10-21,159.42440795898438
2014-10-22,158.2908172607422
2014-10-23,160.1309051513672
2014-10-24,161.36314392089844
2014-10-27,161.141357421875
2014-10-28,162.98963928222656
2014-10-29,162.74317932128906
2014-10-30,163.78648376464844
2014-10-31,165.659423828125
2014-11-03,165.7498016357422
2014-11-04,165.17477416992188
2014-11-05,166.21807861328125
2014-11-06,166.88348388671875
2014-11-07,167.03958129882812
2014-11-10,167.5653076171875
2014-11-11,167.72955322265625
2014-11-12,167.5488739013672
2014-11-13,167.73782348632812
2014-11-14,167.7788848876953
2014-11-17,167.8856964111328
2014-11-18,168.85498046875
2014-11-19,168.58395385742188
2014-11-20,168.87966918945312
2014-11-21,169.78326416015625
2014-11-24,170.25979614257812
2014-11-25,170.13648986816406
2014-11-26,170.57192993164062
2014-11-28,170.21044921875
2014-12-01,169.02749633789062
2014-12-02,170.12008666992188
2014-12-03,170.77728271484375
2014-12-04,170.58840942382812
2014-12-05,170.86766052246094
2014-12-08,169.72576904296875
2014-12-09,169.61082458496094
2014-12-10,166.89169311523438
2014-12-11,167.73782348632812
2014-12-12,165.02691650390625
2014-12-15,163.8932647705078
2014-12-16,162.57896423339844
2014-12-17,165.76626586914062
2014-12-18,169.865478515625
2014-12-19,170.58827209472656
2014-12-22,171.3729248046875
2014-12-23,171.6042022705078
2014-12-24,171.62069702148438
2014-12-26,172.17417907714844
2014-12-29,172.40545654296875
2014-12-30,171.48033142089844
2014-12-31,169.77871704101562
2015-01-02,169.6878204345703
2015-01-05,166.62332153320312
2015-01-06,165.05393981933594
2015-01-07,167.11070251464844
2015-01-08,170.07608032226562
2015-01-09,168.71319580078125
2015-01-12,167.39154052734375
2015-01-13,166.9207305908203
2015-01-14,165.91297912597656
2015-01-15,164.39315795898438
2015-01-16,166.54901123046875
2015-01-20,166.90414428710938
2015-01-21,167.74668884277344
2015-01-22,170.24127197265625
2015-01-23,169.307861328125
2015-01-26,169.70437622070312
2015-01-27,167.46585083007812
2015-01-28,165.31826782226562
2015-01-29,166.8463592529297
2015-01-30,164.74830627441406
2015-02-02,166.78854370117188
2015-02-03,169.2004852294922
2015-02-04,168.55621337890625
2015-02-05,170.25775146484375
2015-02-06,169.78697204589844
2015-02-09,169.02700805664062
2015-02-10,170.82774353027344
2015-02-11,170.92681884765625
2015-02-12,172.57061767578125
2015-02-13,173.2810516357422
2015-02-17,173.5536346435547
2015-02-18,173.57005310058594
2015-02-19,173.44619750976562
2015-02-20,174.4869842529297
2015-02-23,174.46217346191406
2015-02-24,174.95782470703125
2015-02-25,174.80911254882812
2015-02-26,174.60263061523438
2015-02-27,174.0078887939453
2015-03-02,175.10650634765625
2015-03-03,174.3878173828125
2015-03-04,173.6526641845703
2015-03-05,173.84271240234375
2015-03-06,171.3976593017578
2015-03-09,172.10806274414062
2015-03-10,169.31613159179688
2015-03-11,168.91966247558594
2015-03-12,171.06736755371094
2015-03-13,170.01821899414062
2015-03-16,172.2897186279297
2015-03-17,171.7776641845703
2015-03-18,173.84271240234375
2015-03-19,173.04971313476562
2015-03-20,174.5772247314453
2015-03-23,174.23703002929688
2015-03-24,173.2579803466797
2015-03-25,170.71902465820312
2015-03-26,170.31253051757812
2015-03-27,170.70252990722656
2015-03-30,172.78506469726562
2015-03-31,171.27500915527344
2015-04-01,170.66932678222656
2015-04-02,171.2833251953125
2015-04-06,172.43661499023438
2015-04-07,171.98028564453125
2015-04-08,172.56103515625
2015-04-09,173.32432556152344
2015-04-10,174.27020263671875
2015-04-13,173.48196411132812
2015-04-14,173.8139190673828
2015-04-15,174.5937957763672
2015-04-16,174.54403686523438
2015-04-17,172.53616333007812
2015-04-20,174.11256408691406
2015-04-21,173.90513610839844
2015-04-22,174.75965881347656
2015-04-23,175.1995086669922
2015-04-24,175.60606384277344
2015-04-27,174.8759002685547
2015-04-28,175.43177795410156
2015-04-29,174.7099609375
2015-04-30,172.95933532714844
2015-05-01,174.83441162109375
2015-05-04,175.33224487304688
2015-05-05,173.32432556152344
2015-05-06,172.6107940673828
2015-05-07,173.2994384765625
2015-05-08,175.58111572265625
2015-05-11,174.74313354492188
2015-05-12,174.22039794921875
2015-05-13,174.25363159179688
2015-05-14,176.0706787109375
2015-05-15,176.2615509033203
2015-05-18,176.80911254882812
2015-05-19,176.7510223388672
2015-05-20,176.6266326904297
2015-05-21,177.1409912109375
2015-05-22,176.71780395507812
2015-05-26,174.81785583496094
2015-05-27,176.4772491455078
2015-05-28,176.27810668945312
2015-05-29,175.1829071044922
2015-06-01,175.53964233398438
2015-06-02,175.36538696289062
2015-06-03,175.8300323486328
2015-06-04,174.34481811523438
2015-06-05,174.04620361328125
2015-06-08,172.975830078125
2015-06-09,172.9509735107422
2015-06-10,175.02525329589844
2015-06-11,175.58941650390625
2015-06-12,174.24530029296875
2015-06-15,173.4985809326172
2015-06-16,174.44444274902344
2015-06-17,174.72657775878906
2015-06-18,176.5435791015625
2015-06-19,175.75982666015625
2015-06-22,176.6603240966797
2015-06-23,176.78533935546875
2015-06-24,175.50140380859375
2015-06-25,174.96783447265625
2015-06-26,174.93446350097656
2015-06-29,171.26605224609375
2015-06-30,171.62452697753906
2015-07-01,173.0001983642578
2015-07-02,172.84178161621094
2015-07-06,172.3498992919922
2015-07-07,173.43380737304688
2015-07-08,170.52403259277344
2015-07-09,170.83248901367188
2015-07-10,172.9835205078125
2015-07-13,174.892822265625
2015-07-14,175.65147399902344
2015-07-15,175.59315490722656
2015-07-16,177.00213623046875
2015-07-17,177.15228271484375
2015-07-20,177.243896484375
2015-07-21,176.54356384277344
2015-07-22,176.22677612304688
2015-07-23,175.23464965820312
2015-07-24,173.41708374023438
2015-07-27,172.4082489013672
2015-07-28,174.5259552001953
2015-07-29,175.72653198242188
2015-07-30,175.76820373535156
2015-07-31,175.50140380859375
2015-08-03,174.909423828125
2015-08-04,174.56764221191406
2015-08-05,175.14292907714844
2015-08-06,173.70887756347656
2015-08-07,173.3754119873047
2015-08-10,175.55978393554688
2015-08-11,173.9756622314453
2015-08-12,174.18408203125
2015-08-13,173.9673309326172
2015-08-14,174.60096740722656
2015-08-17,175.57644653320312
2015-08-18,175.06784057617188
2015-08-19,173.68389892578125
2015-08-20,170.05711364746094
2015-08-21,164.9379425048828
2015-08-24,157.99295043945312
2015-08-25,156.13372802734375
2015-08-26,162.12835693359375
2015-08-27,166.13856506347656
2015-08-28,166.14691162109375
2015-08-31,164.80455017089844
2015-09-01,159.8855438232422
2015-09-02,162.92039489746094
2015-09-03,163.0370330810547
2015-09-04,160.5692138671875
2015-09-08,164.6044921875
2015-09-09,162.4033966064453
2015-09-10,163.28717041015625
2015-09-11,164.02919006347656
2015-09-14,163.42062377929688
2015-09-15,165.46324157714844
2015-09-16,166.89724731445312
2015-09-17,166.5220947265625
2015-09-18,163.8008575439453
2015-09-21,164.6473388671875
2015-09-22,162.51025390625
2015-09-23,162.25042724609375
2015-09-24,161.6637420654297
2015-09-25,161.6218719482422
2015-09-28,157.565673828125
2015-09-29,157.65780639648438
2015-09-30,160.59947204589844
2015-10-01,161.01846313476562
2015-10-02,163.4237060546875
2015-10-05,166.33184814453125
2015-10-06,165.761962890625
2015-10-07,167.11965942382812
2015-10-08,168.62814331054688
2015-10-09,168.72866821289062
2015-10-12,168.88795471191406
2015-10-13,167.82359313964844
2015-10-14,167.01902770996094
2015-10-15,169.5835418701172
2015-10-16,170.3545684814453
2015-10-19,170.43838500976562
2015-10-20,170.22048950195312
2015-10-21,169.1644744873047
2015-10-22,172.02232360839844
2015-10-23,173.90802001953125
2015-10-26,173.48057556152344
2015-10-27,173.14535522460938
2015-10-28,175.11480712890625
2015-10-29,175.01425170898438
2015-10-30,174.2599334716797
2015-11-02,176.3216552734375
2015-11-03,176.83285522460938
2015-11-04,176.29649353027344
2015-11-05,176.12049865722656
2015-11-06,176.0283203125
2015-11-09,174.3856964111328
2015-11-10,174.78794860839844
2015-11-11,174.1007537841797
2015-11-12,171.6703338623047
2015-11-13,169.7427978515625
2015-11-16,172.3240509033203
2015-11-17,172.19834899902344
2015-11-18,174.93045043945312
2015-11-19,174.77951049804688
2015-11-20,175.4165496826172
2015-11-23,175.21543884277344
2015-11-24,175.45004272460938
2015-11-25,175.4248809814453
2015-11-27,175.6260223388672
2015-11-30,174.8968963623047
2015-12-01,176.56463623046875
2015-12-02,174.76280212402344
2015-12-03,172.31568908691406
2015-12-04,175.6763153076172
2015-12-07,174.61196899414062
2015-12-08,173.4386749267578
2015-12-09,172.08937072753906
2015-12-10,172.53353881835938
2015-12-11,169.18963623046875
2015-12-14,170.0444793701172
2015-12-15,171.82957458496094
2015-12-16,174.3437957763672
2015-12-17,171.68711853027344
2015-12-18,168.62850952148438
2015-12-21,170.0195770263672
2015-12-22,171.5623321533203
2015-12-23,173.68685913085938
2015-12-24,173.4001922607422
2015-12-28,173.00396728515625
2015-12-29,174.85023498535156
2015-12-30,173.61099243164062
2015-12-31,171.8743133544922
2016-01-04,169.4716033935547
2016-01-05,169.75819396972656
2016-01-06,167.6168212890625
2016-01-07,163.59548950195312
2016-01-08,161.79969787597656
2016-01-11,161.9599151611328
2016-01-12,163.26661682128906
2016-01-13,159.19467163085938
2016-01-14,161.80812072753906
2016-01-15,158.33473205566406
2016-01-19,158.54550170898438
2016-01-20,156.51373291015625
2016-01-21,157.39056396484375
2016-01-22,160.61944580078125
2016-01-25,158.19139099121094
2016-01-26,160.34967041015625
2016-01-27,158.60450744628906
2016-01-28,159.4307403564453
2016-01-29,163.31729125976562
2016-02-01,163.2582550048828
2016-02-02,160.31591796875
2016-02-03,161.2769775390625
2016-02-04,161.52996826171875
2016-02-05,158.45281982421875
2016-02-08,156.31983947753906
2016-02-09,156.32827758789062
2016-02-10,156.19334411621094
2016-02-11,154.1616668701172
2016-02-12,157.3399658203125
2016-02-16,159.99559020996094
2016-02-17,162.60906982421875
2016-02-18,161.94305419921875
2016-02-19,161.86717224121094
2016-02-22,164.2108612060547
2016-02-23,162.13693237304688
2016-02-24,162.87881469726562
2016-02-25,164.85159301757812
2016-02-26,164.4722137451172
2016-02-29,163.18235778808594
2016-03-01,167.01821899414062
2016-03-02,167.7686004638672
2016-03-03,168.42611694335938
2016-03-04,168.97412109375
2016-03-07,169.1090545654297
2016-03-08,167.26275634765625
2016-03-09,168.0889129638672
2016-03-10,168.22384643554688
2016-03-11,170.93844604492188
2016-03-14,170.71926879882812
2016-03-15,170.4410400390625
2016-03-16,171.4274139404297
2016-03-17,172.51498413085938
2016-03-18,173.19287109375
2016-03-21,173.4386749267578
2016-03-22,173.34544372558594
2016-03-23,172.20147705078125
2016-03-24,172.12510681152344
2016-03-28,172.22689819335938
2016-03-29,173.8199920654297
2016-03-30,174.5826873779297
2016-03-31,174.15896606445312
2016-04-01,175.34532165527344
2016-04-04,174.77757263183594
2016-04-05,173.0318603515625
2016-04-06,174.921630859375
2016-04-07,172.8285675048828
2016-04-08,173.2946319580078
2016-04-11,172.8878936767578
2016-04-12,174.49786376953125
2016-04-13,176.2605743408203
2016-04-14,176.26901245117188
2016-04-15,176.07411193847656
2016-04-18,177.31130981445312
2016-04-19,177.87059020996094
2016-04-20,178.04005432128906
2016-04-21,177.0824737548828
2016-04-22,177.0824737548828
2016-04-25,176.7774200439453
2016-04-26,177.0401153564453
2016-04-27,177.40455627441406
2016-04-28,175.79444885253906
2016-04-29,174.8453826904297
2016-05-02,176.235107421875
2016-05-03,174.70130920410156
2016-05-04,173.72674560546875
2016-05-05,173.69284057617188
2016-05-06,174.32847595214844
2016-05-09,174.47250366210938
2016-05-10,176.64181518554688
2016-05-11,174.9894561767578
2016-05-12,175.04026794433594
2016-05-13,173.51486206054688
2016-05-16,175.22669982910156
2016-05-17,173.5911865234375
2016-05-18,173.64208984375
2016-05-19,173.04034423828125
2016-05-20,174.13351440429688
2016-05-23,173.89627075195312
2016-05-24,176.1503448486328
2016-05-25,177.3451690673828
2016-05-26,177.3960418701172
2016-05-27,178.1587677001953
2016-05-31,177.8197479248047
2016-06-01,178.18417358398438
2016-06-02,178.72645568847656
2016-06-03,178.19259643554688
2016-06-06,179.09930419921875
2016-06-07,179.37899780273438
2016-06-08,179.9636993408203
2016-06-09,179.71795654296875
2016-06-10,178.01470947265625
2016-06-13,176.64181518554688
2016-06-14,176.29440307617188
2016-06-15,176.0486602783203
2016-06-16,176.57408142089844
2016-06-17,175.91647338867188
2016-06-20,177.04937744140625
2016-06-21,177.5519256591797
2016-06-22,177.2623291015625
2016-06-23,179.57070922851562
2016-06-24,173.1225128173828
2016-06-27,170.02191162109375
2016-06-28,173.08847045898438
2016-06-29,176.0357208251953
2016-06-30,178.43785095214844
2016-07-01,178.81259155273438
2016-07-05,177.52633666992188
2016-07-06,178.59117126464844
2016-07-07,178.48040771484375
2016-07-08,181.1380615234375
2016-07-11,181.77694702148438
2016-07-12,183.09722900390625
2016-07-13,183.0717010498047
2016-07-14,184.09390258789062
2016-07-15,183.84689331054688
2016-07-18,184.34091186523438
2016-07-19,184.1534881591797
2016-07-20,184.92013549804688
2016-07-21,184.22166442871094
2016-07-22,185.04791259765625
2016-07-25,184.5453338623047
2016-07-26,184.63050842285156
2016-07-27,184.43463134765625
2016-07-28,184.64756774902344
2016-07-29,184.94564819335938
2016-08-01,184.7923583984375
2016-08-02,183.60833740234375
2016-08-03,184.14498901367188
2016-08-04,184.34091186523438
2016-08-05,185.8485870361328
2016-08-08,185.7379150390625
2016-08-09,185.8485870361328
2016-08-10,185.388671875
2016-08-11,186.2489471435547
2016-08-12,186.087158203125
2016-08-15,186.6237335205078
2016-08-16,185.66119384765625
2016-08-17,186.01043701171875
2016-08-18,186.42779541015625
2016-08-19,186.15525817871094
2016-08-22,186.14674377441406
2016-08-23,186.5215606689453
2016-08-24,185.56748962402344
2016-08-25,185.4397430419922
2016-08-26,185.09051513671875
2016-08-29,186.00198364257812
2016-08-30,185.69532775878906
2016-08-31,185.16714477539062
2016-09-01,185.1756591796875
2016-09-02,186.01043701171875
2016-09-06,186.5726776123047
2016-09-07,186.5556182861328
2016-09-08,186.1297149658203
2016-09-09,181.6748046875
2016-09-12,184.2812957763672
2016-09-13,181.632080078125
2016-09-14,181.5639190673828
2016-09-15,183.37832641601562
2016-09-16,182.66952514648438
2016-09-19,182.70372009277344
2016-09-20,182.71226501464844
2016-09-21,184.76699829101562
2016-09-22,185.93124389648438
2016-09-23,184.91249084472656
2016-09-26,183.414306640625
2016-09-27,184.55296325683594
2016-09-28,185.46896362304688
2016-09-29,183.79095458984375
2016-09-30,185.17788696289062
2016-10-03,184.7327117919922
2016-10-04,183.79095458984375
2016-10-05,184.60430908203125
2016-10-06,184.7327117919922
2016-10-07,184.0991668701172
2016-10-10,185.05804443359375
2016-10-11,182.7208251953125
2016-10-12,182.96058654785156
2016-10-13,182.3612823486328
2016-10-14,182.45547485351562
2016-10-17,181.8219451904297
2016-10-18,182.96058654785156
2016-10-19,183.44857788085938
2016-10-20,183.1061248779297
2016-10-21,183.19174194335938
2016-10-24,183.97079467773438
2016-10-25,183.35430908203125
2016-10-26,182.98619079589844
2016-10-27,182.49827575683594
2016-10-28,181.95883178710938
2016-10-31,181.9674835205078
2016-11-01,180.6490478515625
2016-11-02,179.561767578125
2016-11-03,178.73989868164062
2016-11-04,178.5430145263672
2016-11-07,182.4810791015625
2016-11-08,183.30299377441406
2016-11-09,185.2464141845703
2016-11-10,185.70870971679688
2016-11-11,185.28065490722656
2016-11-14,185.42617797851562
2016-11-15,186.87301635742188
2016-11-16,186.52203369140625
2016-11-17,187.4808349609375
2016-11-18,187.06134033203125
2016-11-21,188.47393798828125
2016-11-22,188.84210205078125
2016-11-23,188.94480895996094
2016-11-25,189.6468505859375
2016-11-28,188.75645446777344
2016-11-29,189.12461853027344
2016-11-30,188.67086791992188
2016-12-01,187.9773712158203
2016-12-02,188.0715789794922
2016-12-05,189.20166015625
2016-12-06,189.80091857910156
2016-12-07,192.28366088867188
2016-12-08,192.7545166015625
2016-12-09,193.9188232421875
2016-12-12,193.69627380371094
2016-12-13,194.989013671875
2016-12-14,193.3794403076172
2016-12-15,194.17567443847656
2016-12-16,193.79591369628906
2016-12-19,194.2178955078125
2016-12-20,194.9670867919922
2016-12-21,194.424560546875
2016-12-22,194.08872985839844
2016-12-23,194.3728790283203
2016-12-27,194.85513305664062
2016-12-28,193.24472045898438
2016-12-29,193.20169067382812
2016-12-30,192.49557495117188
2017-01-03,193.96817016601562
2017-01-04,195.12208557128906
2017-01-05,194.9670867919922
2017-01-06,195.66465759277344
2017-01-09,195.0187530517578
2017-01-10,195.0187530517578
2017-01-11,195.56996154785156
2017-01-12,195.07907104492188
2017-01-13,195.52682495117188
2017-01-17,194.83790588378906
2017-01-18,195.2685089111328
2017-01-19,194.54510498046875
2017-01-20,195.2598876953125
2017-01-23,194.75180053710938
2017-01-24,196.00045776367188
2017-01-25,197.6969757080078
2017-01-26,197.4903106689453
2017-01-27,197.18031311035156
2017-01-30,195.95748901367188
2017-01-31,195.94020080566406
2017-02-01,196.01773071289062
2017-02-02,196.14688110351562
2017-02-03,197.49891662597656
2017-02-06,197.14581298828125
2017-02-07,197.15444946289062
2017-02-08,197.412841796875
2017-02-09,198.58395385742188
2017-02-10,199.36764526367188
2017-02-13,200.45272827148438
2017-02-14,201.25357055664062
2017-02-15,202.30421447753906
2017-02-16,202.13197326660156
2017-02-17,202.4505615234375
2017-02-21,203.6561737060547
2017-02-22,203.47535705566406
2017-02-23,203.61318969726562
2017-02-24,203.8715362548828
2017-02-27,204.19017028808594
2017-02-28,203.63905334472656
2017-03-01,206.48944091796875
2017-03-02,205.18910217285156
2017-03-03,205.3182373046875
2017-03-06,204.7068328857422
2017-03-07,204.0954132080078
2017-03-08,203.71652221679688
2017-03-09,203.974853515625
2017-03-10,204.68963623046875
2017-03-13,204.7929229736328
2017-03-14,204.00929260253906
2017-03-15,205.774658203125
2017-03-16,205.36993408203125
2017-03-17,205.00924682617188
2017-03-20,204.7843780517578
2017-03-21,202.1550750732422
2017-03-22,202.63075256347656
2017-03-23,202.41448974609375
2017-03-24,202.26751708984375
2017-03-27,202.0598907470703
2017-03-28,203.53028869628906
2017-03-29,203.72056579589844
2017-03-30,204.3692169189453
2017-03-31,203.89352416992188
2017-04-03,203.5389404296875
2017-04-04,203.66864013671875
2017-04-05,203.0631866455078
2017-04-06,203.63406372070312
2017-04-07,203.42649841308594
2017-04-10,203.54759216308594
2017-04-11,203.30540466308594
2017-04-12,202.41448974609375
2017-04-13,201.0999298095703
2017-04-17,202.88156127929688
2017-04-18,202.27618408203125
2017-04-19,201.9042510986328
2017-04-20,203.54759216308594
2017-04-21,202.89883422851562
2017-04-24,205.13027954101562
2017-04-25,206.3239288330078
2017-04-26,206.19419860839844
2017-04-27,206.36715698242188
2017-04-28,205.91744995117188
2017-05-01,206.43637084960938
2017-05-02,206.51419067382812
2017-05-03,206.2633819580078
2017-05-04,206.50555419921875
2017-05-05,207.3185272216797
2017-05-08,207.28399658203125
2017-05-09,207.09371948242188
2017-05-10,207.46559143066406
2017-05-11,207.0418243408203
2017-05-12,206.69583129882812
2017-05-15,207.83750915527344
2017-05-16,207.64727783203125
2017-05-17,203.96273803710938
2017-05-18,204.7843780517578
2017-05-19,206.11634826660156
2017-05-22,207.1628875732422
2017-05-23,207.62127685546875
2017-05-24,208.10562133789062
2017-05-25,209.10031127929688
2017-05-26,209.0570526123047
2017-05-30,208.87539672851562
2017-05-31,208.82350158691406
2017-06-01,210.48414611816406
2017-06-02,211.18472290039062
2017-06-05,211.02903747558594
2017-06-06,210.3543701171875
2017-06-07,210.74363708496094
2017-06-08,210.8473663330078
2017-06-09,210.5273895263672
2017-06-12,210.48414611816406
2017-06-13,211.51336669921875
2017-06-14,211.24522399902344
2017-06-15,210.83876037597656
2017-06-16,210.88482666015625
2017-06-19,212.64047241210938
2017-06-20,211.2063751220703
2017-06-21,211.15428161621094
2017-06-22,211.05862426757812
2017-06-23,211.31069946289062
2017-06-26,211.44970703125
2017-06-27,209.7462921142578
2017-06-28,211.6236114501953
2017-06-29,209.76364135742188
2017-06-30,210.1547393798828
2017-07-03,210.5110626220703
2017-07-05,210.997802734375
2017-07-06,209.068359375
2017-07-07,210.42417907714844
2017-07-10,210.65017700195312
2017-07-11,210.49366760253906
2017-07-12,212.07550048828125
2017-07-13,212.4318389892578
2017-07-14,213.4226531982422
2017-07-17,213.39657592773438
2017-07-18,213.50961303710938
2017-07-19,214.66549682617188
2017-07-20,214.76113891601562
2017-07-21,214.56991577148438
2017-07-24,214.51776123046875
2017-07-25,215.0392303466797
2017-07-26,215.0479278564453
2017-07-27,214.8480224609375
2017-07-28,214.5959930419922
2017-07-31,214.4742889404297
2017-08-01,214.95236206054688
2017-08-02,215.0565948486328
2017-08-03,214.6394500732422
2017-08-04,215.03053283691406
2017-08-07,215.43032836914062
2017-08-08,214.90017700195312
2017-08-09,214.8914794921875
2017-08-10,211.85821533203125
2017-08-11,212.17111206054688
2017-08-14,214.27435302734375
2017-08-15,214.24835205078125
2017-08-16,214.6220703125
2017-08-17,211.27590942382812
2017-08-18,210.94564819335938
2017-08-21,211.1107635498047
2017-08-22,213.31837463378906
2017-08-23,212.5535430908203
2017-08-24,212.05813598632812
2017-08-25,212.5535430908203
2017-08-28,212.56228637695312
2017-08-29,212.80560302734375
2017-08-30,213.8137664794922
2017-08-31,215.10011291503906
2017-09-01,215.40426635742188
2017-09-05,213.85719299316406
2017-09-06,214.58726501464844
2017-09-07,214.56118774414062
2017-09-08,214.3091583251953
2017-09-11,216.5949249267578
2017-09-12,217.3251190185547
2017-09-13,217.42930603027344
2017-09-14,217.35984802246094
2017-09-15,217.6523895263672
2017-09-18,218.11534118652344
2017-09-19,218.33372497558594
2017-09-20,218.41229248046875
2017-09-21,217.82708740234375
2017-09-22,217.8707733154297
2017-09-25,217.4253387451172
2017-09-26,217.55636596679688
2017-09-27,218.40357971191406
2017-09-28,218.6655731201172
2017-09-29,219.4342041015625
2017-10-02,220.3863067626953
2017-10-03,220.85791015625
2017-10-04,221.1199493408203
2017-10-05,222.4301300048828
2017-10-06,222.1768035888672
2017-10-09,221.8100128173828
2017-10-10,222.39520263671875
2017-10-11,222.7445526123047
2017-10-12,222.41262817382812
2017-10-13,222.6834259033203
2017-10-16,222.9803924560547
2017-10-17,223.13760375976562
2017-10-18,223.35597229003906
2017-10-19,223.41714477539062
2017-10-20,224.57000732421875
2017-10-23,223.6966094970703
2017-10-24,224.08966064453125
2017-10-25,222.9803924560547
2017-10-26,223.26864624023438
2017-10-27,225.0941162109375
2017-10-30,224.255615234375
2017-10-31,224.60498046875
2017-11-01,224.9019775390625
2017-11-02,224.9893035888672
2017-11-03,225.740478515625
2017-11-06,226.08982849121094
2017-11-07,225.9326171875
2017-11-08,226.31690979003906
2017-11-09,225.49591064453125
2017-11-10,225.42601013183594
2017-11-13,225.63563537597656
2017-11-14,225.11163330078125
2017-11-15,223.98489379882812
2017-11-16,225.88897705078125
2017-11-17,225.22512817382812
2017-11-20,225.60943603515625
2017-11-21,227.08555603027344
2017-11-22,226.88470458984375
2017-11-24,227.40872192382812
2017-11-27,227.29519653320312
2017-11-28,229.60104370117188
2017-11-29,229.4613494873047
2017-11-30,231.47023010253906
2017-12-01,230.9897918701172
2017-12-04,230.71034240722656
2017-12-05,229.88055419921875
2017-12-06,229.92425537109375
2017-12-07,230.64915466308594
2017-12-08,231.90692138671875
2017-12-11,232.60565185546875
2017-12-12,233.01622009277344
2017-12-13,232.9900360107422
2017-12-14,232.0379638671875
2017-12-15,233.97018432617188
2017-12-18,235.45388793945312
2017-12-19,234.5496826171875
2017-12-20,234.4267120361328
2017-12-21,234.90956115722656
2017-12-22,234.84815979003906
2017-12-26,234.5671844482422
2017-12-27,234.68133544921875
2017-12-28,235.1641845703125
2017-12-29,234.2775421142578
2018-01-02,235.9542999267578
2018-01-03,237.44674682617188
2018-01-04,238.44757080078125
2018-01-05,240.03663635253906
2018-01-08,240.47552490234375
2018-01-09,241.019775390625
2018-01-10,240.65103149414062
2018-01-11,242.40689086914062
2018-01-12,243.98715209960938
2018-01-16,243.1531524658203
2018-01-17,245.47073364257812
2018-01-18,245.0581817626953
2018-01-19,246.173095703125
2018-01-22,248.1746368408203
2018-01-23,248.70144653320312
2018-01-24,248.6049041748047
2018-01-25,248.7101593017578
2018-01-26,251.58981323242188
2018-01-29,249.92173767089844
2018-01-30,247.35824584960938
2018-01-31,247.48118591308594
2018-02-01,247.20021057128906
2018-02-02,241.818603515625
2018-02-05,231.70523071289062
2018-02-06,236.2703399658203
2018-02-07,234.98863220214844
2018-02-08,226.1744384765625
2018-02-09,229.57191467285156
2018-02-12,232.94309997558594
2018-02-13,233.52247619628906
2018-02-14,236.67420959472656
2018-02-15,239.6941680908203
2018-02-16,239.76437377929688
2018-02-20,238.2632598876953
2018-02-21,237.07803344726562
2018-02-22,237.3852996826172
2018-02-23,241.1690216064453
2018-02-26,243.96949768066406
2018-02-27,240.92320251464844
2018-02-28,238.48265075683594
2018-03-01,235.01492309570312
2018-03-02,236.2264404296875
2018-03-05,238.95675659179688
2018-03-06,239.56248474121094
2018-03-07,239.4746856689453
2018-03-08,240.63351440429688
2018-03-09,244.82110595703125
2018-03-12,244.51377868652344
2018-03-13,242.93365478515625
2018-03-14,241.68707275390625
2018-03-15,241.42361450195312
2018-03-16,241.6854705810547
2018-03-19,238.4153289794922
2018-03-20,238.82081604003906
2018-03-21,238.36248779296875
2018-03-22,232.40408325195312
2018-03-23,227.45046997070312
2018-03-26,233.67327880859375
2018-03-27,229.69810485839844
2018-03-28,229.0194091796875
2018-03-29,231.9457244873047
2018-04-02,226.9392547607422
2018-04-03,229.84791564941406
2018-04-04,232.30714416503906
2018-04-05,234.1404571533203
2018-04-06,228.92247009277344
2018-04-09,230.05067443847656
2018-04-10,233.7085723876953
2018-04-11,232.48341369628906
2018-04-12,234.3960418701172
2018-04-13,233.7085723876953
2018-04-16,235.63015747070312
2018-04-17,238.15090942382812
2018-04-18,238.3272705078125
2018-04-19,237.00511169433594
2018-04-20,234.99542236328125
2018-04-23,234.9601593017578
2018-04-24,231.79592895507812
2018-04-25,232.3688507080078
2018-04-26,234.73104858398438
2018-04-27,234.95132446289062
2018-04-30,233.1444854736328
2018-05-01,233.55868530273438
2018-05-02,231.98977661132812
2018-05-03,231.4785614013672
2018-05-04,234.4754180908203
2018-05-07,235.26864624023438
2018-05-08,235.26864624023438
2018-05-09,237.54273986816406
2018-05-10,239.76390075683594
2018-05-11,240.4955291748047
2018-05-14,240.6100616455078
2018-05-15,238.95303344726562
2018-05-16,239.95782470703125
2018-05-17,239.7551727294922
2018-05-18,239.15573120117188
2018-05-21,240.95382690429688
2018-05-22,240.283935546875
2018-05-23,240.9450225830078
2018-05-24,240.45138549804688
2018-05-25,239.8785400390625
2018-05-29,237.1196746826172
2018-05-30,240.283935546875
2018-05-31,238.81201171875
2018-06-01,241.15660095214844
2018-06-04,242.302490234375
2018-06-05,242.47866821289062
2018-06-06,244.505859375
2018-06-07,244.4795379638672
2018-06-08,245.2023468017578
2018-06-11,245.52842712402344
2018-06-12,245.8457489013672
2018-06-13,245.06126403808594
2018-06-14,245.67828369140625
2018-06-15,245.36488342285156
2018-06-18,244.86013793945312
2018-06-19,243.92169189453125
2018-06-20,244.33773803710938
2018-06-21,242.80609130859375
2018-06-22,243.248779296875
2018-06-25,239.93753051757812
2018-06-26,240.4686737060547
2018-06-27,238.4765625
2018-06-28,239.84002685546875
2018-06-29,240.18536376953125
2018-07-02,240.6988067626953
2018-07-03,239.848876953125
2018-07-05,241.80564880371094
2018-07-06,243.85081481933594
2018-07-09,246.0465850830078
2018-07-10,246.93203735351562
2018-07-11,245.12582397460938
2018-07-12,247.3480987548828
2018-07-13,247.54283142089844
2018-07-16,247.3215789794922
2018-07-17,248.322021484375
2018-07-18,248.8443603515625
2018-07-19,247.9058837890625
2018-07-20,247.62254333496094
2018-07-23,248.0829620361328
2018-07-24,249.3312530517578
2018-07-25,251.45628356933594
2018-07-26,250.86300659179688
2018-07-27,249.16307067871094
2018-07-30,247.86163330078125
2018-07-31,249.0833740234375
2018-08-01,248.66732788085938
2018-08-02,250.02195739746094
2018-08-03,251.0931396484375
2018-08-06,252.0140380859375
2018-08-07,252.8463134765625
2018-08-08,252.74005126953125
2018-08-09,252.39468383789062
2018-08-10,250.70367431640625
2018-08-13,249.7652587890625
2018-08-14,251.35888671875
2018-08-15,249.4818572998047
2018-08-16,251.50051879882812
2018-08-17,252.38589477539062
2018-08-20,252.92596435546875
2018-08-21,253.51919555664062
2018-08-22,253.36868286132812
2018-08-23,253.0322265625
2018-08-24,254.55514526367188
2018-08-27,256.5649108886719
2018-08-28,256.6888732910156
2018-08-29,258.0699768066406
2018-08-30,257.0252685546875
2018-08-31,257.0341796875
2018-09-04,256.5914306640625
2018-09-05,255.9008331298828
2018-09-06,255.13047790527344
2018-09-07,254.6346893310547
2018-09-10,255.07740783691406
2018-09-11,255.91854858398438
2018-09-12,255.98046875
2018-09-13,257.49444580078125
2018-09-14,257.53875732421875
2018-09-17,256.17529296875
2018-09-18,257.5653991699219
2018-09-19,257.83978271484375
2018-09-20,259.9292297363281
2018-09-21,259.6918029785156
2018-09-24,258.8291320800781
2018-09-25,258.5889587402344
2018-09-26,257.8152770996094
2018-09-27,258.53570556640625
2018-09-28,258.5623474121094
2018-10-01,259.4607238769531
2018-10-02,259.30938720703125
2018-10-03,259.4517517089844
2018-10-04,257.4238586425781
2018-10-05,255.98313903808594
2018-10-08,255.98313903808594
2018-10-09,255.6095733642578
2018-10-10,247.51612854003906
2018-10-11,242.06423950195312
2018-10-12,245.4260711669922
2018-10-15,244.04750061035156
2018-10-16,249.38385009765625
2018-10-17,249.42825317382812
2018-10-18,245.82630920410156
2018-10-19,245.69300842285156
2018-10-22,244.590087890625
2018-10-23,243.3449249267578
2018-10-24,235.971923828125
2018-10-25,240.2053680419922
2018-10-26,235.98081970214844
2018-10-29,234.67340087890625
2018-10-30,238.15089416503906
2018-10-31,240.69454956054688
2018-11-01,243.25592041015625
2018-11-02,241.81515502929688
2018-11-05,243.14930725097656
2018-11-06,244.68788146972656
2018-11-07,249.9264373779297
2018-11-08,249.4728240966797
2018-11-09,247.03585815429688
2018-11-12,242.4199981689453
2018-11-13,241.96632385253906
2018-11-14,240.31214904785156
2018-11-15,242.82025146484375
2018-11-16,243.4517059326172
2018-11-19,239.3338165283203
2018-11-20,234.90464782714844
2018-11-21,235.705078125
2018-11-23,234.13088989257812
2018-11-26,237.9107666015625
2018-11-27,238.7113037109375
2018-11-28,244.2075958251953
2018-11-29,243.67396545410156
2018-11-30,245.1592559814453
2018-12-03,248.40545654296875
2018-12-04,240.35658264160156
2018-12-06,239.99197387695312
2018-12-07,234.41546630859375
2018-12-10,234.86021423339844
2018-12-11,234.91355895996094
2018-12-12,236.09640502929688
2018-12-13,236.01638793945312
2018-12-14,231.65835571289062
2018-12-17,227.1136016845703
2018-12-18,226.8645782470703
2018-12-19,223.46710205078125
2018-12-20,219.82955932617188
2018-12-21,215.32537841796875
2018-12-24,209.63580322265625
2018-12-26,220.22764587402344
2018-12-27,221.9184112548828
2018-12-28,221.63209533691406
2018-12-31,223.5733642578125
2019-01-02,223.8059539794922
2019-01-03,218.46533203125
2019-01-04,225.78298950195312
2019-01-07,227.56317138671875
2019-01-08,229.70123291015625
2019-01-09,230.77474975585938
2019-01-10,231.58880615234375
2019-01-11,231.67825317382812
2019-01-14,230.26486206054688
2019-01-15,232.9038543701172
2019-01-16,233.4674072265625
2019-01-17,235.23870849609375
2019-01-18,238.3697509765625
2019-01-22,235.14920043945312
2019-01-23,235.64120483398438
2019-01-24,235.76644897460938
2019-01-25,237.76138305664062
2019-01-28,235.95436096191406
2019-01-29,235.64120483398438
2019-01-30,239.37164306640625
2019-01-31,241.47389221191406
2019-02-01,241.5902557373047
2019-02-04,243.28988647460938
2019-02-05,244.3097381591797
2019-02-06,243.98764038085938
2019-02-07,241.6617431640625
2019-02-08,241.95697021484375
2019-02-11,242.0911407470703
2019-02-12,245.2042694091797
2019-02-13,246.0004425048828
2019-02-14,245.45481872558594
2019-02-15,248.1295928955078
2019-02-19,248.5589599609375
2019-02-20,249.05990600585938
2019-02-21,248.17431640625
2019-02-22,249.71295166015625
2019-02-25,250.052978515625
2019-02-26,249.87403869628906
2019-02-27,249.76663208007812
2019-02-28,249.3014373779297
2019-03-01,250.85804748535156
2019-03-04,249.945556640625
2019-03-05,249.60569763183594
2019-03-06,248.09375
2019-03-07,246.01841735839844
2019-03-08,245.52627563476562
2019-03-11,249.08676147460938
2019-03-12,250.02610778808594
2019-03-13,251.6810760498047
2019-03-14,251.52005004882812
2019-03-15,252.7626190185547
2019-03-18,253.6791534423828
2019-03-19,253.74200439453125
2019-03-20,252.978271484375
2019-03-21,255.8355712890625
2019-03-22,250.9117431640625
2019-03-25,250.72308349609375
2019-03-26,252.59194946289062
2019-03-27,251.27113342285156
2019-03-28,252.2236328125
2019-03-29,253.81394958496094
2019-04-01,256.823974609375
2019-04-02,256.9497985839844
2019-04-03,257.35406494140625
2019-04-04,258.0369567871094
2019-04-05,259.2859802246094
2019-04-08,259.4837341308594
2019-04-09,258.15374755859375
2019-04-10,259.03436279296875
2019-04-11,258.9625549316406
2019-04-12,260.71453857421875
2019-04-15,260.5438232421875
2019-04-16,260.71453857421875
2019-04-17,260.0766296386719
2019-04-18,260.5887756347656
2019-04-22,260.8134765625
2019-04-23,263.1585693359375
2019-04-24,262.5745544433594
2019-04-25,262.4127502441406
2019-04-26,263.6346740722656
2019-04-29,264.04815673828125
2019-04-30,264.18292236328125
2019-05-01,262.1971435546875
2019-05-02,261.6309814453125
2019-05-03,264.19183349609375
2019-05-06,263.104736328125
2019-05-07,258.7109375
2019-05-08,258.3513488769531
2019-05-09,257.56982421875
2019-05-10,258.8636779785156
2019-05-13,252.3583984375
2019-05-14,254.64064025878906
2019-05-15,256.1321105957031
2019-05-16,258.50421142578125
2019-05-17,256.8329772949219
2019-05-20,255.13473510742188
2019-05-21,257.43505859375
2019-05-22,256.6442565917969
2019-05-23,253.5084991455078
2019-05-24,254.08352661132812
2019-05-28,251.72047424316406
2019-05-29,250.0311737060547
2019-05-30,250.714111328125
2019-05-31,247.33563232421875
2019-06-03,246.7067108154297
2019-06-04,252.06182861328125
2019-06-05,254.24525451660156
2019-06-06,255.89852905273438
2019-06-07,258.4593811035156
2019-06-10,259.6453857421875
2019-06-11,259.5824279785156
2019-06-12,259.12432861328125
2019-06-13,260.1934509277344
2019-06-14,259.90594482421875
2019-06-17,260.00482177734375
2019-06-18,262.727294921875
2019-06-19,263.32025146484375
2019-06-20,265.8360900878906
2019-06-21,265.44976806640625
2019-06-24,265.12469482421875
2019-06-25,262.52435302734375
2019-06-26,262.2625427246094
2019-06-27,263.19244384765625
2019-06-28,264.5468444824219
2019-07-01,266.9485778808594
2019-07-02,267.6437072753906
2019-07-03,269.7836608886719
2019-07-05,269.4766845703125
2019-07-08,267.9958801269531
2019-07-09,268.3299255371094
2019-07-10,269.61199951171875
2019-07-11,270.24407958984375
2019-07-12,271.4539489746094
2019-07-15,271.5443115234375
2019-07-16,270.66845703125
2019-07-17,268.8265686035156
2019-07-18,269.81072998046875
2019-07-19,268.31182861328125
2019-07-22,268.97100830078125
2019-07-23,270.8941955566406
2019-07-24,272.16729736328125
2019-07-25,270.8670959472656
2019-07-26,272.6819152832031
2019-07-29,272.185302734375
2019-07-30,271.51715087890625
2019-07-31,268.5466003417969
2019-08-01,266.2081604003906
2019-08-02,264.2037048339844
2019-08-05,256.2583312988281
2019-08-06,259.8518371582031
2019-08-07,260.0053405761719
2019-08-08,265.106689453125
2019-08-09,263.30084228515625
2019-08-12,260.0956115722656
2019-08-13,264.1405334472656
2019-08-14,256.33062744140625
2019-08-15,257.0076599121094
2019-08-16,260.7997741699219
2019-08-19,263.9419250488281
2019-08-20,261.9194641113281
2019-08-21,264.0502014160156
2019-08-22,263.9689636230469
2019-08-23,257.18829345703125
2019-08-26,260.0323791503906
2019-08-27,259.0121154785156
2019-08-28,260.8359680175781
2019-08-29,264.16766357421875
2019-08-30,264.0502014160156
2019-09-03,262.5062561035156
2019-09-04,265.48590087890625
2019-09-05,268.8988037109375
2019-09-06,269.1063537597656
2019-09-09,269.2418212890625
2019-09-10,269.17864990234375
2019-09-11,271.0927429199219
2019-09-12,272.0317077636719
2019-09-13,271.8512268066406
2019-09-16,271.0115661621094
2019-09-17,271.69775390625
2019-09-18,271.8602294921875
2019-09-19,271.84222412109375
2019-09-20,270.5577392578125
2019-09-23,270.4942932128906
2019-09-24,268.3717346191406
2019-09-25,269.95904541015625
2019-09-26,269.39678955078125
2019-09-27,267.9454345703125
2019-09-30,269.18817138671875
2019-10-01,265.9861755371094
2019-10-02,261.2876281738281
2019-10-03,263.42828369140625
2019-10-04,266.99298095703125
2019-10-07,265.84112548828125
2019-10-08,261.71392822265625
2019-10-09,264.19927978515625
2019-10-10,265.9861755371094
2019-10-11,268.7437744140625
2019-10-14,268.4443664550781
2019-10-15,271.1020202636719
2019-10-16,270.6666259765625
2019-10-17,271.4648742675781
2019-10-18,270.27655029296875
2019-10-21,272.10882568359375
2019-10-22,271.219970703125
2019-10-23,272.0090637207031
2019-10-24,272.45355224609375
2019-10-25,273.5692138671875
2019-10-28,275.1112060546875
2019-10-29,275.0296325683594
2019-10-30,275.8732604980469
2019-10-31,275.13836669921875
2019-11-01,277.6872253417969
2019-11-04,278.8029479980469
2019-11-05,278.49456787109375
2019-11-06,278.5579833984375
2019-11-07,279.5376281738281
2019-11-08,280.22711181640625
2019-11-11,279.69189453125
2019-11-12,280.28143310546875
2019-11-13,280.37225341796875
2019-11-14,280.7803649902344
2019-11-15,282.812255859375
2019-11-18,283.0208435058594
2019-11-19,282.9391174316406
2019-11-20,281.8868408203125
2019-11-21,281.4334411621094
2019-11-22,282.0592956542969
2019-11-25,284.2452087402344
2019-11-26,284.8893127441406
2019-11-27,286.15924072265625
2019-11-29,285.097900390625
2019-12-02,282.6760559082031
2019-12-03,280.7803649902344
2019-12-04,282.5128173828125
2019-12-05,283.0208435058594
2019-12-06,285.6058349609375
2019-12-09,284.7079772949219
2019-12-10,284.390380859375
2019-12-11,285.19775390625
2019-12-12,287.6559143066406
2019-12-13,287.82818603515625
2019-12-16,289.8055419921875
2019-12-17,289.869140625
2019-12-18,289.8872375488281
2019-12-19,291.0755310058594
2019-12-20,292.35162353515625
2019-12-23,292.7982482910156
2019-12-24,292.8072814941406
2019-12-26,294.36614990234375
2019-12-27,294.2930908203125
2019-12-30,292.67059326171875
2019-12-31,293.3816223144531
2020-01-02,296.125244140625
2020-01-03,293.8830261230469
2020-01-06,295.0041198730469
2020-01-07,294.1746520996094
2020-01-08,295.7424621582031
2020-01-09,297.7477722167969
2020-01-10,296.8909606933594
2020-01-13,298.9328308105469
2020-01-14,298.47705078125
2020-01-15,299.1515808105469
2020-01-16,301.63995361328125
2020-01-17,302.5788879394531
2020-01-21,301.986328125
2020-01-22,302.0228271484375
2020-01-23,302.369140625
2020-01-24,299.6802673339844
2020-01-27,294.87652587890625
2020-01-28,297.9666442871094
2020-01-29,297.7204284667969
2020-01-30,298.6866455078125
2020-01-31,293.2630615234375
2020-02-03,295.441650390625
2020-02-04,299.94451904296875
2020-02-05,303.4082946777344
2020-02-06,304.42919921875
2020-02-07,302.8067626953125
2020-02-10,305.06732177734375
2020-02-11,305.59600830078125
2020-02-12,307.56488037109375
2020-02-13,307.2366943359375
2020-02-14,307.7289123535156
2020-02-18,306.93597412109375
2020-02-19,308.4034423828125
2020-02-20,307.13641357421875
2020-02-21,303.9734802246094
2020-02-24,293.8921203613281
2020-02-25,284.98651123046875
2020-02-26,283.93829345703125
2020-02-27,271.18609619140625
2020-02-28,270.04681396484375
2020-03-02,281.7415771484375
2020-03-03,273.6745300292969
2020-03-04,285.1778869628906
2020-03-05,275.6981506347656
2020-03-06,271.14044189453125
2020-03-09,249.9659881591797
2020-03-10,262.9004211425781
2020-03-11,250.08448791503906
2020-03-12,226.1570587158203
2020-03-13,245.4903564453125
2020-03-16,218.62789916992188
2020-03-17,230.43212890625
2020-03-18,218.7646484375
2020-03-19,219.2294921875
2020-03-20,209.78195190429688
2020-03-23,204.4182586669922
2020-03-24,222.939208984375
2020-03-25,226.2766571044922
2020-03-26,239.48892211914062
2020-03-27,232.3555908203125
2020-03-30,239.90147399902344
2020-03-31,236.32568359375
2020-04-01,225.68983459472656
2020-04-02,230.89773559570312
2020-04-03,227.56028747558594
2020-04-06,242.84469604492188
2020-04-07,243.09222412109375
2020-04-08,251.25245666503906
2020-04-09,255.0758819580078
2020-04-13,252.74688720703125
2020-04-14,260.2011413574219
2020-04-15,254.67236328125
2020-04-16,255.90110778808594
2020-04-17,262.8143615722656
2020-04-20,258.18408203125
2020-04-21,250.34475708007812
2020-04-22,255.90110778808594
2020-04-23,255.88262939453125
2020-04-24,259.4493713378906
2020-04-27,263.190185546875
2020-04-28,261.9799499511719
2020-04-29,268.83819580078125
2020-04-30,266.33514404296875
2020-05-01,259.2843017578125
2020-05-04,259.99951171875
2020-05-05,262.4017333984375
2020-05-06,260.62298583984375
2020-05-07,263.767822265625
2020-05-08,268.1322021484375
2020-05-11,268.18719482421875
2020-05-12,262.84185791015625
2020-05-13,258.1933288574219
2020-05-14,261.2831115722656
2020-05-15,262.4841613769531
2020-05-18,270.47943115234375
2020-05-19,267.7012634277344
2020-05-20,272.2490539550781
2020-05-21,270.3693542480469
2020-05-22,270.8828125
2020-05-26,274.22021484375
2020-05-27,278.3003845214844
2020-05-28,277.7869567871094
2020-05-29,279.02471923828125
2020-06-01,280.1524963378906
2020-06-02,282.4721984863281
2020-06-03,286.2314147949219
2020-06-04,285.47955322265625
2020-06-05,292.7961120605469
2020-06-08,296.3354187011719
2020-06-09,294.125732421875
2020-06-10,292.4844970703125
2020-06-11,275.6231384277344
2020-06-12,278.923828125
2020-06-15,281.52783203125
2020-06-16,286.9465637207031
2020-06-17,285.754638671875
2020-06-18,285.8645935058594
2020-06-19,284.2309875488281
2020-06-22,286.0542907714844
2020-06-23,287.3712158203125
2020-06-24,280.0407409667969
2020-06-25,283.04302978515625
2020-06-26,276.3202209472656
2020-06-29,280.3815002441406
2020-06-30,283.97308349609375
2020-07-01,285.9622802734375
2020-07-02,287.53704833984375
2020-07-06,291.9757995605469
2020-07-07,288.9644775390625
2020-07-08,291.1746826171875
2020-07-09,289.51690673828125
2020-07-10,292.4731140136719
2020-07-13,289.9405822753906
2020-07-14,293.69793701171875
2020-07-15,296.39617919921875
2020-07-16,295.4200439453125
2020-07-17,296.27655029296875
2020-07-20,298.67083740234375
2020-07-21,299.30633544921875
2020-07-22,301.00994873046875
2020-07-23,297.4184875488281
2020-07-24,295.5028991699219
2020-07-27,297.6578369140625
2020-07-28,295.76995849609375
2020-07-29,299.4075622558594
2020-07-30,298.33929443359375
2020-07-31,300.6968078613281
2020-08-03,302.787353515625
2020-08-04,303.9569396972656
2020-08-05,305.84478759765625
2020-08-06,307.8892517089844
2020-08-07,308.1102600097656
2020-08-10,309.0311584472656
2020-08-11,306.4802551269531
2020-08-12,310.7532958984375
2020-08-13,310.1914978027344
2020-08-14,310.2007141113281
2020-08-17,311.1861267089844
2020-08-18,311.8583984375
2020-08-19,310.55987548828125
2020-08-20,311.5268859863281
2020-08-21,312.6319274902344
2020-08-24,315.7999572753906
2020-08-25,316.9049987792969
2020-08-26,320.0821228027344
2020-08-27,320.7820129394531
2020-08-28,322.8539733886719
2020-08-31,321.6845397949219
2020-09-01,324.71429443359375
2020-09-02,329.4110412597656
2020-09-03,318.0745849609375
2020-09-04,315.4774475097656
2020-09-08,306.8578186035156
2020-09-09,312.9174499511719
2020-09-10,307.48406982421875
2020-09-11,307.6405944824219
2020-09-14,311.6925048828125
2020-09-15,313.2674255371094
2020-09-16,312.0241394042969
2020-09-17,309.27984619140625
2020-09-18,305.71917724609375
2020-09-21,302.31658935546875
2020-09-22,305.3955383300781
2020-09-23,298.3131408691406
2020-09-24,299.1082458496094
2020-09-25,303.9438781738281
2020-09-28,308.9923095703125
2020-09-29,307.3095397949219
2020-09-30,309.6395263671875
2020-10-01,311.6273498535156
2020-10-02,308.668701171875
2020-10-05,314.1423034667969
2020-10-06,309.67645263671875
2020-10-07,315.06689453125
2020-10-08,317.859130859375
2020-10-09,320.6977233886719
2020-10-12,325.8569641113281
2020-10-13,323.7303771972656
2020-10-14,321.6961975097656
2020-10-15,321.2987060546875
2020-10-16,321.10455322265625
2020-10-19,316.2226257324219
2020-10-20,317.48931884765625
2020-10-21,316.88836669921875
2020-10-22,318.62652587890625
2020-10-23,319.7084045410156
2020-10-26,313.8001708984375
2020-10-27,312.7183837890625
2020-10-28,302.0300598144531
2020-10-29,305.099609375
2020-10-30,301.91900634765625
2020-11-02,305.30316162109375
2020-11-03,310.6935119628906
2020-11-04,317.6373291015625
2020-11-05,323.8321533203125
2020-11-06,323.7581481933594
2020-11-09,327.826416015625
2020-11-10,327.3455810546875
2020-11-11,329.77728271484375
2020-11-12,326.5781555175781
2020-11-13,331.09954833984375
2020-11-16,335.2324523925781
2020-11-17,333.4294738769531
2020-11-18,329.4166259765625
2020-11-19,330.8035583496094
2020-11-20,328.53826904296875
2020-11-23,330.5076599121094
2020-11-24,335.8334045410156
2020-11-25,335.3157043457031
2020-11-27,336.2495422363281
2020-11-30,334.76092529296875
2020-12-01,338.4222412109375
2020-12-02,339.13427734375
2020-12-03,339.041748046875
2020-12-04,341.96356201171875
2020-12-07,341.2608337402344
2020-12-08,342.25933837890625
2020-12-09,339.18975830078125
2020-12-10,339.0787658691406
2020-12-11,338.6811218261719
2020-12-14,337.16485595703125
2020-12-15,341.7231140136719
2020-12-16,342.25933837890625
2020-12-17,344.17327880859375
2020-12-18,342.7990417480469
2020-12-21,341.57330322265625
2020-12-22,340.9976806640625
2020-12-23,341.30413818359375
2020-12-24,342.63189697265625
2020-12-28,345.575439453125
2020-12-29,344.9161682128906
2020-12-30,345.4082336425781
2020-12-31,347.16326904296875
2021-01-04,342.4369201660156
2021-01-05,344.79534912109375
2021-01-06,346.85675048828125
2021-01-07,352.0102233886719
2021-01-08,354.0158386230469
2021-01-11,351.6295166015625
2021-01-12,351.7038269042969
2021-01-13,352.6509704589844
2021-01-14,351.4159851074219
2021-01-15,348.85321044921875
2021-01-19,351.59228515625
2021-01-20,356.4578857421875
2021-01-21,356.78289794921875
2021-01-22,355.52008056640625
2021-01-25,356.9222106933594
2021-01-26,356.3651123046875
2021-01-27,347.6553955078125
2021-01-28,350.645263671875
2021-01-29,343.62548828125
2021-02-01,349.3453063964844
2021-02-02,354.2851257324219
2021-02-03,354.563720703125
2021-02-04,358.593505859375
2021-02-05,360.0048828125
2021-02-08,362.6049499511719
2021-02-09,362.36346435546875
2021-02-10,362.2055358886719
2021-02-11,362.7905578613281
2021-02-12,364.5826110839844
2021-02-16,364.2669677734375
2021-02-17,364.3505859375
2021-02-18,362.7998046875
2021-02-19,362.1591491699219
2021-02-22,359.3735046386719
2021-02-23,359.8099060058594
2021-02-24,363.7748107910156
2021-02-25,355.0093994140625
2021-02-26,353.18017578125
2021-03-01,361.74127197265625
2021-03-02,358.9184875488281
2021-03-03,354.1644287109375
2021-03-04,349.7817077636719
2021-03-05,356.2164306640625
2021-03-08,354.4429626464844
2021-03-09,359.5035400390625
2021-03-10,361.74127197265625
2021-03-11,365.4090270996094
2021-03-12,365.90118408203125
2021-03-15,368.083251953125
2021-03-16,367.6190490722656
2021-03-17,368.87249755859375
2021-03-18,363.505615234375
2021-03-19,362.83294677734375
2021-03-22,365.7301940917969
2021-03-23,362.8515930175781
2021-03-24,361.0070495605469
2021-03-25,363.03790283203125
2021-03-26,368.88824462890625
2021-03-29,368.7019348144531
2021-03-30,367.72381591796875
2021-03-31,369.2142028808594
2021-04-01,373.201416015625
2021-04-05,378.5580749511719
2021-04-06,378.3345031738281
2021-04-07,378.77227783203125
2021-04-08,380.57025146484375
2021-04-09,383.33709716796875
2021-04-12,383.47686767578125
2021-04-13,384.6133728027344
2021-04-14,383.29986572265625
2021-04-15,387.41741943359375
2021-04-16,388.7123718261719
2021-04-19,386.8025817871094
2021-04-20,383.97064208984375
2021-04-21,387.6037292480469
2021-04-22,384.0636901855469
2021-04-23,388.2278137207031
2021-04-26,389.0382995605469
2021-04-27,388.95452880859375
2021-04-28,388.8427429199219
2021-04-29,391.3207702636719
2021-04-30,388.74957275390625
2021-05-03,389.5879821777344
2021-05-04,387.1845397949219
2021-05-05,387.3056335449219
2021-05-06,390.3985290527344
2021-05-07,393.23980712890625
2021-05-10,389.3457336425781
2021-05-11,385.87091064453125
2021-05-12,377.6730651855469
2021-05-13,382.2098083496094
2021-05-14,388.078857421875
2021-05-17,387.0913391113281
2021-05-18,383.7563171386719
2021-05-19,382.75018310546875
2021-05-20,386.8677673339844
2021-05-21,386.5511169433594
2021-05-24,390.4916076660156
2021-05-25,389.625244140625
2021-05-26,390.3985290527344
2021-05-27,390.6034851074219
2021-05-28,391.3020935058594
2021-06-01,390.9574890136719
2021-06-02,391.5722961425781
2021-06-03,390.1190490722656
2021-06-04,393.6869201660156
2021-06-07,393.3050842285156
2021-06-08,393.3888244628906
2021-06-09,392.8019714355469
2021-06-10,394.6278076171875
2021-06-11,395.2798767089844
2021-06-14,396.1650085449219
2021-06-15,395.4384460449219
2021-06-16,393.23046875
2021-06-17,393.10009765625
2021-06-18,387.79705810546875
2021-06-21,393.34869384765625
2021-06-22,395.45159912109375
2021-06-23,394.9749755859375
2021-06-24,397.3115539550781
2021-06-25,398.7227783203125
2021-06-28,399.5265808105469
2021-06-29,399.7416076660156
2021-06-30,400.07806396484375
2021-07-01,402.2930908203125
2021-07-02,405.3680419921875
2021-07-06,404.6296691894531
2021-07-07,406.0596008300781
2021-07-08,402.7510681152344
2021-07-09,407.0503845214844
2021-07-12,408.50836181640625
2021-07-13,407.1158142089844
2021-07-14,407.72332763671875
2021-07-15,406.3306884765625
2021-07-16,403.14361572265625
2021-07-19,397.1900939941406
2021-07-20,402.88189697265625
2021-07-21,406.1437683105469
2021-07-22,406.99432373046875
2021-07-23,411.1815185546875
2021-07-26,412.1908264160156
2021-07-27,410.312255859375
2021-07-28,410.1439514160156
2021-07-29,411.8450622558594
2021-07-30,409.84490966796875
2021-08-02,408.9850158691406
2021-08-03,412.3123779296875
2021-08-04,410.2841796875
2021-08-05,412.8825378417969
2021-08-06,413.5647277832031
2021-08-09,413.228271484375
2021-08-10,413.7423400878906
2021-08-11,414.7703552246094
2021-08-12,416.0133972167969
2021-08-13,416.7705993652344
2021-08-16,417.7519226074219
2021-08-17,415.013427734375
2021-08-18,410.47113037109375
2021-08-19,411.10662841796875
2021-08-20,414.3778381347656
2021-08-23,418.02301025390625
2021-08-24,418.68646240234375
2021-08-25,419.5650634765625
2021-08-26,417.08831787109375
2021-08-27,420.8175354003906
2021-08-30,422.6680603027344
2021-08-31,422.0419006347656
2021-09-01,422.2661437988281
2021-09-02,423.5653381347656
2021-09-03,423.46246337890625
2021-09-07,421.9483642578125
2021-09-08,421.43438720703125
2021-09-09,419.6304931640625
2021-09-10,416.3218994140625
2021-09-13,417.387451171875
2021-09-14,415.135009765625
2021-09-15,418.6023864746094
2021-09-16,417.93890380859375
2021-09-17,413.8676452636719
2021-09-20,406.96673583984375
2021-09-21,406.5823669433594
2021-09-22,410.54852294921875
2021-09-23,415.5365905761719
2021-09-24,416.22119140625
2021-09-27,415.0302734375
2021-09-28,406.6666259765625
2021-09-29,407.35113525390625
2021-09-30,402.37237548828125
2021-10-01,407.1542663574219
2021-10-04,401.90362548828125
2021-10-05,406.08538818359375
2021-10-06,407.7731018066406
2021-10-07,411.2984924316406
2021-10-08,410.54852294921875
2021-10-11,407.5762023925781
2021-10-12,406.572998046875
2021-10-13,408.03564453125
2021-10-14,414.8990173339844
2021-10-15,418.0589294433594
2021-10-18,419.2965087890625
2021-10-19,422.53131103515625
2021-10-20,424.19091796875
2021-10-21,425.2972717285156
2021-10-22,424.8566589355469
2021-10-25,427.1350402832031
2021-10-26,427.5194396972656
2021-10-27,425.6254577636719
2021-10-28,429.7322998046875
2021-10-29,430.6042785644531
2021-11-01,431.344970703125
2021-11-02,433.0889587402344
2021-11-03,435.7330627441406
2021-11-04,437.7864990234375
2021-11-05,439.3054504394531
2021-11-08,439.6804504394531
2021-11-09,438.2271423339844
2021-11-10,434.70172119140625
2021-11-11,434.84228515625
2021-11-12,438.1240234375
2021-11-15,438.2740478515625
2021-11-16,440.0086364746094
2021-11-17,438.939697265625
2021-11-18,440.43060302734375
2021-11-19,439.6429443359375
2021-11-22,438.4053955078125
2021-11-23,438.986572265625
2021-11-24,440.1586608886719
2021-11-26,430.341796875
2021-11-29,435.62060546875
2021-11-30,427.1444396972656
2021-12-01,422.4000549316406
2021-12-02,428.86968994140625
2021-12-03,425.137939453125
2021-12-06,430.1729736328125
2021-12-07,439.07098388671875
2021-12-08,440.233642578125
2021-12-09,437.2614440917969
2021-12-10,441.3775634765625
2021-12-13,437.46771240234375
2021-12-14,434.4579162597656
2021-12-15,441.2463684082031
2021-12-16,437.3551025390625
2021-12-17,432.7004089355469
2021-12-20,428.0993957519531
2021-12-21,435.7019958496094
2021-12-22,440.0583801269531
2021-12-23,442.79656982421875
2021-12-27,449.06298828125
2021-12-28,448.696044921875
2021-12-29,449.27008056640625
2021-12-30,448.02801513671875
2021-12-31,446.8989562988281
2022-01-03,449.4864196777344
2022-01-04,449.3359069824219
2022-01-05,440.7076721191406
2022-01-06,440.29364013671875
2022-01-07,438.552978515625
2022-01-10,438.0072021484375
2022-01-11,441.9967041015625
2022-01-12,443.19171142578125
2022-01-13,437.0851135253906
2022-01-14,437.263916015625
2022-01-18,429.5201721191406
2022-01-19,425.0602722167969
2022-01-20,420.3555908203125
2022-01-21,412.103759765625
2022-01-24,413.8538513183594
2022-01-25,408.80108642578125
2022-01-26,407.7755126953125
2022-01-27,405.7619934082031
2022-01-28,415.83917236328125
2022-01-31,423.3288879394531
2022-02-01,426.1893310546875
2022-02-02,430.329345703125
2022-02-03,420.2144470214844
2022-02-04,422.1903381347656
2022-02-07,420.8354797363281
2022-02-08,424.29803466796875
2022-02-09,430.5081481933594
2022-02-10,422.7737731933594
2022-02-11,414.43719482421875
2022-02-14,413.0822448730469
2022-02-15,419.7439880371094
2022-02-16,420.2144470214844
2022-02-17,411.23809814453125
2022-02-18,408.5753479003906
2022-02-22,404.19061279296875
2022-02-23,397.0207824707031
2022-02-24,402.9956359863281
2022-02-25,411.8873291015625
2022-02-28,410.83355712890625
2022-03-01,404.57635498046875
2022-03-02,412.0190734863281
2022-03-03,409.9678649902344
2022-03-04,406.6370544433594
2022-03-07,394.6497497558594
2022-03-08,391.6575622558594
2022-03-09,402.1583251953125
2022-03-10,400.3422546386719
2022-03-11,395.25189208984375
2022-03-14,392.3633117675781
2022-03-15,400.99151611328125
2022-03-16,409.8832092285156
2022-03-17,415.01116943359375
2022-03-18,419.5566711425781
2022-03-21,419.43408203125
2022-03-22,424.34197998046875
2022-03-23,418.8771667480469
2022-03-24,425.1914978027344
2022-03-25,427.26788330078125
2022-03-28,430.3070983886719
2022-03-29,435.63031005859375
2022-03-30,432.9404602050781
2022-03-31,426.2769470214844
2022-04-01,427.4849853515625
2022-04-04,431.1471252441406
2022-04-05,425.7011413574219
2022-04-06,421.44439697265625
2022-04-07,423.5680847167969
2022-04-08,422.4354553222656
2022-04-11,415.21502685546875
2022-04-12,413.6766052246094
2022-04-13,418.4147033691406
2022-04-14,413.2046203613281
2022-04-18,413.3746032714844
2022-04-19,420.04754638671875
2022-04-20,419.736083984375
2022-04-21,413.4595031738281
2022-04-22,402.11444091796875
2022-04-25,404.4458923339844
2022-04-26,392.7327575683594
2022-04-27,393.8369445800781
2022-04-28,403.7851257324219
2022-04-29,388.8630065917969
2022-05-02,391.2037658691406
2022-05-03,392.99700927734375
2022-05-04,404.9648742675781
2022-05-05,390.5712890625
2022-05-06,388.24005126953125
2022-05-09,375.8096923828125
2022-05-10,376.6779479980469
2022-05-11,370.69403076171875
2022-05-12,370.3070068359375
2022-05-13,379.1602478027344
2022-05-16,377.6217956542969
2022-05-17,385.3896484375
2022-05-18,369.8539733886719
2022-05-19,367.5887756347656
2022-05-20,367.7492370605469
2022-05-23,374.6298522949219
2022-05-24,371.77008056640625
2022-05-25,375.0545959472656
2022-05-26,382.54864501953125
2022-05-27,391.93988037109375
2022-05-31,389.74072265625
2022-06-01,386.58837890625
2022-06-02,393.9502868652344
2022-06-03,387.4849548339844
2022-06-06,388.6647033691406
2022-06-07,392.3929138183594
2022-06-08,388.1268005371094
2022-06-09,378.8959655761719
2022-06-10,367.9096374511719
2022-06-13,353.9408264160156
2022-06-14,352.8742370605469
2022-06-15,357.9049987792969
2022-06-16,346.0597229003906
2022-06-17,346.8057861328125
2022-06-21,355.5360412597656
2022-06-22,354.8914794921875
2022-06-23,358.37030029296875
2022-06-24,369.7643127441406
2022-06-27,368.3519287109375
2022-06-28,360.8254699707031
2022-06-29,360.5316467285156
2022-06-30,357.6025695800781
2022-07-01,361.38470458984375
2022-07-05,362.0672912597656
2022-07-06,363.2900390625
2022-07-07,368.7310485839844
2022-07-08,368.4277648925781
2022-07-11,364.21905517578125
2022-07-12,360.99609375
2022-07-13,359.1002502441406
2022-07-14,358.2281494140625
2022-07-15,365.0721740722656
2022-07-18,362.0578308105469
2022-07-19,371.84033203125
2022-07-20,374.2100830078125
2022-07-21,378.02069091796875
2022-07-22,374.513427734375
2022-07-25,374.96844482421875
2022-07-26,370.5322265625
2022-07-27,380.1535949707031
2022-07-28,384.9216003417969
2022-07-29,390.53326416015625
2022-08-01,389.3768005371094
2022-08-02,386.80792236328125
2022-08-03,392.8651428222656
2022-08-04,392.5997314453125
2022-08-05,391.93621826171875
2022-08-08,391.4811706542969
2022-08-09,389.9265441894531
2022-08-10,398.1165771484375
2022-08-11,398.1165771484375
2022-08-12,404.8563537597656
2022-08-15,406.524658203125
2022-08-16,407.3208923339844
2022-08-17,404.42974853515625
2022-08-18,405.6051330566406
2022-08-19,400.1546325683594
2022-08-22,391.82244873046875
2022-08-23,390.87451171875
2022-08-24,392.12579345703125
2022-08-25,397.6616516113281
2022-08-26,384.2011413574219
2022-08-29,381.6607360839844
2022-08-30,377.470947265625
2022-08-31,374.5987854003906
2022-09-01,375.7741394042969
2022-09-02,371.81182861328125
2022-09-06,370.408935546875
2022-09-07,377.0633544921875
2022-09-08,379.5279235839844
2022-09-09,385.4239807128906
2022-09-12,389.5663757324219
2022-09-13,372.6270446777344
2022-09-14,374.0489501953125
2022-09-15,369.8022155761719
2022-09-16,366.9810791015625
2022-09-19,369.8270263671875
2022-09-20,365.5819091796875
2022-09-21,359.20477294921875
2022-09-22,356.1875
2022-09-23,350.21966552734375
2022-09-26,346.7550354003906
2022-09-27,345.869873046875
2022-09-28,352.67535400390625
2022-09-29,345.308349609375
2022-09-30,339.9686584472656
2022-10-03,348.9442443847656
2022-10-04,359.7568054199219
2022-10-05,358.9192199707031
2022-10-06,355.2166748046875
2022-10-07,345.308349609375
2022-10-10,342.6717529296875
2022-10-11,340.50164794921875
2022-10-12,339.37847900390625
2022-10-13,348.3351135253906
2022-10-14,340.3968811035156
2022-10-17,349.14410400390625
2022-10-18,353.2463684082031
2022-10-19,350.7431640625
2022-10-20,347.80206298828125
2022-10-21,356.254150390625
2022-10-24,360.6134948730469
2022-10-25,366.3719482421875
2022-10-26,363.6116943359375
2022-10-27,361.66998291015625
2022-10-28,370.27435302734375
2022-10-31,367.59979248046875
2022-11-01,365.9912414550781
2022-11-02,356.8061828613281
2022-11-03,353.1322326660156
2022-11-04,358.21490478515625
2022-11-07,361.6414489746094
2022-11-08,363.5926208496094
2022-11-09,356.10186767578125
2022-11-10,375.6711730957031
2022-11-11,379.3070983886719
2022-11-14,376.0804748535156
2022-11-15,379.2880554199219
2022-11-16,376.39453125
2022-11-17,375.2428283691406
2022-11-18,376.94659423828125
2022-11-21,375.5759582519531
2022-11-22,380.6300964355469
2022-11-23,383.0286865234375
2022-11-25,382.94293212890625
2022-11-28,376.83233642578125
2022-11-29,376.1851806640625
2022-11-30,388.03515625
2022-12-01,387.7496643066406
2022-12-02,387.3023376464844
2022-12-05,380.33502197265625
2022-12-06,374.8525695800781
2022-12-07,374.2149658203125
2022-12-08,377.146484375
2022-12-09,374.3291015625
2022-12-12,379.72589111328125
2022-12-13,382.6003723144531
2022-12-14,380.1541748046875
2022-12-15,370.8549499511719
2022-12-16,366.4765930175781
2022-12-19,363.36907958984375
2022-12-20,363.8662109375
2022-12-21,369.3068542480469
2022-12-22,364.038330078125
2022-12-23,366.13238525390625
2022-12-27,364.6885681152344
2022-12-28,360.15618896484375
2022-12-29,366.6391906738281
2022-12-30,365.67340087890625
2023-01-03,364.13397216796875
2023-01-04,366.94512939453125
2023-01-05,362.75701904296875
2023-01-06,371.0758056640625
2023-01-09,370.865478515625
2023-01-10,373.4662780761719
2023-01-11,378.18988037109375
2023-01-12,379.5667419433594
2023-01-13,381.039306640625
2023-01-17,380.3412780761719
2023-01-18,374.3364562988281
2023-01-19,371.611328125
2023-01-20,378.53411865234375
2023-01-23,383.0759582519531
2023-01-24,382.6648254394531
2023-01-25,382.8082275390625
2023-01-26,387.01544189453125
2023-01-27,387.9046936035156
2023-01-30,383.0376892089844
2023-01-31,388.66961669921875
2023-02-01,392.80035400390625
2023-02-02,398.51837158203125
2023-02-03,394.28240966796875
2023-02-06,391.872802734375
2023-02-07,396.9980163574219
2023-02-08,392.656982421875
2023-02-09,389.2528991699219
2023-02-10,390.1613464355469
2023-02-13,394.7413635253906
2023-02-14,394.55975341796875
2023-02-15,395.8410339355469
2023-02-16,390.3907470703125
2023-02-17,389.41546630859375
2023-02-21,381.6033935546875
2023-02-22,381.0775451660156
2023-02-23,383.1047058105469
2023-02-24,379.0121765136719
2023-02-27,380.3030090332031
2023-02-28,378.89739990234375
2023-03-01,377.4440002441406
2023-03-02,380.3795471191406
2023-03-03,386.4799499511719
2023-03-06,386.74774169921875
2023-03-07,380.81939697265625
2023-03-08,381.4408874511719
2023-03-09,374.4034118652344
2023-03-10,369.0008850097656
2023-03-13,368.4749755859375
2023-03-14,374.5659484863281
2023-03-15,372.2232360839844
2023-03-16,378.7540283203125
2023-03-17,374.3253173828125
2023-03-20,377.9247131347656
2023-03-21,382.8870544433594
2023-03-22,376.3601989746094
2023-03-23,377.37762451171875
2023-03-24,379.8540344238281
2023-03-27,380.56427001953125
2023-03-28,379.7100524902344
2023-03-29,385.22906494140625
2023-03-30,387.4846496582031
2023-03-31,392.9461364746094
2023-04-03,394.44354248046875
2023-04-04,392.2550354003906
2023-04-05,391.22802734375
2023-04-06,392.7541198730469
2023-04-10,393.1572265625
2023-04-11,393.2628479003906
2023-04-12,391.6599426269531
2023-04-13,396.86224365234375
2023-04-14,395.8927917480469
2023-04-17,397.3133850097656
2023-04-18,397.572509765625
2023-04-19,397.5053405761719
2023-04-20,395.3360900878906
2023-04-21,395.64324951171875
2023-04-24,396.05596923828125
2023-04-25,389.76904296875
2023-04-26,388.1181640625
2023-04-27,395.8448486328125
2023-04-28,399.223388671875
2023-05-01,398.8203430175781
2023-05-02,394.337890625
2023-05-03,391.6311340332031
2023-05-04,388.85723876953125
2023-05-05,396.05596923828125
2023-05-08,396.1615905761719
2023-05-09,394.4242858886719
2023-05-10,396.26715087890625
2023-05-11,395.5760498046875
2023-05-12,395.05780029296875
2023-05-15,396.4207458496094
2023-05-16,393.77154541015625
2023-05-17,398.5515441894531
2023-05-18,402.3908996582031
2023-05-19,401.8053894042969
2023-05-22,401.96856689453125
2023-05-23,397.4573059082031
2023-05-24,394.5778503417969
2023-05-25,397.9948425292969
2023-05-26,403.14910888671875
2023-05-30,403.3026428222656
2023-05-31,401.06640625
2023-06-01,404.8768310546875
2023-06-02,410.7318420410156
2023-06-05,409.9447937011719
2023-06-06,410.83740234375
2023-06-07,409.4167785644531
2023-06-08,411.8932189941406
2023-06-09,412.63232421875
2023-06-12,416.3756408691406
2023-06-13,419.1207580566406
2023-06-14,419.6198425292969
2023-06-15,424.8222351074219
2023-06-16,423.3751525878906
2023-06-20,421.1785583496094
2023-06-21,419.0205993652344
2023-06-22,420.533203125
2023-06-23,417.3539123535156
2023-06-26,415.6486511230469
2023-06-27,420.20556640625
2023-06-28,420.41748046875
2023-06-29,422.07452392578125
2023-06-30,427.0553283691406
2023-07-03,427.5466613769531
2023-07-05,426.9108581542969
2023-07-06,423.56787109375
2023-07-07,422.49847412109375
2023-07-10,423.56787109375
2023-07-11,426.2653503417969
2023-07-12,429.6950988769531
2023-07-13,433.10546875
2023-07-14,432.835693359375
2023-07-17,434.338623046875
2023-07-18,437.56597900390625
2023-07-19,438.5390625
2023-07-20,435.6296081542969
2023-07-21,435.6296081542969
2023-07-24,437.5755615234375
2023-07-25,438.770263671875
2023-07-26,438.83770751953125
2023-07-27,435.9281921386719
2023-07-28,440.19610595703125
2023-07-31,441.0342712402344
2023-08-01,439.772216796875
2023-08-02,433.654541015625
2023-08-03,432.41180419921875
2023-08-04,430.45611572265625
2023-08-07,434.21337890625
2023-08-08,432.3250732421875
2023-08-09,429.4348449707031
2023-08-10,429.5890197753906
2023-08-11,429.3385925292969
2023-08-14,431.70855712890625
2023-08-15,426.67962646484375
2023-08-16,423.5486145019531
2023-08-17,420.3211975097656
2023-08-18,420.52349853515625
2023-08-21,423.259521484375
2023-08-22,422.1130676269531
2023-08-23,426.81451416015625
2023-08-24,420.8992919921875
2023-08-25,423.8664855957031
2023-08-28,426.55438232421875
2023-08-29,432.7201232910156
2023-08-30,434.5024108886719
2023-08-31,433.8665466308594
2023-09-01,434.67584228515625
2023-09-05,432.7971496582031
2023-09-06,429.8877868652344
2023-09-07,428.56793212890625
2023-09-08,429.21337890625
2023-09-11,432.0361022949219
2023-09-12,429.6661376953125
2023-09-13,430.1670837402344
2023-09-14,433.87615966796875
2023-09-15,428.6487121582031
2023-09-18,428.9000549316406
2023-09-19,428.0106201171875
2023-09-20,424.0757751464844
2023-09-21,417.0665283203125
2023-09-22,416.12872314453125
2023-09-25,417.8785705566406
2023-09-26,411.73944091796875
2023-09-27,411.9037780761719
2023-09-28,414.291748046875
2023-09-29,413.28631591796875
2023-10-02,413.1219482421875
2023-10-03,407.5919189453125
2023-10-04,410.5599670410156
2023-10-05,410.4052734375
2023-10-06,415.2779235839844
2023-10-09,417.9366149902344
2023-10-10,420.1119384765625
2023-10-11,421.83282470703125
2023-10-12,419.2610778808594
2023-10-13,417.1728210449219
2023-10-16,421.56207275390625
2023-10-17,421.5426940917969
2023-10-18,415.9256591796875
2023-10-19,412.2710876464844
2023-10-20,407.2051696777344
2023-10-23,406.49932861328125
2023-10-24,409.5641174316406
2023-10-25,403.68603515625
2023-10-26,398.8520812988281
2023-10-27,397.0440979003906
2023-10-30,401.79107666015625
2023-10-31,404.3144226074219
2023-11-01,408.6263122558594
2023-11-02,416.4574279785156
2023-11-03,420.2569274902344
2023-11-06,421.2237243652344
2023-11-07,422.4225158691406
2023-11-08,422.7319030761719
2023-11-09,419.43511962890625
2023-11-10,425.9803466796875
2023-11-13,425.5743408203125
2023-11-14,433.83074951171875
2023-11-15,434.74920654296875
2023-11-16,435.28094482421875
2023-11-17,435.8223876953125
2023-11-20,439.17718505859375
2023-11-21,438.2200012207031
2023-11-22,439.9118957519531
2023-11-24,440.1826477050781
2023-11-27,439.38983154296875
2023-11-28,439.8247985839844
2023-11-29,439.5155334472656
2023-11-30,441.24603271484375
2023-12-01,443.8564453125
2023-12-04,441.5264587402344
2023-12-05,441.4394836425781
2023-12-06,439.6605224609375
2023-12-07,443.01531982421875
2023-12-08,444.919921875
2023-12-11,446.6504821777344
2023-12-12,448.6903991699219
2023-12-13,454.8778991699219
2023-12-14,456.3377685546875
2023-12-15,455.5863952636719
2023-12-18,458.1491394042969
2023-12-19,460.9350891113281
2023-12-20,454.5478210449219
2023-12-21,458.85772705078125
2023-12-22,459.7799072265625
2023-12-26,461.7213439941406
2023-12-27,462.5561828613281
2023-12-28,462.7309265136719
2023-12-29,461.3913269042969
2024-01-02,458.8092041015625
2024-01-03,455.0622253417969
2024-01-04,453.596435546875
2024-01-05,454.21771240234375
2024-01-08,460.70208740234375
2024-01-09,460.003173828125
2024-01-10,462.604736328125
2024-01-11,462.4008483886719
2024-01-12,462.72119140625
2024-01-16,461.0224304199219
2024-01-17,458.4597473144531
2024-01-18,462.5367736816406
2024-01-19,468.3028259277344
2024-01-22,469.29296875
2024-01-23,470.6616516113281
2024-01-24,471.1761779785156
2024-01-25,473.7388610839844
2024-01-26,473.136962890625
2024-01-29,476.8840026855469
2024-01-30,476.5151062011719
2024-01-31,468.7396240234375
2024-02-01,474.8746337890625
2024-02-02,479.8737487792969
2024-02-05,478.12646484375
2024-02-06,479.5146484375
2024-02-07,483.5139465332031
2024-02-08,483.7275390625
2024-02-09,486.52313232421875
2024-02-12,486.3096618652344
2024-02-13,479.61163330078125
2024-02-14,483.97021484375
2024-02-15,487.3094787597656
2024-02-16,484.8826904296875
2024-02-20,482.2132263183594
2024-02-21,482.6499938964844
2024-02-22,492.6387023925781
2024-02-23,492.9784240722656
2024-02-26,491.1728820800781
2024-02-27,492.0853576660156
2024-02-28,491.4350280761719
2024-02-29,493.20166015625
2024-03-01,497.83197021484375
2024-03-04,497.29815673828125
2024-03-05,492.32806396484375
2024-03-06,494.82281494140625
2024-03-07,499.73468017578125
2024-03-08,496.735107421875
2024-03-11,496.3079833984375
2024-03-12,501.6469421386719
2024-03-13,500.86065673828125
2024-03-14,499.87054443359375
2024-03-15,496.4381408691406
2024-03-18,499.38848876953125
2024-03-19,502.16363525390625
2024-03-20,506.80841064453125
2024-03-21,508.4831848144531
2024-03-22,507.51922607421875
2024-03-25,506.1170654296875
2024-03-26,505.1822509765625
2024-03-27,509.4277038574219
2024-03-28,509.3304138183594
2024-04-01,508.4442443847656
2024-04-02,505.2114562988281
2024-04-03,505.7664489746094
2024-04-04,499.5930480957031
2024-04-05,504.8121643066406
2024-04-08,505.0945739746094
2024-04-09,505.6788635253906
2024-04-10,500.6153869628906
2024-04-11,504.39349365234375
2024-04-12,497.4313659667969
2024-04-15,491.1994934082031
2024-04-16,490.3035888671875
2024-04-17,487.4018859863281
2024-04-18,486.39898681640625
2024-04-19,482.1534729003906
2024-04-22,486.5937194824219
2024-04-23,492.367919921875
2024-04-24,492.13427734375
2024-04-25,490.2646484375
2024-04-26,494.90936279296875
2024-04-29,496.6620788574219
2024-04-30,488.79437255859375
2024-05-01,487.2071838378906
2024-05-02,491.7641906738281
2024-05-03,497.8597106933594
2024-05-06,503.0010681152344
2024-05-07,503.5561828613281
2024-05-08,503.604736328125
2024-05-09,506.50653076171875
2024-05-10,507.15899658203125
2024-05-13,507.22705078125
2024-05-14,509.5542297363281
2024-05-15,515.8641357421875
2024-05-16,514.8026123046875
2024-05-17,515.5427856445312
2024-05-20,516.13671875
2024-05-21,517.4026489257812
2024-05-22,515.912841796875
2024-05-23,512.1444091796875
2024-05-24,515.5330200195312
2024-05-28,515.893310546875
2024-05-29,512.2807006835938
2024-05-30,508.8824157714844
2024-05-31,513.5174560546875
2024-06-03,513.93603515625
2024-06-04,514.5106811523438
2024-06-05,520.625732421875
2024-06-06,520.6159057617188
2024-06-07,519.9829711914062
2024-06-10,521.5896606445312
2024-06-11,522.845703125
2024-06-12,527.1398315429688
2024-06-13,528.2012329101562
2024-06-14,528.5225830078125
2024-06-17,532.7291870117188
2024-06-18,534.0826416015625
2024-06-20,532.6317138671875
2024-06-21,531.9177856445312
2024-06-24,530.1886596679688
2024-06-25,532.2302856445312
2024-06-26,532.89453125
2024-06-27,533.7346801757812
2024-06-28,531.6343383789062
2024-07-01,532.728515625
2024-07-02,536.3135986328125
2024-07-03,538.70703125
2024-07-05,541.8133544921875
2024-07-08,542.4386596679688
2024-07-09,542.9661865234375
2024-07-10,548.3388671875
2024-07-11,543.6109008789062
2024-07-12,547.0396728515625
2024-07-15,548.544189453125
2024-07-16,551.7970581054688
2024-07-17,544.0601806640625
2024-07-18,539.8792114257812
2024-07-19,536.2940673828125
2024-07-22,541.8231811523438
2024-07-23,540.9733276367188
2024-07-24,528.7134399414062
2024-07-25,525.9586791992188
2024-07-26,531.8493041992188
2024-07-29,532.1619262695312
2024-07-30,529.4657592773438
2024-07-31,538.0719604492188
2024-08-01,530.4524536132812
2024-08-02,520.5762939453125
2024-08-05,505.4150695800781
2024-08-06,510.07476806640625
2024-08-07,506.6654357910156
2024-08-08,518.378173828125
2024-08-09,520.6640625
2024-08-12,520.9376220703125
2024-08-13,529.5048217773438
2024-08-14,531.1752319335938
2024-08-15,540.2797241210938
2024-08-16,541.4910278320312
2024-08-19,546.6685180664062
2024-08-20,545.7794799804688
2024-08-21,547.6551513671875
2024-08-22,543.3568115234375
2024-08-23,549.1301879882812
2024-08-26,547.8211669921875
2024-08-27,548.5734252929688
2024-08-28,545.3887329101562
2024-08-29,545.4375610351562
2024-08-30,550.6444091796875
2024-09-03,539.3126220703125
2024-09-04,538.2088012695312
2024-09-05,536.8997802734375
2024-09-06,527.8636474609375
2024-09-09,533.7737426757812
2024-09-10,536.0987548828125
2024-09-11,541.5984497070312
2024-09-12,546.1605834960938
2024-09-13,549.0130004882812
2024-09-16,549.8238525390625
2024-09-17,550.0484008789062
2024-09-18,548.4171142578125
2024-09-19,557.7755126953125
2024-09-20,556.811279296875
2024-09-23,558.2027587890625
2024-09-24,559.7998657226562
2024-09-25,558.5652465820312
2024-09-26,560.77978515625
2024-09-27,559.9664916992188
2024-09-30,562.21044921875
2024-10-01,557.1738891601562
2024-10-02,557.4090576171875
2024-10-03,556.3900146484375
2024-10-04,561.446044921875
2024-10-07,556.370361328125
2024-10-08,561.63232421875
2024-10-09,565.5223999023438
2024-10-10,564.53271484375
2024-10-11,567.9132690429688
2024-10-14,572.5579223632812
2024-10-15,568.1093139648438
2024-10-16,570.5784301757812
2024-10-17,570.6275634765625
2024-10-18,572.8223876953125
2024-10-21,571.8817749023438
2024-10-22,571.5780639648438
2024-10-23,566.3552856445312
2024-10-24,567.5801391601562
2024-10-25,567.3841552734375
2024-10-28,569.1381225585938
2024-10-29,570.0592041015625
2024-10-30,568.3346557617188
2024-10-31,557.1935424804688
2024-11-01,559.545166015625
2024-11-04,558.3399658203125
2024-11-05,565.09130859375
2024-11-06,579.1424560546875
2024-11-07,583.6205444335938
2024-11-08,586.148681640625
2024-11-11,586.7071533203125
2024-11-12,584.8846435546875
2024-11-13,585.1688232421875
2024-11-14,581.4061279296875
2024-11-15,573.9591064453125
2024-11-18,576.310791015625
2024-11-19,578.4175415039062
2024-11-20,578.6134643554688
2024-11-21,581.7196044921875
2024-11-22,583.5226440429688
2024-11-25,585.501953125
2024-11-26,588.5592041015625
2024-11-27,586.7758178710938
2024-11-29,590.4208984375
2024-12-02,591.4791870117188
2024-12-03,591.7534790039062
2024-12-04,595.427978515625
2024-12-05,594.4481201171875
2024-12-06,595.574951171875
2024-12-09,592.5079345703125
2024-12-10,590.6658935546875
2024-12-11,595.2321166992188
2024-12-12,592.1651000976562
2024-12-13,592.0475463867188
2024-12-16,594.5755615234375
2024-12-17,592.1257934570312
2024-12-18,574.4784545898438
2024-12-19,574.302001953125
2024-12-20,581.199951171875
2024-12-23,584.6802978515625
2024-12-24,591.1790771484375
2024-12-26,591.218505859375
2024-12-27,584.9949340820312
2024-12-30,578.3192138671875
2024-12-31,576.21533203125
2025-01-02,574.7994995117188
2025-01-03,581.9864501953125
2025-01-06,585.3390502929688
2025-01-07,578.7223510742188
2025-01-08,579.56787109375
2025-01-10,570.7193603515625
2025-01-13,571.604248046875
2025-01-14,572.3907470703125
2025-01-15,582.802490234375
2025-01-16,581.6817016601562
2025-01-17,587.5216674804688
2025-01-21,592.8995361328125
2025-01-22,596.2326049804688
2025-01-23,599.4868774414062
2025-01-24,597.73681640625
2025-01-27,589.2815551757812
2025-01-28,594.344970703125
2025-01-29,591.6804809570312
2025-01-30,594.8561401367188
2025-01-31,591.6903686523438
2025-02-03,587.7084350585938
2025-02-04,591.651123046875
2025-02-05,594.0498046875
2025-02-06,596.1146240234375
2025-02-07,590.6580810546875
2025-02-10,594.6693115234375
2025-02-11,595.1216430664062
2025-02-12,593.2044067382812
2025-02-13,599.4672241210938
2025-02-14,599.437744140625
2025-02-18,601.1975708007812
2025-02-19,602.6133422851562
2025-02-20,600.106201171875
2025-02-21,589.842041015625
2025-02-24,587.157958984375
2025-02-25,584.2379150390625
2025-02-26,584.5328979492188
2025-02-27,575.2025146484375
2025-02-28,584.178955078125
2025-03-03,573.9441528320312
2025-03-04,567.150390625
2025-03-05,573.2461547851562
2025-03-06,563.0703125
2025-03-07,566.2262573242188
2025-03-10,551.14453125
2025-03-11,546.5629272460938
2025-03-12,549.4631958007812
2025-03-13,542.138671875
2025-03-14,553.3369140625
2025-03-17,557.6039428710938
2025-03-18,551.5771484375
2025-03-19,557.584228515625
2025-03-20,555.9718627929688
2025-03-21,556.1552124023438
2025-03-24,566.1151733398438
2025-03-25,567.4760131835938
2025-03-26,560.7012939453125
2025-03-27,559.2122192382812
2025-03-28,547.9507446289062
2025-03-31,551.62890625
2025-04-01,553.1869506835938
2025-04-02,556.687744140625
2025-04-03,529.2537231445312
2025-04-04,498.2696838378906
2025-04-07,497.3821716308594
2025-04-08,489.5918273925781
2025-04-09,541.0084228515625
2025-04-10,517.3019409179688
2025-04-11,526.5321044921875
2025-04-14,531.6401977539062
2025-04-15,530.151123046875
2025-04-16,518.366943359375
2025-04-17,519.1065063476562
2025-04-21,506.7503356933594
2025-04-22,519.9349365234375
2025-04-23,527.9915161132812
2025-04-24,539.1051025390625
2025-04-25,543.0003662109375
2025-04-28,543.2073974609375
2025-04-29,546.6293334960938
2025-04-30,546.84619140625
2025-05-01,550.7216796875
2025-05-02,558.8966674804688
2025-05-05,555.6918334960938
2025-05-06,551.0471801757812
2025-05-07,553.3645629882812
2025-05-08,557.2202758789062
2025-05-09,556.5103149414062
2025-05-12,574.9014892578125
2025-05-13,578.6981201171875
2025-05-14,579.437744140625
2025-05-15,582.2678833007812
2025-05-16,585.9559936523438
2025-05-19,586.5969848632812
2025-05-20,584.6246337890625
2025-05-21,574.7733154296875
2025-05-22,575.0001220703125
2025-05-23,571.075439453125
2025-05-27,582.9483032226562
2025-05-28,579.5757446289062
2025-05-29,581.8635864257812
2025-05-30,581.2127075195312
2025-06-02,584.4867553710938
2025-06-03,587.81982421875
2025-06-04,587.6619873046875
2025-06-05,584.8218994140625
2025-06-06,590.8274536132812
2025-06-09,591.3599243164062
2025-06-10,594.7128295898438
2025-06-11,593.0166625976562
2025-06-12,595.3734741210938
2025-06-13,588.7171630859375
2025-06-16,594.318359375
2025-06-17,589.2398681640625
2025-06-18,589.1510009765625
2025-06-20,587.7673950195312
2025-06-23,593.5730590820312
2025-06-24,600.13037109375
2025-06-25,600.4666748046875
2025-06-26,605.1646118164062
2025-06-27,608.1713256835938
2025-06-30,611.0791015625
2025-07-01,610.8812866210938
2025-07-02,613.6505737304688
2025-07-03,618.4869995117188
2025-07-07,613.8780517578125
2025-07-08,613.5418090820312
2025-07-09,617.2210083007812
2025-07-10,618.9617309570312
2025-07-11,616.7857666015625
2025-07-14,617.9627075195312
2025-07-15,615.322021484375
2025-07-16,617.3792114257812
2025-07-17,621.1573486328125
2025-07-18,620.7024536132812
2025-07-21,621.87939453125
2025-07-22,621.9684448242188
2025-07-23,627.2598266601562
2025-07-24,627.4674682617188
2025-07-25,630.1181030273438
2025-07-28,629.9598388671875
2025-07-29,628.2982788085938
2025-07-30,627.5070190429688
2025-07-31,625.1531372070312
2025-08-01,614.9066162109375
2025-08-04,624.2530517578125
2025-08-05,621.088134765625
2025-08-06,625.845458984375
2025-08-07,625.3212280273438
2025-08-08,630.1972045898438
2025-08-11,628.9510498046875
2025-08-12,635.6469116210938
2025-08-13,637.8228149414062
2025-08-14,637.882080078125
2025-08-15,636.3886108398438
2025-08-18,636.2501220703125
2025-08-19,632.7984008789062
2025-08-20,631.1170043945312
2025-08-21,628.5850830078125
2025-08-22,638.2381591796875
2025-08-25,635.42919921875
2025-08-26,638.0897827148438
2025-08-27,639.543701171875
2025-08-28,641.8085327148438
2025-08-29,637.98095703125
2025-09-02,633.2533569335938
2025-09-03,636.6853637695312
2025-09-04,642.0062866210938
2025-09-05,640.1469116210938
2025-09-08,641.7195434570312
2025-09-09,643.2031860351562
2025-09-10,645.0625
2025-09-11,650.4231567382812
2025-09-12,650.2055053710938
2025-09-15,653.6671752929688
2025-09-16,652.76708984375
2025-09-17,651.9561767578125
2025-09-18,655.0023803710938
2025-09-19,658.2465209960938
2025-09-22,661.3607177734375
2025-09-23,657.7606201171875
2025-09-24,655.6678466796875
2025-09-25,652.6429443359375
2025-09-26,656.3819580078125
2025-09-29,658.2266845703125
2025-09-30,660.7061157226562
2025-10-01,662.95751953125
2025-10-02,663.7210693359375
2025-10-03,663.7113037109375
2025-10-06,666.0914916992188
2025-10-07,663.6219482421875
2025-10-08,667.5791625976562
2025-10-09,665.6452026367188
2025-10-10,647.6542358398438
2025-10-13,657.5919189453125
2025-10-14,656.78857421875
2025-10-15,659.7044067382812
2025-10-16,655.2116088867188
2025-10-17,658.9308471679688
2025-10-20,665.7840576171875
2025-10-21,665.7741088867188
2025-10-22,662.3128051757812
2025-10-23,666.2402954101562
2025-10-24,671.6851806640625
2025-10-27,679.6095581054688
2025-10-28,681.41455078125
2025-10-29,681.7418823242188
2025-10-30,674.2440185546875
2025-10-31,676.4556274414062
2025-11-03,677.72509765625
2025-11-04,669.691650390625
2025-11-05,672.012451171875
2025-11-06,664.8021850585938
2025-11-07,665.4567260742188
2025-11-10,675.8406982421875
2025-11-11,677.387939453125
2025-11-12,677.7648315429688
2025-11-13,666.5180053710938
2025-11-14,666.4088134765625
2025-11-17,660.2003173828125
2025-11-18,654.65625
2025-11-19,657.185302734375
2025-11-20,647.1683349609375
2025-11-21,653.6148681640625
2025-11-24,663.2351684570312
2025-11-25,669.4735717773438
2025-11-26,674.09521484375
2025-11-28,677.7747192382812
2025-12-01,674.6803588867188
2025-12-02,675.9299926757812
2025-12-03,678.2706298828125
2025-12-04,678.7664794921875
2025-12-05,680.0557861328125
2025-12-08,678.0126953125
2025-12-09,677.4276123046875
2025-12-10,681.92041015625
2025-12-11,683.5072021484375
2025-12-12,676.1581420898438
2025-12-15,675.1365966796875
2025-12-16,673.2918701171875
2025-12-17,665.8832397460938
2025-12-18,670.9115600585938
2025-12-19,676.9923095703125
2025-12-22,681.2098999023438
2025-12-23,684.3233032226562
2025-12-24,686.7305297851562
2025-12-26,686.660888671875
2025-12-29,684.2138671875
2025-12-30,683.3783569335938
2025-12-31,678.3152465820312
2026-01-02,679.55859375
2026-01-05,684.0845336914062
2026-01-06,688.1529541015625
2026-01-07,685.9347534179688
2026-01-08,685.8651123046875
2026-01-09,690.4010009765625
2026-01-12,691.4852294921875
2026-01-13,690.1026000976562
2026-01-14,686.7106323242188
2026-01-15,688.5806884765625
2026-01-16,688.0037231445312
2026-01-20,673.9981689453125
2026-01-21,681.77685546875
2026-01-22,685.3379516601562
2026-01-23,685.5865478515625
2026-01-26,689.0680541992188
2026-01-27,691.8134765625
2026-01-28,691.7438354492188
2026-01-29,690.3711547851562
2026-01-30,688.3120727539062
2026-02-02,691.7339477539062
2026-02-03,685.885009765625
2026-02-04,682.5626831054688
2026-02-05,674.0379638671875
2026-02-06,686.96923828125
2026-02-09,690.2816772460938
2026-02-10,688.4613037109375
2026-02-11,688.3021850585938
2026-02-12,677.668701171875
2026-02-13,678.1461181640625
2026-02-17,679.2402954101562
2026-02-18,682.662109375
2026-02-19,680.8616333007812
2026-02-20,685.7855834960938
2026-02-23,678.7827758789062
2026-02-24,683.7164916992188
2026-02-25,689.4859008789062
2026-02-26,685.6561889648438
2026-02-27,682.3637084960938
2026-03-02,682.751708984375
2026-03-03,676.7337036132812
2026-03-04,681.5082397460938
2026-03-05,677.70849609375
2026-03-06,668.82568359375
2026-03-09,674.6845703125
2026-03-10,673.6002807617188
2026-03-11,672.7548217773438
2026-03-12,662.5390625
2026-03-13,658.7890014648438
2026-03-16,665.493408203125
2026-03-17,667.2440185546875
2026-03-18,657.9335327148438
2026-03-19,656.3121948242188
2026-03-20,646.9034423828125
2026-03-23,653.6959228515625
2026-03-24,651.5015869140625
2026-03-25,655.1322021484375
2026-03-26,643.432373046875
2026-03-27,632.4606323242188
2026-03-30,630.3460693359375
2026-03-31,648.6688842773438
2026-04-01,653.5562744140625
2026-04-02,654.144775390625
2026-04-06,657.23681640625
2026-04-07,657.5260009765625
2026-04-08,674.27294921875
2026-04-09,678.162841796875
2026-04-10,677.7140502929688
2026-04-13,684.3369750976562
2026-04-14,692.675537109375
2026-04-15,698.1414184570312
2026-04-16,699.8569946289062
2026-04-17,708.3152465820312
2026-04-20,706.8988037109375
2026-04-21,702.2708129882812
2026-04-22,709.3825073242188
2026-04-23,706.6295776367188
2026-04-24,712.10546875
2026-04-27,713.332275390625
2026-04-28,709.8612060546875
2026-04-29,709.7515258789062
2026-04-30,716.8132934570312
2026-05-01,718.7982177734375
2026-05-04,716.1649780273438
2026-05-05,721.9102172851562
2026-05-06,731.9443359375
2026-05-07,729.7001342773438
2026-05-08,735.724609375
2026-05-11,737.4002685546875
2026-05-12,736.2831420898438
2026-05-13,740.4025268554688
2026-05-14,746.2474975585938
2026-05-15,737.2706298828125
2026-05-18,736.751953125
2026-05-19,731.8446044921875
2026-05-20,739.3452758789062
2026-05-21,740.8114624023438
2026-05-22,743.7239990234375
2026-05-26,748.6613159179688
2026-05-27,748.5316162109375
2026-05-28,752.6609497070312
2026-05-29,754.5361328125
2026-06-01,756.5908203125
2026-06-02,757.6182250976562
2026-06-03,752.3018798828125
2026-06-04,755.1445922851562
2026-06-05,735.65478515625
2026-06-08,737.3204345703125
2026-06-09,735.1560668945312
2026-06-10,723.56591796875
2026-06-11,735.8642578125
2026-06-12,739.843994140625
2026-06-15,752.890380859375
2026-06-16,748.4019775390625
2026-06-17,739.0560302734375
2026-06-18,746.739990234375
2026-06-22,744.3900146484375
2026-06-23,733.5800170898438
2026-06-24,733.239990234375
2026-06-25,734.2999877929688
2026-06-26,728.989990234375
2026-06-29,741.0
2026-06-30,746.77001953125
2026-07-01,745.760009765625
2026-07-02,744.780029296875
2026-07-06,751.280029296875
2026-07-07,747.7100219726562
2026-07-08,745.4000244140625
2026-07-09,751.7100219726562
2026-07-10,754.9500122070312
2026-07-13,749.1699829101562
2026-07-14,751.8300170898438
2026-07-15,754.8099975585938
2026-07-16,750.719970703125
2026-07-17,743.2899780273438
2026-07-20,742.0900268554688
2026-07-21,748.280029296875
2026-07-22,747.4099731445312
2026-07-23,738.1799926757812
2026-07-24,738.9299926757812
2026-07-27,739.0900268554688
2026-07-28,740.8599853515625
2026-07-29,729.4600219726562
2026-07-30,741.6900024414062
2026-07-31,747.030029296875
2026-08-03,757.6699829101562
2026-08-04,771.3300170898438
2026-08-05,769.7899780273438
2026-08-06,768.5599975585938
2026-08-07,773.219970703125
