Date,Close
2011-01-03,96.67908477783203
2011-01-04,96.62584686279297
2011-01-05,97.12806701660156
2011-01-06,96.93779754638672
2011-01-07,96.7475814819336
2011-01-10,96.62584686279297
2011-01-11,96.96829223632812
2011-01-12,97.8433837890625
2011-01-13,97.68355560302734
2011-01-14,98.39124298095703
2011-01-18,98.55867004394531
2011-01-19,97.59223937988281
2011-01-20,97.462890625
2011-01-21,97.68355560302734
2011-01-24,98.23906707763672
2011-01-25,98.29230499267578
2011-01-26,98.67281341552734
2011-01-27,98.91631317138672
2011-01-28,97.18895721435547
2011-01-31,97.91947174072266
2011-02-01,99.48699951171875
2011-02-02,99.29682922363281
2011-02-03,99.51747131347656
2011-02-04,99.79903411865234
2011-02-07,100.42300415039062
2011-02-08,100.87958526611328
2011-02-09,100.65128326416016
2011-02-10,100.68933868408203
2011-02-11,101.29045867919922
2011-02-14,101.53396606445312
2011-02-15,101.2143783569336
2011-02-16,101.85359954833984
2011-02-17,102.15792846679688
2011-02-18,102.37102508544922
2011-02-22,100.31644439697266
2011-02-23,99.70010375976562
2011-02-24,99.631591796875
2011-02-25,100.69695281982422
2011-02-28,101.32090759277344
2011-03-01,99.631591796875
2011-03-02,99.84465789794922
2011-03-03,101.56444549560547
2011-03-04,100.80347442626953
2011-03-07,100.01207733154297
2011-03-08,100.88720703125
2011-03-09,100.74258422851562
2011-03-10,98.87826538085938
2011-03-11,99.5631332397461
2011-03-14,98.96195220947266
2011-03-15,97.82813262939453
2011-03-16,96.01705932617188
2011-03-17,97.287841796875
2011-03-18,97.64173889160156
2011-03-21,99.15495300292969
2011-03-22,98.81102752685547
2011-03-23,99.09380340576172
2011-03-24,100.04149627685547
2011-03-25,100.34718322753906
2011-03-28,100.10261535644531
2011-03-29,100.77518463134766
2011-03-30,101.47061920166016
2011-03-31,101.33307647705078
2011-04-01,101.76107025146484
2011-04-04,101.84513092041016
2011-04-05,101.82987213134766
2011-04-06,102.15084838867188
2011-04-07,101.89099884033203
2011-04-08,101.53943634033203
2011-04-11,101.23374938964844
2011-04-12,100.47713470458984
2011-04-13,100.4695053100586
2011-04-14,100.54588317871094
2011-04-15,100.9127426147461
2011-04-18,99.78162384033203
2011-04-19,100.35486602783203
2011-04-20,101.72285461425781
2011-04-21,102.24254608154297
2011-04-25,102.13557434082031
2011-04-26,103.01443481445312
2011-04-27,103.68700408935547
2011-04-28,104.02326202392578
2011-04-29,104.26787567138672
2011-05-02,104.10735321044922
2011-05-03,103.73285675048828
2011-05-04,103.04502868652344
2011-05-05,102.11264038085938
2011-05-06,102.56359100341797
2011-05-09,102.9609603881836
2011-05-10,103.83989715576172
2011-05-11,102.7469711303711
2011-05-12,103.236083984375
2011-05-13,102.44123840332031
2011-05-16,101.7916259765625
2011-05-17,101.77637481689453
2011-05-18,102.68582153320312
2011-05-19,102.93037414550781
2011-05-20,102.11264038085938
2011-05-23,100.92805480957031
2011-05-24,100.8439712524414
2011-05-25,101.18022918701172
2011-05-26,101.64643859863281
2011-05-27,102.03620910644531
2011-05-31,103.09852600097656
2011-06-01,100.78282165527344
2011-06-02,100.6758041381836
2011-06-03,99.67463684082031
2011-06-06,98.61995697021484
2011-06-07,98.5588607788086
2011-06-08,98.14608764648438
2011-06-09,98.89510345458984
2011-06-10,97.51942443847656
2011-06-13,97.59587097167969
2011-06-14,98.83399200439453
2011-06-15,97.07614135742188
2011-06-16,97.29014587402344
2011-06-17,97.58049774169922
2011-06-20,98.07971954345703
2011-06-21,99.42377471923828
2011-06-22,98.82472229003906
2011-06-23,98.54054260253906
2011-06-24,97.39617156982422
2011-06-27,98.26404571533203
2011-06-28,99.54667663574219
2011-06-29,100.39921569824219
2011-06-30,101.3592758178711
2011-07-01,102.85697174072266
2011-07-05,102.77249145507812
2011-07-06,102.8953628540039
2011-07-07,103.96295928955078
2011-07-08,103.22563171386719
2011-07-11,101.3592758178711
2011-07-12,100.92146301269531
2011-07-13,101.25943756103516
2011-07-14,100.56050872802734
2011-07-15,101.14421081542969
2011-07-18,100.31473541259766
2011-07-19,101.94296264648438
2011-07-20,101.88153076171875
2011-07-21,103.29478454589844
2011-07-22,103.36387634277344
2011-07-25,102.787841796875
2011-07-26,102.40386199951172
2011-07-27,100.30705261230469
2011-07-28,100.01519775390625
2011-07-29,99.3316421508789
2011-08-01,98.90919494628906
2011-08-02,96.3823013305664
2011-08-03,96.90460205078125
2011-08-04,92.36543273925781
2011-08-05,92.22721099853516
2011-08-08,86.2210464477539
2011-08-09,90.23023986816406
2011-08-10,86.24409484863281
2011-08-11,90.11506652832031
2011-08-12,90.72183990478516
2011-08-15,92.64192962646484
2011-08-16,91.85083770751953
2011-08-17,91.91229248046875
2011-08-18,87.94914245605469
2011-08-19,86.51292419433594
2011-08-22,86.58206939697266
2011-08-23,89.43147277832031
2011-08-24,90.69108581542969
2011-08-25,89.30862426757812
2011-08-26,90.60660552978516
2011-08-29,93.21028900146484
2011-08-30,93.45606231689453
2011-08-31,93.87083435058594
2011-09-01,92.88773345947266
2011-09-02,90.51443481445312
2011-09-06,89.85389709472656
2011-09-07,92.38848114013672
2011-09-08,91.42843627929688
2011-09-09,89.03211212158203
2011-09-12,89.608154296875
2011-09-13,90.42997741699219
2011-09-14,91.6818618774414
2011-09-15,93.2640380859375
2011-09-16,93.81603240966797
2011-09-19,92.88189697265625
2011-09-20,92.7738265991211
2011-09-21,90.04084777832031
2011-09-22,87.13034057617188
2011-09-23,87.65531158447266
2011-09-26,89.73977661132812
2011-09-27,90.7433853149414
2011-09-28,88.89053344726562
2011-09-29,89.59308624267578
2011-09-30,87.35420989990234
2011-10-03,84.86831665039062
2011-10-04,86.72891998291016
2011-10-05,88.33467864990234
2011-10-06,89.93275451660156
2011-10-07,89.33057403564453
2011-10-10,92.31832122802734
2011-10-11,92.41096496582031
2011-10-12,93.22159576416016
2011-10-13,93.03629302978516
2011-10-14,94.62666320800781
2011-10-17,92.82013702392578
2011-10-18,94.63438415527344
2011-10-19,93.51493835449219
2011-10-20,93.92413330078125
2011-10-21,95.70748901367188
2011-10-24,96.8809585571289
2011-10-25,94.99723052978516
2011-10-26,95.9622802734375
2011-10-27,99.30513000488281
2011-10-28,99.2819595336914
2011-10-31,96.88868713378906
2011-11-01,94.18660736083984
2011-11-02,95.72293853759766
2011-11-03,97.46770477294922
2011-11-04,96.87325286865234
2011-11-07,97.47544860839844
2011-11-08,98.72610473632812
2011-11-09,95.08216857910156
2011-11-10,95.97769927978516
2011-11-11,97.78422546386719
2011-11-14,96.85780334472656
2011-11-15,97.33647918701172
2011-11-16,95.79240417480469
2011-11-17,94.27153778076172
2011-11-18,94.17118072509766
2011-11-21,92.38008117675781
2011-11-22,92.01724243164062
2011-11-23,89.98684692382812
2011-11-25,89.81697845458984
2011-11-28,92.41871643066406
2011-11-29,92.68119049072266
2011-11-30,96.49498748779297
2011-12-01,96.47954559326172
2011-12-02,96.39460754394531
2011-12-05,97.4445571899414
2011-12-06,97.47544860839844
2011-12-07,97.83827209472656
2011-12-08,95.69204711914062
2011-12-09,97.31332397460938
2011-12-12,95.89277648925781
2011-12-13,94.99723052978516
2011-12-14,93.98588562011719
2011-12-15,94.32559967041016
2011-12-16,94.46543884277344
2011-12-19,93.45543670654297
2011-12-20,96.2834243774414
2011-12-21,96.46984100341797
2011-12-22,97.32445526123047
2011-12-23,98.19463348388672
2011-12-27,98.27230834960938
2011-12-28,96.98267364501953
2011-12-29,97.98482513427734
2011-12-30,97.503173828125
2012-01-03,99.0570068359375
2012-01-04,99.21240234375
2012-01-05,99.47652435302734
2012-01-06,99.22017669677734
2012-01-09,99.46102142333984
2012-01-10,100.3233871459961
2012-01-11,100.37775421142578
2012-01-12,100.61857604980469
2012-01-13,100.09808349609375
2012-01-17,100.48654174804688
2012-01-18,101.59754180908203
2012-01-19,102.13357543945312
2012-01-20,102.51429748535156
2012-01-23,102.25013732910156
2012-01-24,102.13357543945312
2012-01-25,102.98822784423828
2012-01-26,102.45989227294922
2012-01-27,102.41329956054688
2012-01-30,102.06368255615234
2012-01-31,102.02483367919922
2012-02-01,102.91827392578125
2012-02-02,103.0813980102539
2012-02-03,104.5264892578125
2012-02-06,104.45655822753906
2012-02-07,104.7207260131836
2012-02-08,105.03150177001953
2012-02-09,105.16358947753906
2012-02-10,104.38666534423828
2012-02-13,105.16358947753906
2012-02-14,105.03150177001953
2012-02-15,104.54208374023438
2012-02-16,105.69963073730469
2012-02-17,105.97932434082031
2012-02-21,106.02593231201172
2012-02-22,105.68414306640625
2012-02-23,106.15028381347656
2012-02-24,106.38334655761719
2012-02-27,106.56204986572266
2012-02-28,106.872802734375
2012-02-29,106.45325469970703
2012-03-01,107.00489807128906
2012-03-02,106.67854309082031
2012-03-05,106.24349212646484
2012-03-06,104.689697265625
2012-03-07,105.41993713378906
2012-03-08,106.46879577636719
2012-03-09,106.88056945800781
2012-03-12,106.88832092285156
2012-03-13,108.81510925292969
2012-03-14,108.69853973388672
2012-03-15,109.32786560058594
2012-03-16,109.479248046875
2012-03-19,109.90843200683594
2012-03-20,109.58849334716797
2012-03-21,109.40904235839844
2012-03-22,108.62085723876953
2012-03-23,108.9720230102539
2012-03-26,110.5014877319336
2012-03-27,110.15811157226562
2012-03-28,109.61190032958984
2012-03-29,109.42462158203125
2012-03-30,109.87720489501953
2012-04-02,110.6809310913086
2012-04-03,110.22836303710938
2012-04-04,109.13594055175781
2012-04-05,109.081298828125
2012-04-09,107.856201171875
2012-04-10,106.04586029052734
2012-04-11,106.9041976928711
2012-04-12,108.30097198486328
2012-04-13,107.01344299316406
2012-04-16,106.94322967529297
2012-04-17,108.52722930908203
2012-04-18,108.1604995727539
2012-04-19,107.4660415649414
2012-04-20,107.64545440673828
2012-04-23,106.74031066894531
2012-04-24,107.14608001708984
2012-04-25,108.61308288574219
2012-04-26,109.37004852294922
2012-04-27,109.54947662353516
2012-04-30,109.1436996459961
2012-05-01,109.82261657714844
2012-05-02,109.49483489990234
2012-05-03,108.65992736816406
2012-05-04,106.9041976928711
2012-05-07,106.98220825195312
2012-05-08,106.55303955078125
2012-05-09,105.92096710205078
2012-05-10,106.13947296142578
2012-05-11,105.81953430175781
2012-05-14,104.6490478515625
2012-05-15,104.04818725585938
2012-05-16,103.6502685546875
2012-05-17,102.11299133300781
2012-05-18,101.23902893066406
2012-05-21,102.97915649414062
2012-05-22,103.15863037109375
2012-05-23,103.21328735351562
2012-05-24,103.4161376953125
2012-05-25,103.08061218261719
2012-05-29,104.3290786743164
2012-05-30,102.8152847290039
2012-05-31,102.58899688720703
2012-06-01,100.00614166259766
2012-06-04,99.9593505859375
2012-06-05,100.7162094116211
2012-06-06,102.97915649414062
2012-06-07,103.04161071777344
2012-06-08,103.86095428466797
2012-06-11,102.54217529296875
2012-06-12,103.72045135498047
2012-06-13,103.05721282958984
2012-06-14,104.149658203125
2012-06-15,105.21482849121094
2012-06-18,105.41876220703125
2012-06-19,106.43842315673828
2012-06-20,106.26587677001953
2012-06-21,103.88140869140625
2012-06-22,104.68143463134766
2012-06-25,103.00289916992188
2012-06-26,103.52059173583984
2012-06-27,104.45401763916016
2012-06-28,104.15592956542969
2012-06-29,106.75216674804688
2012-07-02,107.07377624511719
2012-07-03,107.77973175048828
2012-07-05,107.2933578491211
2012-07-06,106.273681640625
2012-07-09,106.14036560058594
2012-07-10,105.21482849121094
2012-07-11,105.23048400878906
2012-07-12,104.72064208984375
2012-07-13,106.47766876220703
2012-07-16,106.22666931152344
2012-07-17,106.95613098144531
2012-07-18,107.74830627441406
2012-07-19,108.03069305419922
2012-07-20,107.04240417480469
2012-07-23,105.9599609375
2012-07-24,105.05007934570312
2012-07-25,105.07365417480469
2012-07-26,106.80708312988281
2012-07-27,108.77587127685547
2012-07-30,108.77587127685547
2012-07-31,108.0149917602539
2012-08-01,107.92083740234375
2012-08-02,107.17574310302734
2012-08-03,109.3013916015625
2012-08-06,109.51316833496094
2012-08-07,110.0621566772461
2012-08-08,110.19551849365234
2012-08-09,110.28964233398438
2012-08-10,110.47008514404297
2012-08-13,110.41514587402344
2012-08-14,110.43085479736328
2012-08-15,110.55635833740234
2012-08-16,111.37210083007812
2012-08-17,111.5211181640625
2012-08-20,111.52896881103516
2012-08-21,111.19161987304688
2012-08-22,111.2387466430664
2012-08-23,110.32891082763672
2012-08-24,110.99561309814453
2012-08-27,111.01908874511719
2012-08-28,110.9093017578125
2012-08-29,110.99561309814453
2012-08-30,110.19551849365234
2012-08-31,110.7210693359375
2012-09-04,110.61908721923828
2012-09-05,110.52497100830078
2012-09-06,112.76821899414062
2012-09-07,113.2074966430664
2012-09-10,112.56432342529297
2012-09-11,112.87804412841797
2012-09-12,113.25457763671875
2012-09-13,114.98014068603516
2012-09-14,115.49000549316406
2012-09-17,115.09777069091797
2012-09-18,115.00372314453125
2012-09-19,115.06641387939453
2012-09-20,115.07428741455078
2012-09-21,115.02616882324219
2012-09-24,114.85266876220703
2012-09-25,113.63042449951172
2012-09-26,112.99171447753906
2012-09-27,114.05625915527344
2012-09-28,113.52790069580078
2012-10-01,113.82762908935547
2012-10-02,113.94588470458984
2012-10-03,114.41110229492188
2012-10-04,115.23123168945312
2012-10-05,115.23905181884766
2012-10-08,114.8448257446289
2012-10-09,113.70926666259766
2012-10-10,112.98384094238281
2012-10-11,113.04693603515625
2012-10-12,112.67633056640625
2012-10-15,113.61469268798828
2012-10-16,114.76593017578125
2012-10-17,115.28643798828125
2012-10-18,114.98678588867188
2012-10-19,113.07058715820312
2012-10-22,113.08634185791016
2012-10-23,111.51709747314453
2012-10-24,111.20170593261719
2012-10-25,111.52497863769531
2012-10-26,111.46189880371094
2012-10-31,111.46189880371094
2012-11-01,112.62898254394531
2012-11-02,111.62754821777344
2012-11-05,111.85623931884766
2012-11-06,112.7315444946289
2012-11-07,110.17659759521484
2012-11-08,108.851806640625
2012-11-09,108.94644165039062
2012-11-12,109.03321075439453
2012-11-13,108.65467834472656
2012-11-14,107.18797302246094
2012-11-15,107.006591796875
2012-11-16,107.53495788574219
2012-11-19,109.71137237548828
2012-11-20,109.75863647460938
2012-11-21,109.96369171142578
2012-11-23,111.46189880371094
2012-11-26,111.22534942626953
2012-11-27,110.65762329101562
2012-11-28,111.54869079589844
2012-11-29,112.06912994384766
2012-11-30,112.09274291992188
2012-12-03,111.54078674316406
2012-12-04,111.38311004638672
2012-12-05,111.58023071289062
2012-12-06,111.95867919921875
2012-12-07,112.2978286743164
2012-12-10,112.3450927734375
2012-12-11,113.1100082397461
2012-12-12,113.16522216796875
2012-12-13,112.47130584716797
2012-12-14,112.05338287353516
2012-12-17,113.3702163696289
2012-12-18,114.63189697265625
2012-12-19,113.78026580810547
2012-12-20,114.43476104736328
2012-12-21,113.39601135253906
2012-12-24,113.04662322998047
2012-12-26,112.5700912475586
2012-12-27,112.41925811767578
2012-12-28,111.20418548583984
2012-12-31,113.09426879882812
2013-01-02,115.99288177490234
2013-01-03,115.73079681396484
2013-01-04,116.23908996582031
2013-01-07,115.9214096069336
2013-01-08,115.58787536621094
2013-01-09,115.88172912597656
2013-01-10,116.80293273925781
2013-01-11,116.79501342773438
2013-01-14,116.71561431884766
2013-01-15,116.79501342773438
2013-01-16,116.77909088134766
2013-01-17,117.53355407714844
2013-01-18,117.79560852050781
2013-01-22,118.43089294433594
2013-01-23,118.62151336669922
2013-01-24,118.65328979492188
2013-01-25,119.32035064697266
2013-01-28,119.17743682861328
2013-01-29,119.64598083496094
2013-01-30,119.17743682861328
2013-01-31,118.88359832763672
2013-02-01,120.10657501220703
2013-02-04,118.7564926147461
2013-02-05,119.95568084716797
2013-02-06,120.0430679321289
2013-02-07,119.88423156738281
2013-02-08,120.55133056640625
2013-02-11,120.52745056152344
2013-02-12,120.72598266601562
2013-02-13,120.82921600341797
2013-02-14,120.94039916992188
2013-02-15,120.79750061035156
2013-02-19,121.70280456542969
2013-02-20,120.18596649169922
2013-02-21,119.45535278320312
2013-02-22,120.62278747558594
2013-02-25,118.32764434814453
2013-02-26,119.1376953125
2013-02-27,120.63865661621094
2013-02-28,120.4004135131836
2013-03-01,120.79750061035156
2013-03-04,121.44070434570312
2013-03-05,122.52869415283203
2013-03-06,122.69550323486328
2013-03-07,122.91783142089844
2013-03-08,123.44196319580078
2013-03-11,123.9105453491211
2013-03-12,123.6325912475586
2013-03-13,123.80726623535156
2013-03-14,124.46643829345703
2013-03-15,124.30207824707031
2013-03-18,123.61605072021484
2013-03-19,123.32891082763672
2013-03-20,124.19042205810547
2013-03-21,123.12950897216797
2013-03-22,124.11866760253906
2013-03-25,123.60015869140625
2013-03-26,124.58929443359375
2013-03-27,124.58929443359375
2013-03-28,124.97213745117188
2013-04-01,124.47757720947266
2013-04-02,125.09175109863281
2013-04-03,123.82354736328125
2013-04-04,124.32601928710938
2013-04-05,123.7676773071289
2013-04-08,124.605224609375
2013-04-09,125.03599548339844
2013-04-10,126.56754302978516
2013-04-11,126.98230743408203
2013-04-12,126.67118072509766
2013-04-15,123.73570251464844
2013-04-16,125.56244659423828
2013-04-17,123.72782135009766
2013-04-18,122.95401000976562
2013-04-19,124.02294158935547
2013-04-22,124.57333374023438
2013-04-23,125.85755157470703
2013-04-24,125.93733215332031
2013-04-25,126.44791412353516
2013-04-26,126.22447967529297
2013-04-29,127.06999969482422
2013-04-30,127.3731918334961
2013-05-01,126.25638580322266
2013-05-02,127.42904663085938
2013-05-03,128.72120666503906
2013-05-06,129.04827880859375
2013-05-07,129.70242309570312
2013-05-08,130.29270935058594
2013-05-09,129.92575073242188
2013-05-10,130.34849548339844
2013-05-13,130.4521942138672
2013-05-14,131.80026245117188
2013-05-15,132.5101776123047
2013-05-16,131.88796997070312
2013-05-17,133.16433715820312
2013-05-20,133.15631103515625
2013-05-21,133.34774780273438
2013-05-22,132.35865783691406
2013-05-23,131.97567749023438
2013-05-24,131.86402893066406
2013-05-28,132.6537628173828
2013-05-29,131.79234313964844
2013-05-30,132.27883911132812
2013-05-31,130.38037109375
2013-06-03,131.09828186035156
2013-06-04,130.4680938720703
2013-06-05,128.64144897460938
2013-06-06,129.80604553222656
2013-06-07,131.4573211669922
2013-06-10,131.4573211669922
2013-06-11,130.10125732421875
2013-06-12,129.02435302734375
2013-06-13,130.98666381835938
2013-06-14,130.1651153564453
2013-06-17,131.1700439453125
2013-06-18,132.2071075439453
2013-06-19,130.38037109375
2013-06-20,127.14979553222656
2013-06-21,127.5579605102539
2013-06-24,125.94612884521484
2013-06-25,127.15704345703125
2013-06-26,128.41600036621094
2013-06-27,129.1697998046875
2013-06-28,128.64053344726562
2013-07-01,129.3943328857422
2013-07-02,129.27406311035156
2013-07-03,129.33013916015625
2013-07-05,130.7254638671875
2013-07-08,131.4712677001953
2013-07-09,132.41748046875
2013-07-10,132.4656524658203
2013-07-11,134.26986694335938
2013-07-12,134.32601928710938
2013-07-15,134.8391876220703
2013-07-16,134.33404541015625
2013-07-17,134.67880249023438
2013-07-18,135.4165802001953
2013-07-19,135.6571807861328
2013-07-22,135.9217529296875
2013-07-23,135.63308715820312
2013-07-24,135.13592529296875
2013-07-25,135.46469116210938
2013-07-26,135.60903930664062
2013-07-29,135.19207763671875
2013-07-30,135.19207763671875
2013-07-31,135.2882843017578
2013-08-01,136.8519744873047
2013-08-02,137.08450317382812
2013-08-05,136.8840789794922
2013-08-06,136.106201171875
2013-08-07,135.66517639160156
2013-08-08,136.162353515625
2013-08-09,135.76939392089844
2013-08-12,135.60903930664062
2013-08-13,136.00997924804688
2013-08-14,135.3123321533203
2013-08-15,133.41989135742188
2013-08-16,132.97886657714844
2013-08-19,132.1288604736328
2013-08-20,132.77835083007812
2013-08-21,131.9604034423828
2013-08-22,133.16322326660156
2013-08-23,133.61228942871094
2013-08-26,133.11514282226562
2013-08-27,130.97401428222656
2013-08-28,131.43917846679688
2013-08-29,131.6476593017578
2013-08-30,131.23068237304688
2013-09-03,131.82408142089844
2013-09-04,132.91464233398438
2013-09-05,133.0830841064453
2013-09-06,133.14720153808594
2013-09-09,134.42222595214844
2013-09-10,135.4165802001953
2013-09-11,135.8415985107422
2013-09-12,135.4807586669922
2013-09-13,135.7854766845703
2013-09-16,136.5713348388672
2013-09-17,137.1807403564453
2013-09-18,138.76853942871094
2013-09-19,138.5359649658203
2013-09-20,137.5674285888672
2013-09-23,136.93075561523438
2013-09-24,136.60848999023438
2013-09-25,136.21368408203125
2013-09-26,136.7373504638672
2013-09-27,136.10888671875
2013-09-30,135.38363647460938
2013-10-01,136.455322265625
2013-10-02,136.32644653320312
2013-10-03,135.06939697265625
2013-10-04,136.0927734375
2013-10-07,134.91627502441406
2013-10-08,133.34503173828125
2013-10-09,133.44161987304688
2013-10-10,136.31838989257812
2013-10-11,137.1967010498047
2013-10-14,137.74468994140625
2013-10-15,136.7454833984375
2013-10-16,138.6552276611328
2013-10-17,139.58193969726562
2013-10-18,140.52468872070312
2013-10-21,140.5327606201172
2013-10-22,141.3466339111328
2013-10-23,140.66981506347656
2013-10-24,141.1370849609375
2013-10-25,141.78170776367188
2013-10-28,142.0074005126953
2013-10-29,142.7648468017578
2013-10-30,142.0557403564453
2013-10-31,141.65281677246094
2013-11-01,141.9912567138672
2013-11-04,142.49087524414062
2013-11-05,142.0395965576172
2013-11-06,142.7648468017578
2013-11-07,140.95980834960938
2013-11-08,142.86154174804688
2013-11-11,142.8856964111328
2013-11-12,142.59564208984375
2013-11-13,143.73983764648438
2013-11-14,144.45701599121094
2013-11-15,145.0856170654297
2013-11-18,144.57791137695312
2013-11-19,144.2636260986328
2013-11-20,143.81236267089844
2013-11-21,144.9727783203125
2013-11-22,145.69798278808594
2013-11-25,145.55294799804688
2013-11-26,145.59324645996094
2013-11-27,145.94778442382812
2013-11-29,145.85110473632812
2013-12-02,145.47238159179688
2013-12-03,144.84381103515625
2013-12-04,144.8277130126953
2013-12-05,144.19113159179688
2013-12-06,145.802734375
2013-12-09,146.1733856201172
2013-12-10,145.649658203125
2013-12-11,144.01385498046875
2013-12-12,143.53839111328125
2013-12-13,143.5222930908203
2013-12-16,144.416748046875
2013-12-17,143.95748901367188
2013-12-18,146.4150848388672
2013-12-19,146.2458953857422
2013-12-20,147.09658813476562
2013-12-23,147.8825225830078
2013-12-24,148.20660400390625
2013-12-26,148.96005249023438
2013-12-27,148.95196533203125
2013-12-30,148.92764282226562
2013-12-31,149.63253784179688
2014-01-02,148.1985321044922
2014-01-03,148.1741485595703
2014-01-06,147.74481201171875
2014-01-07,148.6521759033203
2014-01-08,148.68458557128906
2014-01-09,148.78179931640625
2014-01-10,149.18685913085938
2014-01-13,147.2019500732422
2014-01-14,148.80613708496094
2014-01-15,149.6082000732422
2014-01-16,149.4137420654297
2014-01-17,148.78179931640625
2014-01-21,149.2192840576172
2014-01-22,149.31643676757812
2014-01-23,148.09315490722656
2014-01-24,144.9334716796875
2014-01-27,144.2203826904297
2014-01-28,145.07933044433594
2014-01-29,143.68577575683594
2014-01-30,145.2089080810547
2014-01-31,144.35824584960938
2014-02-03,141.109375
2014-02-04,142.09783935546875
2014-02-05,141.91954040527344
2014-02-06,143.7910919189453
2014-02-07,145.57347106933594
2014-02-10,145.84085083007812
2014-02-11,147.43692016601562
2014-02-12,147.5098419189453
2014-02-13,148.27139282226562
2014-02-14,149.08970642089844
2014-02-18,149.26788330078125
2014-02-19,148.27947998046875
2014-02-20,149.15451049804688
2014-02-21,148.9843292236328
2014-02-24,149.81072998046875
2014-02-25,149.7540740966797
2014-02-26,149.76214599609375
2014-02-27,150.5480194091797
2014-02-28,150.92881774902344
2014-03-03,149.86746215820312
2014-03-04,151.97393798828125
2014-03-05,152.1116485595703
2014-03-06,152.4600372314453
2014-03-07,152.52487182617188
2014-03-10,152.44384765625
2014-03-11,151.69032287597656
2014-03-12,151.73081970214844
2014-03-13,150.0294647216797
2014-03-14,149.6082000732422
2014-03-17,150.961181640625
2014-03-18,152.0386962890625
2014-03-19,151.22860717773438
2014-03-20,152.1116485595703
2014-03-21,151.52171325683594
2014-03-24,150.89505004882812
2014-03-25,151.6112060546875
2014-03-26,150.5207977294922
2014-03-27,150.20339965820312
2014-03-28,150.9439239501953
2014-03-31,152.1808319091797
2014-04-01,153.1898651123047
2014-04-02,153.70249938964844
2014-04-03,153.4990997314453
2014-04-04,151.6844482421875
2014-04-07,150.00807189941406
2014-04-08,150.6265411376953
2014-04-09,152.2459259033203
2014-04-10,149.04782104492188
2014-04-11,147.70513916015625
2014-04-14,148.8688507080078
2014-04-15,149.89413452148438
2014-04-16,151.46478271484375
2014-04-17,151.67626953125
2014-04-21,152.20521545410156
2014-04-22,152.8968963623047
2014-04-23,152.5388641357422
2014-04-24,152.84811401367188
2014-04-25,151.5948944091797
2014-04-28,152.07501220703125
2014-04-29,152.78297424316406
2014-04-30,153.23870849609375
2014-05-01,153.25502014160156
2014-05-02,153.03521728515625
2014-05-05,153.3282470703125
2014-05-06,151.99362182617188
2014-05-07,152.88880920410156
2014-05-08,152.72601318359375
2014-05-09,152.95388793945312
2014-05-12,154.44302368164062
2014-05-13,154.58139038085938
2014-05-14,153.84902954101562
2014-05-15,152.4981689453125
2014-05-16,153.02711486816406
2014-05-19,153.58860778808594
2014-05-20,152.62022399902344
2014-05-21,153.90599060058594
2014-05-22,154.28033447265625
2014-05-23,154.8988037109375
2014-05-27,155.85086059570312
2014-05-28,155.73695373535156
2014-05-29,156.54254150390625
2014-05-30,156.79486083984375
2014-06-02,156.97384643554688
2014-06-03,156.8924560546875
2014-06-04,157.20982360839844
2014-06-05,158.2351837158203
2014-06-06,158.99195861816406
2014-06-09,159.1547393798828
2014-06-10,159.17100524902344
2014-06-11,158.61767578125
2014-06-12,157.49465942382812
2014-06-13,157.9748077392578
2014-06-16,158.10496520996094
2014-06-17,158.54440307617188
2014-06-18,159.7080078125
2014-06-19,159.8870849609375
2014-06-20,160.2117156982422
2014-06-23,160.16262817382812
2014-06-24,159.19781494140625
2014-06-25,159.91738891601562
2014-06-26,159.80291748046875
2014-06-27,160.11358642578125
2014-06-30,160.03182983398438
2014-07-01,161.10296630859375
2014-07-02,161.2664794921875
2014-07-03,162.05963134765625
2014-07-07,161.4954071044922
2014-07-08,160.45703125
2014-07-09,161.17654418945312
2014-07-10,160.53875732421875
2014-07-11,160.75955200195312
2014-07-14,161.56906127929688
2014-07-15,161.2664794921875
2014-07-16,161.8634033203125
2014-07-17,160.023681640625
2014-07-18,161.65892028808594
2014-07-21,161.35641479492188
2014-07-22,162.05963134765625
2014-07-23,162.4193572998047
2014-07-24,162.4275665283203
2014-07-25,161.66714477539062
2014-07-28,161.73251342773438
2014-07-29,161.0375213623047
2014-07-30,161.0620574951172
2014-07-31,157.8813934326172
2014-08-01,157.39894104003906
2014-08-04,158.53549194335938
2014-08-05,156.99827575683594
2014-08-06,157.04737854003906
2014-08-07,156.19705200195312
2014-08-08,158.0040740966797
2014-08-11,158.46189880371094
2014-08-12,158.24118041992188
2014-08-13,159.31224060058594
2014-08-14,160.06451416015625
2014-08-15,160.03182983398438
2014-08-18,161.37278747558594
2014-08-19,162.2150115966797
2014-08-20,162.6483154296875
2014-08-21,163.1226043701172
2014-08-22,162.86915588378906
2014-08-25,163.69493103027344
2014-08-26,163.8012237548828
2014-08-27,163.73580932617188
2014-08-28,163.64585876464844
2014-08-29,164.11192321777344
2014-09-02,164.03016662597656
2014-09-03,163.9402618408203
2014-09-04,163.70310974121094
2014-09-05,164.43898010253906
2014-09-08,164.01377868652344
2014-09-09,162.97537231445312
2014-09-10,163.588623046875
2014-09-11,163.7766571044922
2014-09-12,162.82003784179688
2014-09-15,162.69737243652344
2014-09-16,163.92393493652344
2014-09-17,164.14463806152344
2014-09-18,165.0195770263672
2014-09-19,164.87078857421875
2014-09-22,163.5975341796875
2014-09-23,162.6610565185547
2014-09-24,163.93435668945312
2014-09-25,161.2891845703125
2014-09-26,162.57070922851562
2014-09-29,162.27493286132812
2014-09-30,161.84780883789062
2014-10-01,159.6544952392578
2014-10-02,159.6790771484375
2014-10-03,161.4370880126953
2014-10-06,161.24810791015625
2014-10-07,158.759033203125
2014-10-08,161.53562927246094
2014-10-09,158.3319091796875
2014-10-10,156.52459716796875
2014-10-13,153.95339965820312
2014-10-14,154.19161987304688
2014-10-15,153.14834594726562
2014-10-16,153.01695251464844
2014-10-17,154.82411193847656
2014-10-20,156.32745361328125
2014-10-21,159.42445373535156
2014-10-22,158.2908172607422
2014-10-23,160.1309356689453
2014-10-24,161.36306762695312
2014-10-27,161.14132690429688
2014-10-28,162.98965454101562
2014-10-29,162.7432098388672
2014-10-30,163.78646850585938
2014-10-31,165.6595001220703
2014-11-03,165.74984741210938
2014-11-04,165.17477416992188
2014-11-05,166.21803283691406
2014-11-06,166.8834991455078
2014-11-07,167.03948974609375
2014-11-10,167.56532287597656
2014-11-11,167.72959899902344
2014-11-12,167.54888916015625
2014-11-13,167.7378387451172
2014-11-14,167.7788848876953
2014-11-17,167.88563537597656
2014-11-18,168.85496520996094
2014-11-19,168.58392333984375
2014-11-20,168.87965393066406
2014-11-21,169.78323364257812
2014-11-24,170.25975036621094
2014-11-25,170.1365203857422
2014-11-26,170.5718994140625
2014-11-28,170.21047973632812
2014-12-01,169.02752685546875
2014-12-02,170.1200714111328
2014-12-03,170.77725219726562
2014-12-04,170.58837890625
2014-12-05,170.8676300048828
2014-12-08,169.7257843017578
2014-12-09,169.6107940673828
2014-12-10,166.89169311523438
2014-12-11,167.7378387451172
2014-12-12,165.0269317626953
2014-12-15,163.89329528808594
2014-12-16,162.57896423339844
2014-12-17,165.76622009277344
2014-12-18,169.86541748046875
2014-12-19,170.58819580078125
2014-12-22,171.37290954589844
2014-12-23,171.6041717529297
2014-12-24,171.62071228027344
2014-12-26,172.1741943359375
2014-12-29,172.4054718017578
2014-12-30,171.48033142089844
2014-12-31,169.77871704101562
2015-01-02,169.68785095214844
2015-01-05,166.6233673095703
2015-01-06,165.053955078125
2015-01-07,167.1106719970703
2015-01-08,170.07608032226562
2015-01-09,168.7131805419922
2015-01-12,167.3915252685547
2015-01-13,166.9207305908203
2015-01-14,165.9129638671875
2015-01-15,164.39306640625
2015-01-16,166.54904174804688
2015-01-20,166.90419006347656
2015-01-21,167.74671936035156
2015-01-22,170.2412872314453
2015-01-23,169.3079071044922
2015-01-26,169.70437622070312
2015-01-27,167.4658660888672
2015-01-28,165.31817626953125
2015-01-29,166.8463592529297
2015-01-30,164.74827575683594
2015-02-02,166.78857421875
2015-02-03,169.2004852294922
2015-02-04,168.55621337890625
2015-02-05,170.25778198242188
2015-02-06,169.7869415283203
2015-02-09,169.0270233154297
2015-02-10,170.8277130126953
2015-02-11,170.92681884765625
2015-02-12,172.57061767578125
2015-02-13,173.2809600830078
2015-02-17,173.5535888671875
2015-02-18,173.57012939453125
2015-02-19,173.4462127685547
2015-02-20,174.48699951171875
2015-02-23,174.46218872070312
2015-02-24,174.95785522460938
2015-02-25,174.8091583251953
2015-02-26,174.6026611328125
2015-02-27,174.00790405273438
2015-03-02,175.10650634765625
2015-03-03,174.38780212402344
2015-03-04,173.6527099609375
2015-03-05,173.84268188476562
2015-03-06,171.39768981933594
2015-03-09,172.1080322265625
2015-03-10,169.31617736816406
2015-03-11,168.9196319580078
2015-03-12,171.0672607421875
2015-03-13,170.0182647705078
2015-03-16,172.2898406982422
2015-03-17,171.77761840820312
2015-03-18,173.84268188476562
2015-03-19,173.04974365234375
2015-03-20,174.57720947265625
2015-03-23,174.23704528808594
2015-03-24,173.25794982910156
2015-03-25,170.7190704345703
2015-03-26,170.31251525878906
2015-03-27,170.7024688720703
2015-03-30,172.7850341796875
2015-03-31,171.27500915527344
2015-04-01,170.66934204101562
2015-04-02,171.2833251953125
2015-04-06,172.4365997314453
2015-04-07,171.9802703857422
2015-04-08,172.56101989746094
2015-04-09,173.32435607910156
2015-04-10,174.2701873779297
2015-04-13,173.48199462890625
2015-04-14,173.8138885498047
2015-04-15,174.59378051757812
2015-04-16,174.5440216064453
2015-04-17,172.5361328125
2015-04-20,174.11257934570312
2015-04-21,173.9051513671875
2015-04-22,174.7597198486328
2015-04-23,175.19949340820312
2015-04-24,175.60598754882812
2015-04-27,174.87591552734375
2015-04-28,175.4318389892578
2015-04-29,174.70999145507812
2015-04-30,172.95928955078125
2015-05-01,174.8344268798828
2015-05-04,175.33218383789062
2015-05-05,173.32435607910156
2015-05-06,172.61080932617188
2015-05-07,173.29946899414062
2015-05-08,175.5811309814453
2015-05-11,174.74314880371094
2015-05-12,174.22044372558594
2015-05-13,174.2535858154297
2015-05-14,176.07069396972656
2015-05-15,176.26153564453125
2015-05-18,176.80914306640625
2015-05-19,176.75100708007812
2015-05-20,176.62652587890625
2015-05-21,177.1409912109375
2015-05-22,176.7178497314453
2015-05-26,174.81776428222656
2015-05-27,176.4772186279297
2015-05-28,176.27809143066406
2015-05-29,175.182861328125
2015-06-01,175.53965759277344
2015-06-02,175.36541748046875
2015-06-03,175.8300018310547
2015-06-04,174.3448486328125
2015-06-05,174.04620361328125
2015-06-08,172.97586059570312
2015-06-09,172.95098876953125
2015-06-10,175.02525329589844
2015-06-11,175.5894775390625
2015-06-12,174.245361328125
2015-06-15,173.4986114501953
2015-06-16,174.4444580078125
2015-06-17,174.72654724121094
2015-06-18,176.5435791015625
2015-06-19,175.75982666015625
2015-06-22,176.66030883789062
2015-06-23,176.78536987304688
2015-06-24,175.50143432617188
2015-06-25,174.9678192138672
2015-06-26,174.9344482421875
2015-06-29,171.2660369873047
2015-06-30,171.62461853027344
2015-07-01,173.00021362304688
2015-07-02,172.84176635742188
2015-07-06,172.34988403320312
2015-07-07,173.43374633789062
2015-07-08,170.5240936279297
2015-07-09,170.83250427246094
2015-07-10,172.9835205078125
2015-07-13,174.89280700683594
2015-07-14,175.65147399902344
2015-07-15,175.59317016601562
2015-07-16,177.00216674804688
2015-07-17,177.1522674560547
2015-07-20,177.24391174316406
2015-07-21,176.54359436035156
2015-07-22,176.22682189941406
2015-07-23,175.23463439941406
2015-07-24,173.4170684814453
2015-07-27,172.40823364257812
2015-07-28,174.5259246826172
2015-07-29,175.72654724121094
2015-07-30,175.76824951171875
2015-07-31,175.50143432617188
2015-08-03,174.90940856933594
2015-08-04,174.5676727294922
2015-08-05,175.14291381835938
2015-08-06,173.70889282226562
2015-08-07,173.37539672851562
2015-08-10,175.55979919433594
2015-08-11,173.9756622314453
2015-08-12,174.18414306640625
2015-08-13,173.9673309326172
2015-08-14,174.60098266601562
2015-08-17,175.5764923095703
2015-08-18,175.06787109375
2015-08-19,173.68386840820312
2015-08-20,170.05714416503906
2015-08-21,164.9379425048828
2015-08-24,157.99293518066406
2015-08-25,156.1337432861328
2015-08-26,162.12831115722656
2015-08-27,166.13858032226562
2015-08-28,166.14688110351562
2015-08-31,164.80459594726562
2015-09-01,159.88558959960938
2015-09-02,162.92031860351562
2015-09-03,163.03707885742188
2015-09-04,160.56922912597656
2015-09-08,164.60443115234375
2015-09-09,162.40342712402344
2015-09-10,163.2871856689453
2015-09-11,164.0292205810547
2015-09-14,163.42059326171875
2015-09-15,165.4632568359375
2015-09-16,166.89727783203125
2015-09-17,166.5220489501953
2015-09-18,163.8008270263672
2015-09-21,164.64736938476562
2015-09-22,162.51028442382812
2015-09-23,162.25045776367188
2015-09-24,161.66380310058594
2015-09-25,161.6218719482422
2015-09-28,157.56568908691406
2015-09-29,157.65782165527344
2015-09-30,160.59945678710938
2015-10-01,161.01844787597656
2015-10-02,163.4237518310547
2015-10-05,166.3318634033203
2015-10-06,165.76193237304688
2015-10-07,167.11961364746094
2015-10-08,168.628173828125
2015-10-09,168.72866821289062
2015-10-12,168.8879852294922
2015-10-13,167.8236541748047
2015-10-14,167.01905822753906
2015-10-15,169.58355712890625
2015-10-16,170.3545684814453
2015-10-19,170.43841552734375
2015-10-20,170.2205047607422
2015-10-21,169.16452026367188
2015-10-22,172.02235412597656
2015-10-23,173.90797424316406
2015-10-26,173.4806365966797
2015-10-27,173.1454315185547
2015-10-28,175.1148223876953
2015-10-29,175.01425170898438
2015-10-30,174.2599334716797
2015-11-02,176.32167053222656
2015-11-03,176.83287048339844
2015-11-04,176.2964630126953
2015-11-05,176.12045288085938
2015-11-06,176.02833557128906
2015-11-09,174.3856964111328
2015-11-10,174.78794860839844
2015-11-11,174.1007537841797
2015-11-12,171.67037963867188
2015-11-13,169.74276733398438
2015-11-16,172.32400512695312
2015-11-17,172.19834899902344
2015-11-18,174.93043518066406
2015-11-19,174.77957153320312
2015-11-20,175.41650390625
2015-11-23,175.21543884277344
2015-11-24,175.45005798339844
2015-11-25,175.42489624023438
2015-11-27,175.6260223388672
2015-11-30,174.8969268798828
2015-12-01,176.5646514892578
2015-12-02,174.76283264160156
2015-12-03,172.31564331054688
2015-12-04,175.67637634277344
2015-12-07,174.61196899414062
2015-12-08,173.4386749267578
2015-12-09,172.08937072753906
2015-12-10,172.53355407714844
2015-12-11,169.1896514892578
2015-12-14,170.0445098876953
2015-12-15,171.82952880859375
2015-12-16,174.3437957763672
2015-12-17,171.68716430664062
2015-12-18,168.62847900390625
2015-12-21,170.01953125
2015-12-22,171.5623321533203
2015-12-23,173.6868438720703
2015-12-24,173.4002227783203
2015-12-28,173.00393676757812
2015-12-29,174.85031127929688
2015-12-30,173.61097717285156
2015-12-31,171.874267578125
2016-01-04,169.47158813476562
2016-01-05,169.75819396972656
2016-01-06,167.6168670654297
2016-01-07,163.5954132080078
2016-01-08,161.79974365234375
2016-01-11,161.9598846435547
2016-01-12,163.26666259765625
2016-01-13,159.19467163085938
2016-01-14,161.8081512451172
2016-01-15,158.334716796875
2016-01-19,158.54550170898438
2016-01-20,156.51373291015625
2016-01-21,157.3905792236328
2016-01-22,160.61941528320312
2016-01-25,158.19143676757812
2016-01-26,160.34967041015625
2016-01-27,158.6046142578125
2016-01-28,159.4307098388672
2016-01-29,163.31724548339844
2016-02-01,163.25819396972656
2016-02-02,160.31593322753906
2016-02-03,161.27706909179688
2016-02-04,161.52996826171875
2016-02-05,158.45272827148438
2016-02-08,156.31982421875
2016-02-09,156.32827758789062
2016-02-10,156.19337463378906
2016-02-11,154.16156005859375
2016-02-12,157.33998107910156
2016-02-16,159.99560546875
2016-02-17,162.60906982421875
2016-02-18,161.9430389404297
2016-02-19,161.8671417236328
2016-02-22,164.21087646484375
2016-02-23,162.13697814941406
2016-02-24,162.87879943847656
2016-02-25,164.85157775878906
2016-02-26,164.4722137451172
2016-02-29,163.182373046875
2016-03-01,167.0182647705078
2016-03-02,167.76853942871094
2016-03-03,168.42617797851562
2016-03-04,168.9740753173828
2016-03-07,169.1090545654297
2016-03-08,167.26272583007812
2016-03-09,168.08888244628906
2016-03-10,168.22381591796875
2016-03-11,170.93844604492188
2016-03-14,170.7193145751953
2016-03-15,170.44105529785156
2016-03-16,171.4274139404297
2016-03-17,172.51498413085938
2016-03-18,173.1929168701172
2016-03-21,173.4386749267578
2016-03-22,173.34542846679688
2016-03-23,172.2014617919922
2016-03-24,172.1251983642578
2016-03-28,172.22682189941406
2016-03-29,173.81996154785156
2016-03-30,174.5827178955078
2016-03-31,174.15895080566406
2016-04-01,175.34532165527344
2016-04-04,174.77757263183594
2016-04-05,173.03195190429688
2016-04-06,174.92160034179688
2016-04-07,172.82852172851562
2016-04-08,173.29457092285156
2016-04-11,172.8878631591797
2016-04-12,174.49794006347656
2016-04-13,176.26052856445312
2016-04-14,176.26895141601562
2016-04-15,176.07415771484375
2016-04-18,177.31130981445312
2016-04-19,177.87057495117188
2016-04-20,178.04005432128906
2016-04-21,177.08250427246094
2016-04-22,177.08250427246094
2016-04-25,176.77740478515625
2016-04-26,177.0401611328125
2016-04-27,177.40452575683594
2016-04-28,175.79440307617188
2016-04-29,174.84532165527344
2016-05-02,176.235107421875
2016-05-03,174.7012939453125
2016-05-04,173.726806640625
2016-05-05,173.69290161132812
2016-05-06,174.32839965820312
2016-05-09,174.4724884033203
2016-05-10,176.641845703125
2016-05-11,174.98936462402344
2016-05-12,175.0402374267578
2016-05-13,173.51495361328125
2016-05-16,175.22669982910156
2016-05-17,173.59120178222656
2016-05-18,173.64208984375
2016-05-19,173.04037475585938
2016-05-20,174.13351440429688
2016-05-23,173.89627075195312
2016-05-24,176.15032958984375
2016-05-25,177.34519958496094
2016-05-26,177.3960418701172
2016-05-27,178.15875244140625
2016-05-31,177.81973266601562
2016-06-01,178.18417358398438
2016-06-02,178.72650146484375
2016-06-03,178.19261169433594
2016-06-06,179.09933471679688
2016-06-07,179.3789520263672
2016-06-08,179.9636688232422
2016-06-09,179.71792602539062
2016-06-10,178.0147247314453
2016-06-13,176.641845703125
2016-06-14,176.29444885253906
2016-06-15,176.0487060546875
2016-06-16,176.57406616210938
2016-06-17,175.91647338867188
2016-06-20,177.0493621826172
2016-06-21,177.55197143554688
2016-06-22,177.2622833251953
2016-06-23,179.5707550048828
2016-06-24,173.1224822998047
2016-06-27,170.02191162109375
2016-06-28,173.08840942382812
2016-06-29,176.03567504882812
2016-06-30,178.43780517578125
2016-07-01,178.8126220703125
2016-07-05,177.52642822265625
2016-07-06,178.59117126464844
2016-07-07,178.48045349121094
2016-07-08,181.13807678222656
2016-07-11,181.77696228027344
2016-07-12,183.09730529785156
2016-07-13,183.0716552734375
2016-07-14,184.09385681152344
2016-07-15,183.84686279296875
2016-07-18,184.34088134765625
2016-07-19,184.15347290039062
2016-07-20,184.9201202392578
2016-07-21,184.22169494628906
2016-07-22,185.0478973388672
2016-07-25,184.54534912109375
2016-07-26,184.63052368164062
2016-07-27,184.43463134765625
2016-07-28,184.6475372314453
2016-07-29,184.94566345214844
2016-08-01,184.79234313964844
2016-08-02,183.60836791992188
2016-08-03,184.14500427246094
2016-08-04,184.34088134765625
2016-08-05,185.8485565185547
2016-08-08,185.73789978027344
2016-08-09,185.8485565185547
2016-08-10,185.3885955810547
2016-08-11,186.24891662597656
2016-08-12,186.0872039794922
2016-08-15,186.62376403808594
2016-08-16,185.6612091064453
2016-08-17,186.0104217529297
2016-08-18,186.42788696289062
2016-08-19,186.15528869628906
2016-08-22,186.146728515625
2016-08-23,186.52157592773438
2016-08-24,185.5675506591797
2016-08-25,185.43975830078125
2016-08-26,185.09046936035156
2016-08-29,186.00196838378906
2016-08-30,185.6952362060547
2016-08-31,185.1671600341797
2016-09-01,185.17567443847656
2016-09-02,186.0104217529297
2016-09-06,186.5726776123047
2016-09-07,186.55563354492188
2016-09-08,186.1296844482422
2016-09-09,181.6747283935547
2016-09-12,184.28128051757812
2016-09-13,181.63209533691406
2016-09-14,181.56396484375
2016-09-15,183.37841796875
2016-09-16,182.66949462890625
2016-09-19,182.7037353515625
2016-09-20,182.71229553222656
2016-09-21,184.76699829101562
2016-09-22,185.9312744140625
2016-09-23,184.9125518798828
2016-09-26,183.414306640625
2016-09-27,184.55294799804688
2016-09-28,185.46896362304688
2016-09-29,183.79098510742188
2016-09-30,185.17794799804688
2016-10-03,184.73268127441406
2016-10-04,183.79098510742188
2016-10-05,184.6042938232422
2016-10-06,184.73268127441406
2016-10-07,184.09915161132812
2016-10-10,185.0579833984375
2016-10-11,182.7208251953125
2016-10-12,182.96060180664062
2016-10-13,182.3612823486328
2016-10-14,182.45547485351562
2016-10-17,181.82191467285156
2016-10-18,182.96060180664062
2016-10-19,183.44854736328125
2016-10-20,183.10614013671875
2016-10-21,183.19171142578125
2016-10-24,183.9707794189453
2016-10-25,183.35438537597656
2016-10-26,182.98626708984375
2016-10-27,182.498291015625
2016-10-28,181.9589080810547
2016-10-31,181.96743774414062
2016-11-01,180.6490478515625
2016-11-02,179.56178283691406
2016-11-03,178.73992919921875
2016-11-04,178.54299926757812
2016-11-07,182.4811553955078
2016-11-08,183.30303955078125
2016-11-09,185.24639892578125
2016-11-10,185.7086944580078
2016-11-11,185.28062438964844
2016-11-14,185.42617797851562
2016-11-15,186.87303161621094
2016-11-16,186.52200317382812
2016-11-17,187.48085021972656
2016-11-18,187.0613250732422
2016-11-21,188.47393798828125
2016-11-22,188.842041015625
2016-11-23,188.94483947753906
2016-11-25,189.64678955078125
2016-11-28,188.75645446777344
2016-11-29,189.12460327148438
2016-11-30,188.6708221435547
2016-12-01,187.97738647460938
2016-12-02,188.0715789794922
2016-12-05,189.20164489746094
2016-12-06,189.80093383789062
2016-12-07,192.28367614746094
2016-12-08,192.75454711914062
2016-12-09,193.91885375976562
2016-12-12,193.6962432861328
2016-12-13,194.989013671875
2016-12-14,193.3795166015625
2016-12-15,194.1756591796875
2016-12-16,193.79591369628906
2016-12-19,194.21786499023438
2016-12-20,194.96702575683594
2016-12-21,194.42457580566406
2016-12-22,194.0887451171875
2016-12-23,194.3728485107422
2016-12-27,194.8551788330078
2016-12-28,193.24478149414062
2016-12-29,193.20169067382812
2016-12-30,192.49557495117188
2017-01-03,193.96817016601562
2017-01-04,195.12210083007812
2017-01-05,194.96702575683594
2017-01-06,195.6646270751953
2017-01-09,195.01876831054688
2017-01-10,195.01876831054688
2017-01-11,195.5699462890625
2017-01-12,195.0790252685547
2017-01-13,195.52685546875
2017-01-17,194.8379364013672
2017-01-18,195.2685089111328
2017-01-19,194.5451202392578
2017-01-20,195.25987243652344
2017-01-23,194.75173950195312
2017-01-24,196.00048828125
2017-01-25,197.69699096679688
2017-01-26,197.4902801513672
2017-01-27,197.18031311035156
2017-01-30,195.95742797851562
2017-01-31,195.94020080566406
2017-02-01,196.01771545410156
2017-02-02,196.1468963623047
2017-02-03,197.49891662597656
2017-02-06,197.14581298828125
2017-02-07,197.1544647216797
2017-02-08,197.41282653808594
2017-02-09,198.583984375
2017-02-10,199.36758422851562
2017-02-13,200.45263671875
2017-02-14,201.25355529785156
2017-02-15,202.30418395996094
2017-02-16,202.13197326660156
2017-02-17,202.45057678222656
2017-02-21,203.6562042236328
2017-02-22,203.47535705566406
2017-02-23,203.6132049560547
2017-02-24,203.87149047851562
2017-02-27,204.1901092529297
2017-02-28,203.63897705078125
2017-03-01,206.48947143554688
2017-03-02,205.18910217285156
2017-03-03,205.3182373046875
2017-03-06,204.7068634033203
2017-03-07,204.09544372558594
2017-03-08,203.71653747558594
2017-03-09,203.9748077392578
2017-03-10,204.68959045410156
2017-03-13,204.79293823242188
2017-03-14,204.00930786132812
2017-03-15,205.77467346191406
2017-03-16,205.36988830566406
2017-03-17,205.00929260253906
2017-03-20,204.78440856933594
2017-03-21,202.15504455566406
2017-03-22,202.6307830810547
2017-03-23,202.41456604003906
2017-03-24,202.2675018310547
2017-03-27,202.05995178222656
2017-03-28,203.53025817871094
2017-03-29,203.72055053710938
2017-03-30,204.36924743652344
2017-03-31,203.89353942871094
2017-04-03,203.5389404296875
2017-04-04,203.66867065429688
2017-04-05,203.06321716308594
2017-04-06,203.6340789794922
2017-04-07,203.4264678955078
2017-04-10,203.54757690429688
2017-04-11,203.30538940429688
2017-04-12,202.41456604003906
2017-04-13,201.09983825683594
2017-04-17,202.881591796875
2017-04-18,202.276123046875
2017-04-19,201.9042205810547
2017-04-20,203.54757690429688
2017-04-21,202.8988800048828
2017-04-24,205.13035583496094
2017-04-25,206.32394409179688
2017-04-26,206.19419860839844
2017-04-27,206.36720275878906
2017-04-28,205.9174041748047
2017-05-01,206.4364013671875
2017-05-02,206.5142059326172
2017-05-03,206.26333618164062
2017-05-04,206.50547790527344
2017-05-05,207.31854248046875
2017-05-08,207.28399658203125
2017-05-09,207.0937042236328
2017-05-10,207.46559143066406
2017-05-11,207.0418243408203
2017-05-12,206.6958465576172
2017-05-15,207.8375244140625
2017-05-16,207.64727783203125
2017-05-17,203.9627227783203
2017-05-18,204.78440856933594
2017-05-19,206.11636352539062
2017-05-22,207.16290283203125
2017-05-23,207.6212615966797
2017-05-24,208.10560607910156
2017-05-25,209.10023498535156
2017-05-26,209.05702209472656
2017-05-30,208.87539672851562
2017-05-31,208.8235321044922
2017-06-01,210.48411560058594
2017-06-02,211.18470764160156
2017-06-05,211.02902221679688
2017-06-06,210.35443115234375
2017-06-07,210.7436065673828
2017-06-08,210.8473358154297
2017-06-09,210.52734375
2017-06-12,210.48411560058594
2017-06-13,211.5133819580078
2017-06-14,211.24520874023438
2017-06-15,210.83876037597656
2017-06-16,210.88479614257812
2017-06-19,212.6405029296875
2017-06-20,211.20643615722656
2017-06-21,211.1542205810547
2017-06-22,211.05868530273438
2017-06-23,211.31068420410156
2017-06-26,211.44970703125
2017-06-27,209.7462615966797
2017-06-28,211.62356567382812
2017-06-29,209.76361083984375
2017-06-30,210.15475463867188
2017-07-03,210.51109313964844
2017-07-05,210.99781799316406
2017-07-06,209.0684051513672
2017-07-07,210.4241943359375
2017-07-10,210.65016174316406
2017-07-11,210.49368286132812
2017-07-12,212.0755157470703
2017-07-13,212.4318389892578
2017-07-14,213.4226837158203
2017-07-17,213.39654541015625
2017-07-18,213.50955200195312
2017-07-19,214.6654815673828
2017-07-20,214.76112365722656
2017-07-21,214.5699462890625
2017-07-24,214.51779174804688
2017-07-25,215.03921508789062
2017-07-26,215.04791259765625
2017-07-27,214.84800720214844
2017-07-28,214.5959930419922
2017-07-31,214.47430419921875
2017-08-01,214.95233154296875
2017-08-02,215.05662536621094
2017-08-03,214.63938903808594
2017-08-04,215.0305633544922
2017-08-07,215.43035888671875
2017-08-08,214.90017700195312
2017-08-09,214.89149475097656
2017-08-10,211.85824584960938
2017-08-11,212.1710968017578
2017-08-14,214.27442932128906
2017-08-15,214.248291015625
2017-08-16,214.62203979492188
2017-08-17,211.2759246826172
2017-08-18,210.9456787109375
2017-08-21,211.11074829101562
2017-08-22,213.3184051513672
2017-08-23,212.5535125732422
2017-08-24,212.05812072753906
2017-08-25,212.5535125732422
2017-08-28,212.56222534179688
2017-08-29,212.8056182861328
2017-08-30,213.813720703125
2017-08-31,215.10006713867188
2017-09-01,215.40426635742188
2017-09-05,213.857177734375
2017-09-06,214.58734130859375
2017-09-07,214.5612335205078
2017-09-08,214.3091583251953
2017-09-11,216.594970703125
2017-09-12,217.3250274658203
2017-09-13,217.4293670654297
2017-09-14,217.35977172851562
2017-09-15,217.65240478515625
2017-09-18,218.11534118652344
2017-09-19,218.33372497558594
2017-09-20,218.41232299804688
2017-09-21,217.82705688476562
2017-09-22,217.8707733154297
2017-09-25,217.4253387451172
2017-09-26,217.55633544921875
2017-09-27,218.40357971191406
2017-09-28,218.66558837890625
2017-09-29,219.43423461914062
2017-10-02,220.38623046875
2017-10-03,220.85792541503906
2017-10-04,221.11997985839844
2017-10-05,222.43008422851562
2017-10-06,222.1768035888672
2017-10-09,221.8099822998047
2017-10-10,222.39520263671875
2017-10-11,222.74456787109375
2017-10-12,222.4126739501953
2017-10-13,222.68341064453125
2017-10-16,222.9803924560547
2017-10-17,223.13763427734375
2017-10-18,223.35601806640625
2017-10-19,223.41709899902344
2017-10-20,224.5700225830078
2017-10-23,223.69662475585938
2017-10-24,224.0896453857422
2017-10-25,222.9803924560547
2017-10-26,223.26866149902344
2017-10-27,225.09410095214844
2017-10-30,224.25558471679688
2017-10-31,224.60499572753906
2017-11-01,224.9019012451172
2017-11-02,224.9893035888672
2017-11-03,225.740478515625
2017-11-06,226.08984375
2017-11-07,225.93264770507812
2017-11-08,226.31692504882812
2017-11-09,225.49591064453125
2017-11-10,225.42604064941406
2017-11-13,225.6356201171875
2017-11-14,225.1116180419922
2017-11-15,223.98484802246094
2017-11-16,225.88897705078125
2017-11-17,225.22511291503906
2017-11-20,225.60943603515625
2017-11-21,227.08554077148438
2017-11-22,226.8846893310547
2017-11-24,227.40872192382812
2017-11-27,227.2952117919922
2017-11-28,229.60107421875
2017-11-29,229.46133422851562
2017-11-30,231.47024536132812
2017-12-01,230.9898223876953
2017-12-04,230.7103271484375
2017-12-05,229.8805694580078
2017-12-06,229.92420959472656
2017-12-07,230.64918518066406
2017-12-08,231.9069366455078
2017-12-11,232.60574340820312
2017-12-12,233.0162353515625
2017-12-13,232.98997497558594
2017-12-14,232.0379638671875
2017-12-15,233.97023010253906
2017-12-18,235.45387268066406
2017-12-19,234.5496368408203
2017-12-20,234.42666625976562
2017-12-21,234.90960693359375
2017-12-22,234.8480682373047
2017-12-26,234.567138671875
2017-12-27,234.68138122558594
2017-12-28,235.1641845703125
2017-12-29,234.27745056152344
2018-01-02,235.9542694091797
2018-01-03,237.4466552734375
2018-01-04,238.44749450683594
2018-01-05,240.03656005859375
2018-01-08,240.4755401611328
2018-01-09,241.01980590820312
2018-01-10,240.65109252929688
2018-01-11,242.40692138671875
2018-01-12,243.9871063232422
2018-01-16,243.15304565429688
2018-01-17,245.47079467773438
2018-01-18,245.05816650390625
2018-01-19,246.1731719970703
2018-01-22,248.17477416992188
2018-01-23,248.70150756835938
2018-01-24,248.6049346923828
2018-01-25,248.71022033691406
2018-01-26,251.5897979736328
2018-01-29,249.92176818847656
2018-01-30,247.3582763671875
2018-01-31,247.48121643066406
2018-02-01,247.20021057128906
2018-02-02,241.8187713623047
2018-02-05,231.7052459716797
2018-02-06,236.27035522460938
2018-02-07,234.98867797851562
2018-02-08,226.17446899414062
2018-02-09,229.57196044921875
2018-02-12,232.94305419921875
2018-02-13,233.5224609375
2018-02-14,236.67410278320312
2018-02-15,239.69418334960938
2018-02-16,239.76437377929688
2018-02-20,238.26312255859375
2018-02-21,237.07797241210938
2018-02-22,237.38523864746094
2018-02-23,241.1690216064453
2018-02-26,243.96951293945312
2018-02-27,240.92318725585938
2018-02-28,238.48263549804688
2018-03-01,235.01498413085938
2018-03-02,236.2264404296875
2018-03-05,238.95663452148438
2018-03-06,239.56251525878906
2018-03-07,239.47471618652344
2018-03-08,240.63351440429688
2018-03-09,244.8210906982422
2018-03-12,244.5138702392578
2018-03-13,242.9336395263672
2018-03-14,241.68695068359375
2018-03-15,241.4236297607422
2018-03-16,241.6854248046875
2018-03-19,238.41539001464844
2018-03-20,238.8208465576172
2018-03-21,238.3624725341797
2018-03-22,232.40403747558594
2018-03-23,227.4504852294922
2018-03-26,233.6732940673828
2018-03-27,229.69810485839844
2018-03-28,229.01942443847656
2018-03-29,231.94580078125
2018-04-02,226.93923950195312
2018-04-03,229.847900390625
2018-04-04,232.30711364746094
2018-04-05,234.1404571533203
2018-04-06,228.9224853515625
2018-04-09,230.0506591796875
2018-04-10,233.70858764648438
2018-04-11,232.4834442138672
2018-04-12,234.39601135253906
2018-04-13,233.70858764648438
2018-04-16,235.6300506591797
2018-04-17,238.15090942382812
2018-04-18,238.3272247314453
2018-04-19,237.005126953125
2018-04-20,234.9954833984375
2018-04-23,234.96022033691406
2018-04-24,231.79595947265625
2018-04-25,232.36886596679688
2018-04-26,234.7310028076172
2018-04-27,234.95138549804688
2018-04-30,233.14442443847656
2018-05-01,233.5587158203125
2018-05-02,231.9898223876953
2018-05-03,231.47857666015625
2018-05-04,234.47540283203125
2018-05-07,235.26869201660156
2018-05-08,235.26869201660156
2018-05-09,237.5427703857422
2018-05-10,239.76390075683594
2018-05-11,240.49554443359375
2018-05-14,240.61013793945312
2018-05-15,238.9530792236328
2018-05-16,239.95774841308594
2018-05-17,239.75514221191406
2018-05-18,239.15574645996094
2018-05-21,240.9539031982422
2018-05-22,240.28395080566406
2018-05-23,240.94503784179688
2018-05-24,240.45140075683594
2018-05-25,239.87855529785156
2018-05-29,237.11973571777344
2018-05-30,240.28395080566406
2018-05-31,238.8119659423828
2018-06-01,241.15652465820312
2018-06-04,242.30242919921875
2018-06-05,242.478759765625
2018-06-06,244.50599670410156
2018-06-07,244.47950744628906
2018-06-08,245.20228576660156
2018-06-11,245.52838134765625
2018-06-12,245.84576416015625
2018-06-13,245.0613250732422
2018-06-14,245.67823791503906
2018-06-15,245.36477661132812
2018-06-18,244.86016845703125
2018-06-19,243.9217071533203
2018-06-20,244.3377685546875
2018-06-21,242.80606079101562
2018-06-22,243.24876403808594
2018-06-25,239.9375
2018-06-26,240.46875
2018-06-27,238.4766082763672
2018-06-28,239.84010314941406
2018-06-29,240.1853485107422
2018-07-02,240.69883728027344
2018-07-03,239.84896850585938
2018-07-05,241.80563354492188
2018-07-06,243.85081481933594
2018-07-09,246.04652404785156
2018-07-10,246.93194580078125
2018-07-11,245.125732421875
2018-07-12,247.34803771972656
2018-07-13,247.54283142089844
2018-07-16,247.321533203125
2018-07-17,248.3220672607422
2018-07-18,248.84432983398438
2018-07-19,247.90586853027344
2018-07-20,247.62245178222656
2018-07-23,248.08297729492188
2018-07-24,249.3312530517578
2018-07-25,251.45620727539062
2018-07-26,250.86306762695312
2018-07-27,249.16317749023438
2018-07-30,247.8616485595703
2018-07-31,249.08340454101562
2018-08-01,248.66725158691406
2018-08-02,250.02200317382812
2018-08-03,251.0931854248047
2018-08-06,252.01400756835938
2018-08-07,252.84620666503906
2018-08-08,252.74002075195312
2018-08-09,252.3947296142578
2018-08-10,250.7036590576172
2018-08-13,249.76519775390625
2018-08-14,251.35879516601562
2018-08-15,249.48184204101562
2018-08-16,251.50051879882812
2018-08-17,252.38587951660156
2018-08-20,252.92593383789062
2018-08-21,253.51918029785156
2018-08-22,253.36863708496094
2018-08-23,253.0322723388672
2018-08-24,254.55508422851562
2018-08-27,256.56475830078125
2018-08-28,256.68890380859375
2018-08-29,258.0699462890625
2018-08-30,257.02520751953125
2018-08-31,257.0340576171875
2018-09-04,256.59136962890625
2018-09-05,255.90077209472656
2018-09-06,255.13058471679688
2018-09-07,254.63478088378906
2018-09-10,255.07737731933594
2018-09-11,255.91847229003906
2018-09-12,255.9805145263672
2018-09-13,257.4944763183594
2018-09-14,257.53875732421875
2018-09-17,256.17535400390625
2018-09-18,257.5653381347656
2018-09-19,257.83978271484375
2018-09-20,259.9293518066406
2018-09-21,259.69183349609375
2018-09-24,258.8291931152344
2018-09-25,258.5889587402344
2018-09-26,257.8152160644531
2018-09-27,258.5356750488281
2018-09-28,258.5623779296875
2018-10-01,259.4605407714844
2018-10-02,259.3094482421875
2018-10-03,259.45159912109375
2018-10-04,257.4239196777344
2018-10-05,255.98306274414062
2018-10-08,255.98306274414062
2018-10-09,255.60955810546875
2018-10-10,247.51614379882812
2018-10-11,242.0642547607422
2018-10-12,245.42608642578125
2018-10-15,244.04754638671875
2018-10-16,249.3838348388672
2018-10-17,249.42837524414062
2018-10-18,245.82630920410156
2018-10-19,245.6929168701172
2018-10-22,244.59011840820312
2018-10-23,243.3448944091797
2018-10-24,235.97190856933594
2018-10-25,240.2053985595703
2018-10-26,235.98080444335938
2018-10-29,234.6733856201172
2018-10-30,238.15084838867188
2018-10-31,240.6945343017578
2018-11-01,243.2559814453125
2018-11-02,241.815185546875
2018-11-05,243.149169921875
2018-11-06,244.6879425048828
2018-11-07,249.92637634277344
2018-11-08,249.47280883789062
2018-11-09,247.03594970703125
2018-11-12,242.4199981689453
2018-11-13,241.9663848876953
2018-11-14,240.31211853027344
2018-11-15,242.8201446533203
2018-11-16,243.4517059326172
2018-11-19,239.3337860107422
2018-11-20,234.90463256835938
2018-11-21,235.70506286621094
2018-11-23,234.13082885742188
2018-11-26,237.91079711914062
2018-11-27,238.7112274169922
2018-11-28,244.2076416015625
2018-11-29,243.67398071289062
2018-11-30,245.15927124023438
2018-12-03,248.40557861328125
2018-12-04,240.35653686523438
2018-12-06,239.99191284179688
2018-12-07,234.41551208496094
2018-12-10,234.86013793945312
2018-12-11,234.91354370117188
2018-12-12,236.0963897705078
2018-12-13,236.016357421875
2018-12-14,231.65834045410156
2018-12-17,227.11366271972656
2018-12-18,226.8646240234375
2018-12-19,223.4671173095703
2018-12-20,219.82957458496094
2018-12-21,215.32533264160156
2018-12-24,209.63577270507812
2018-12-26,220.22763061523438
2018-12-27,221.91839599609375
2018-12-28,221.6321258544922
2018-12-31,223.57339477539062
2019-01-02,223.80589294433594
2019-01-03,218.46530151367188
2019-01-04,225.78298950195312
2019-01-07,227.56320190429688
2019-01-08,229.7012481689453
2019-01-09,230.7747344970703
2019-01-10,231.5888214111328
2019-01-11,231.6782684326172
2019-01-14,230.26480102539062
2019-01-15,232.90382385253906
2019-01-16,233.46742248535156
2019-01-17,235.23870849609375
2019-01-18,238.36972045898438
2019-01-22,235.14920043945312
2019-01-23,235.64125061035156
2019-01-24,235.76651000976562
2019-01-25,237.76138305664062
2019-01-28,235.95436096191406
2019-01-29,235.64125061035156
2019-01-30,239.37167358398438
2019-01-31,241.47389221191406
2019-02-01,241.59017944335938
2019-02-04,243.2899169921875
2019-02-05,244.3097686767578
2019-02-06,243.9876708984375
2019-02-07,241.66175842285156
2019-02-08,241.95697021484375
2019-02-11,242.0911407470703
2019-02-12,245.20428466796875
2019-02-13,246.00047302246094
2019-02-14,245.45480346679688
2019-02-15,248.1295623779297
2019-02-19,248.5590057373047
2019-02-20,249.0598907470703
2019-02-21,248.17433166503906
2019-02-22,249.712890625
2019-02-25,250.05296325683594
2019-02-26,249.87405395507812
2019-02-27,249.7666778564453
2019-02-28,249.30154418945312
2019-03-01,250.85804748535156
2019-03-04,249.94557189941406
2019-03-05,249.6055908203125
2019-03-06,248.0937957763672
2019-03-07,246.0184326171875
2019-03-08,245.5262908935547
2019-03-11,249.0867919921875
2019-03-12,250.02610778808594
2019-03-13,251.68106079101562
2019-03-14,251.52001953125
2019-03-15,252.76275634765625
2019-03-18,253.67916870117188
2019-03-19,253.74209594726562
2019-03-20,252.9783172607422
2019-03-21,255.83566284179688
2019-03-22,250.91165161132812
2019-03-25,250.72311401367188
2019-03-26,252.5918731689453
2019-03-27,251.27108764648438
2019-03-28,252.22357177734375
2019-03-29,253.81399536132812
2019-04-01,256.82403564453125
2019-04-02,256.9498291015625
2019-04-03,257.3541259765625
2019-04-04,258.0369873046875
2019-04-05,259.28594970703125
2019-04-08,259.483642578125
2019-04-09,258.1537780761719
2019-04-10,259.0343322753906
2019-04-11,258.9625244140625
2019-04-12,260.714599609375
2019-04-15,260.5438537597656
2019-04-16,260.714599609375
2019-04-17,260.07666015625
2019-04-18,260.5888366699219
2019-04-22,260.8134460449219
2019-04-23,263.1585693359375
2019-04-24,262.5745849609375
2019-04-25,262.4128723144531
2019-04-26,263.634765625
2019-04-29,264.0480651855469
2019-04-30,264.1828918457031
2019-05-01,262.1971740722656
2019-05-02,261.6310119628906
2019-05-03,264.1919250488281
2019-05-06,263.1045837402344
2019-05-07,258.71087646484375
2019-05-08,258.3515319824219
2019-05-09,257.5697937011719
2019-05-10,258.8636474609375
2019-05-13,252.3583526611328
2019-05-14,254.64056396484375
2019-05-15,256.1322021484375
2019-05-16,258.5042724609375
2019-05-17,256.83294677734375
2019-05-20,255.13478088378906
2019-05-21,257.4349670410156
2019-05-22,256.6443176269531
2019-05-23,253.50852966308594
2019-05-24,254.08352661132812
2019-05-28,251.72044372558594
2019-05-29,250.03123474121094
2019-05-30,250.71405029296875
2019-05-31,247.3355712890625
2019-06-03,246.7066650390625
2019-06-04,252.06185913085938
2019-06-05,254.2452392578125
2019-06-06,255.8984832763672
2019-06-07,258.4593200683594
2019-06-10,259.64532470703125
2019-06-11,259.58251953125
2019-06-12,259.124267578125
2019-06-13,260.1934509277344
2019-06-14,259.90594482421875
2019-06-17,260.0047912597656
2019-06-18,262.72723388671875
2019-06-19,263.32025146484375
2019-06-20,265.83612060546875
2019-06-21,265.44976806640625
2019-06-24,265.12469482421875
2019-06-25,262.5244140625
2019-06-26,262.26251220703125
2019-06-27,263.1925048828125
2019-06-28,264.5468444824219
2019-07-01,266.94854736328125
2019-07-02,267.6437072753906
2019-07-03,269.7835998535156
2019-07-05,269.47662353515625
2019-07-08,267.9959411621094
2019-07-09,268.3299560546875
2019-07-10,269.612060546875
2019-07-11,270.2439880371094
2019-07-12,271.45404052734375
2019-07-15,271.5442199707031
2019-07-16,270.66845703125
2019-07-17,268.8265075683594
2019-07-18,269.81072998046875
2019-07-19,268.3118591308594
2019-07-22,268.970947265625
2019-07-23,270.8941955566406
2019-07-24,272.1672668457031
2019-07-25,270.8670959472656
2019-07-26,272.68194580078125
2019-07-29,272.1853332519531
2019-07-30,271.5171203613281
2019-07-31,268.5466613769531
2019-08-01,266.2081604003906
2019-08-02,264.2037658691406
2019-08-05,256.2583312988281
2019-08-06,259.8517761230469
2019-08-07,260.00537109375
2019-08-08,265.10662841796875
2019-08-09,263.3008728027344
2019-08-12,260.0955810546875
2019-08-13,264.14056396484375
2019-08-14,256.3305358886719
2019-08-15,257.0077209472656
2019-08-16,260.79986572265625
2019-08-19,263.9418640136719
2019-08-20,261.91949462890625
2019-08-21,264.0502014160156
2019-08-22,263.9689636230469
2019-08-23,257.1883239746094
2019-08-26,260.03240966796875
2019-08-27,259.0120544433594
2019-08-28,260.8360290527344
2019-08-29,264.1675720214844
2019-08-30,264.0502014160156
2019-09-03,262.5063171386719
2019-09-04,265.48590087890625
2019-09-05,268.8987731933594
2019-09-06,269.1064453125
2019-09-09,269.2418212890625
2019-09-10,269.1786804199219
2019-09-11,271.09271240234375
2019-09-12,272.0318603515625
2019-09-13,271.8511657714844
2019-09-16,271.01153564453125
2019-09-17,271.6977233886719
2019-09-18,271.8602294921875
2019-09-19,271.8421936035156
2019-09-20,270.5578308105469
2019-09-23,270.49432373046875
2019-09-24,268.3717956542969
2019-09-25,269.9591979980469
2019-09-26,269.3968200683594
2019-09-27,267.9454040527344
2019-09-30,269.1880798339844
2019-10-01,265.9862365722656
2019-10-02,261.2875671386719
2019-10-03,263.4282531738281
2019-10-04,266.99298095703125
2019-10-07,265.8410949707031
2019-10-08,261.7139892578125
2019-10-09,264.1993408203125
2019-10-10,265.9862365722656
2019-10-11,268.7436828613281
2019-10-14,268.4443359375
2019-10-15,271.1020812988281
2019-10-16,270.66668701171875
2019-10-17,271.46484375
2019-10-18,270.2766418457031
2019-10-21,272.10888671875
2019-10-22,271.21990966796875
2019-10-23,272.00909423828125
2019-10-24,272.45355224609375
2019-10-25,273.5691833496094
2019-10-28,275.1112365722656
2019-10-29,275.02947998046875
2019-10-30,275.87322998046875
2019-10-31,275.1383972167969
2019-11-01,277.6872863769531
2019-11-04,278.802978515625
2019-11-05,278.4945983886719
2019-11-06,278.5580139160156
2019-11-07,279.53778076171875
2019-11-08,280.22705078125
2019-11-11,279.6918640136719
2019-11-12,280.2814636230469
2019-11-13,280.3721618652344
2019-11-14,280.78033447265625
2019-11-15,282.8121337890625
2019-11-18,283.0207824707031
2019-11-19,282.93914794921875
2019-11-20,281.886962890625
2019-11-21,281.4334411621094
2019-11-22,282.05926513671875
2019-11-25,284.2453308105469
2019-11-26,284.88934326171875
2019-11-27,286.1592712402344
2019-11-29,285.09796142578125
2019-12-02,282.6761779785156
2019-12-03,280.78033447265625
2019-12-04,282.5128173828125
2019-12-05,283.0207824707031
2019-12-06,285.60589599609375
2019-12-09,284.7079162597656
2019-12-10,284.39044189453125
2019-12-11,285.1977844238281
2019-12-12,287.65582275390625
2019-12-13,287.8282165527344
2019-12-16,289.8056945800781
2019-12-17,289.8690490722656
2019-12-18,289.8872375488281
2019-12-19,291.07550048828125
2019-12-20,292.3516845703125
2019-12-23,292.7982482910156
2019-12-24,292.8074035644531
2019-12-26,294.3660583496094
2019-12-27,294.29315185546875
2019-12-30,292.6706237792969
2019-12-31,293.3816223144531
2020-01-02,296.12530517578125
2020-01-03,293.88299560546875
2020-01-06,295.0041809082031
2020-01-07,294.1745910644531
2020-01-08,295.7424011230469
2020-01-09,297.74774169921875
2020-01-10,296.8909912109375
2020-01-13,298.9327697753906
2020-01-14,298.4770202636719
2020-01-15,299.1514892578125
2020-01-16,301.6400146484375
2020-01-17,302.57891845703125
2020-01-21,301.9863586425781
2020-01-22,302.02276611328125
2020-01-23,302.3691711425781
2020-01-24,299.6802673339844
2020-01-27,294.87652587890625
2020-01-28,297.9665222167969
2020-01-29,297.7203674316406
2020-01-30,298.68658447265625
2020-01-31,293.2630310058594
2020-02-03,295.441650390625
2020-02-04,299.9446105957031
2020-02-05,303.40826416015625
2020-02-06,304.4292297363281
2020-02-07,302.8067321777344
2020-02-10,305.06719970703125
2020-02-11,305.595947265625
2020-02-12,307.56488037109375
2020-02-13,307.2366943359375
2020-02-14,307.7289123535156
2020-02-18,306.9359130859375
2020-02-19,308.4034118652344
2020-02-20,307.136474609375
2020-02-21,303.97344970703125
2020-02-24,293.89208984375
2020-02-25,284.9865417480469
2020-02-26,283.93829345703125
2020-02-27,271.1861572265625
2020-02-28,270.04669189453125
2020-03-02,281.74151611328125
2020-03-03,273.6745910644531
2020-03-04,285.1778869628906
2020-03-05,275.6980285644531
2020-03-06,271.14056396484375
2020-03-09,249.96595764160156
2020-03-10,262.90045166015625
2020-03-11,250.08445739746094
2020-03-12,226.1570587158203
2020-03-13,245.49044799804688
2020-03-16,218.6279296875
2020-03-17,230.43209838867188
2020-03-18,218.7646484375
2020-03-19,219.2295684814453
2020-03-20,209.78201293945312
2020-03-23,204.41824340820312
2020-03-24,222.939208984375
2020-03-25,226.2766571044922
2020-03-26,239.48890686035156
2020-03-27,232.35557556152344
2020-03-30,239.9014892578125
2020-03-31,236.32566833496094
2020-04-01,225.68983459472656
2020-04-02,230.89768981933594
2020-04-03,227.56031799316406
2020-04-06,242.84469604492188
2020-04-07,243.09219360351562
2020-04-08,251.25250244140625
2020-04-09,255.07582092285156
2020-04-13,252.7469482421875
2020-04-14,260.2012023925781
2020-04-15,254.67242431640625
2020-04-16,255.90101623535156
2020-04-17,262.81439208984375
2020-04-20,258.1839904785156
2020-04-21,250.34475708007812
2020-04-22,255.90101623535156
2020-04-23,255.88259887695312
2020-04-24,259.4493713378906
2020-04-27,263.1901550292969
2020-04-28,261.9799499511719
2020-04-29,268.8381652832031
2020-04-30,266.3351135253906
2020-05-01,259.2842712402344
2020-05-04,259.9994201660156
2020-05-05,262.40167236328125
2020-05-06,260.6229248046875
2020-05-07,263.76788330078125
2020-05-08,268.1321716308594
2020-05-11,268.1872253417969
2020-05-12,262.841796875
2020-05-13,258.19317626953125
2020-05-14,261.2830505371094
2020-05-15,262.4841613769531
2020-05-18,270.47943115234375
2020-05-19,267.70123291015625
2020-05-20,272.2489318847656
2020-05-21,270.36932373046875
2020-05-22,270.8828125
2020-05-26,274.2203369140625
2020-05-27,278.3004150390625
2020-05-28,277.7869873046875
2020-05-29,279.0247802734375
2020-06-01,280.15240478515625
2020-06-02,282.4721374511719
2020-06-03,286.2314147949219
2020-06-04,285.47955322265625
2020-06-05,292.7962951660156
2020-06-08,296.3353576660156
2020-06-09,294.1257629394531
2020-06-10,292.48455810546875
2020-06-11,275.6231384277344
2020-06-12,278.923828125
2020-06-15,281.52783203125
2020-06-16,286.9466247558594
2020-06-17,285.7546081542969
2020-06-18,285.8646240234375
2020-06-19,284.23089599609375
2020-06-22,286.0543518066406
2020-06-23,287.3712158203125
2020-06-24,280.0408630371094
2020-06-25,283.04296875
2020-06-26,276.3202819824219
2020-06-29,280.38153076171875
2020-06-30,283.9730529785156
2020-07-01,285.96221923828125
2020-07-02,287.53704833984375
2020-07-06,291.975830078125
2020-07-07,288.96441650390625
2020-07-08,291.17462158203125
2020-07-09,289.5169677734375
2020-07-10,292.4731140136719
2020-07-13,289.94061279296875
2020-07-14,293.69793701171875
2020-07-15,296.396240234375
2020-07-16,295.4200134277344
2020-07-17,296.2765197753906
2020-07-20,298.6709289550781
2020-07-21,299.30633544921875
2020-07-22,301.0099182128906
2020-07-23,297.4183654785156
2020-07-24,295.5029296875
2020-07-27,297.65789794921875
2020-07-28,295.7699890136719
2020-07-29,299.40765380859375
2020-07-30,298.33941650390625
2020-07-31,300.6968688964844
2020-08-03,302.78741455078125
2020-08-04,303.9569091796875
2020-08-05,305.8447265625
2020-08-06,307.8892822265625
2020-08-07,308.11029052734375
2020-08-10,309.0312194824219
2020-08-11,306.480224609375
2020-08-12,310.7532653808594
2020-08-13,310.1914978027344
2020-08-14,310.20068359375
2020-08-17,311.18609619140625
2020-08-18,311.8583679199219
2020-08-19,310.5599060058594
2020-08-20,311.52685546875
2020-08-21,312.6319580078125
2020-08-24,315.79986572265625
2020-08-25,316.9050598144531
2020-08-26,320.0821228027344
2020-08-27,320.7820739746094
2020-08-28,322.85406494140625
2020-08-31,321.6845703125
2020-09-01,324.7143249511719
2020-09-02,329.4109802246094
2020-09-03,318.0745849609375
2020-09-04,315.4775085449219
2020-09-08,306.85784912109375
2020-09-09,312.9173278808594
2020-09-10,307.4841003417969
2020-09-11,307.640625
2020-09-14,311.6925964355469
2020-09-15,313.2673645019531
2020-09-16,312.0241394042969
2020-09-17,309.2797546386719
2020-09-18,305.71917724609375
2020-09-21,302.3166809082031
2020-09-22,305.3956298828125
2020-09-23,298.3131408691406
2020-09-24,299.1082763671875
2020-09-25,303.9438781738281
2020-09-28,308.9922790527344
2020-09-29,307.3094787597656
2020-09-30,309.6394958496094
2020-10-01,311.62738037109375
2020-10-02,308.6686096191406
2020-10-05,314.1423034667969
2020-10-06,309.67645263671875
2020-10-07,315.0668640136719
2020-10-08,317.85919189453125
2020-10-09,320.6976623535156
2020-10-12,325.85693359375
2020-10-13,323.7303466796875
2020-10-14,321.69622802734375
2020-10-15,321.29864501953125
2020-10-16,321.1045837402344
2020-10-19,316.22265625
2020-10-20,317.4892883300781
2020-10-21,316.8883361816406
2020-10-22,318.6266174316406
2020-10-23,319.7083740234375
2020-10-26,313.8001708984375
2020-10-27,312.7183837890625
2020-10-28,302.0299987792969
2020-10-29,305.09967041015625
2020-10-30,301.9190368652344
2020-11-02,305.3030700683594
2020-11-03,310.69354248046875
2020-11-04,317.63726806640625
2020-11-05,323.83209228515625
2020-11-06,323.7581481933594
2020-11-09,327.82635498046875
2020-11-10,327.3456115722656
2020-11-11,329.7772521972656
2020-11-12,326.5781555175781
2020-11-13,331.0994873046875
2020-11-16,335.23236083984375
2020-11-17,333.4294738769531
2020-11-18,329.41668701171875
2020-11-19,330.8034973144531
2020-11-20,328.5383605957031
2020-11-23,330.5076599121094
2020-11-24,335.83343505859375
2020-11-25,335.3156433105469
2020-11-27,336.24951171875
2020-11-30,334.7608642578125
2020-12-01,338.4222412109375
2020-12-02,339.1342468261719
2020-12-03,339.0417785644531
2020-12-04,341.9635925292969
2020-12-07,341.2607727050781
2020-12-08,342.2594299316406
2020-12-09,339.1896667480469
2020-12-10,339.0787658691406
2020-12-11,338.68121337890625
2020-12-14,337.164794921875
2020-12-15,341.7231750488281
2020-12-16,342.2594299316406
2020-12-17,344.17333984375
2020-12-18,342.79901123046875
2020-12-21,341.5733642578125
2020-12-22,340.9977111816406
2020-12-23,341.30413818359375
2020-12-24,342.6319885253906
2020-12-28,345.575439453125
2020-12-29,344.91607666015625
2020-12-30,345.4082336425781
2020-12-31,347.1631774902344
2021-01-04,342.43695068359375
2021-01-05,344.7954406738281
2021-01-06,346.8568115234375
2021-01-07,352.0102233886719
2021-01-08,354.01580810546875
2021-01-11,351.6295166015625
2021-01-12,351.7037658691406
2021-01-13,352.6509094238281
2021-01-14,351.4159240722656
2021-01-15,348.8531494140625
2021-01-19,351.59228515625
2021-01-20,356.4579162597656
2021-01-21,356.78289794921875
2021-01-22,355.5201110839844
2021-01-25,356.9222717285156
2021-01-26,356.3651428222656
2021-01-27,347.65533447265625
2021-01-28,350.6452941894531
2021-01-29,343.62548828125
2021-02-01,349.34527587890625
2021-02-02,354.28509521484375
2021-02-03,354.5636901855469
2021-02-04,358.5935363769531
2021-02-05,360.0049743652344
2021-02-08,362.6048583984375
2021-02-09,362.3634033203125
2021-02-10,362.2056579589844
2021-02-11,362.79052734375
2021-02-12,364.5826721191406
2021-02-16,364.2669372558594
2021-02-17,364.3505554199219
2021-02-18,362.79986572265625
2021-02-19,362.1592102050781
2021-02-22,359.37347412109375
2021-02-23,359.8099365234375
2021-02-24,363.7748718261719
2021-02-25,355.0093688964844
2021-02-26,353.18017578125
2021-03-01,361.7413024902344
2021-03-02,358.91851806640625
2021-03-03,354.1643981933594
2021-03-04,349.78173828125
2021-03-05,356.2164611816406
2021-03-08,354.4429626464844
2021-03-09,359.5035095214844
2021-03-10,361.7413024902344
2021-03-11,365.40911865234375
2021-03-12,365.9012451171875
2021-03-15,368.0832214355469
2021-03-16,367.6190185546875
2021-03-17,368.8724670410156
2021-03-18,363.5055847167969
2021-03-19,362.83294677734375
2021-03-22,365.7301330566406
2021-03-23,362.8515930175781
2021-03-24,361.007080078125
2021-03-25,363.0378723144531
2021-03-26,368.8882751464844
2021-03-29,368.701904296875
2021-03-30,367.7237854003906
2021-03-31,369.2142028808594
2021-04-01,373.2014465332031
2021-04-05,378.5580749511719
2021-04-06,378.33453369140625
2021-04-07,378.7723388671875
2021-04-08,380.57025146484375
2021-04-09,383.3371276855469
2021-04-12,383.4768371582031
2021-04-13,384.6133728027344
2021-04-14,383.2998046875
2021-04-15,387.41741943359375
2021-04-16,388.71234130859375
2021-04-19,386.8026123046875
2021-04-20,383.9705810546875
2021-04-21,387.60369873046875
2021-04-22,384.0638122558594
2021-04-23,388.2278747558594
2021-04-26,389.0383605957031
2021-04-27,388.9545593261719
2021-04-28,388.8427429199219
2021-04-29,391.3207702636719
2021-04-30,388.7495422363281
2021-05-03,389.5880432128906
2021-05-04,387.1845397949219
2021-05-05,387.3056640625
2021-05-06,390.3984680175781
2021-05-07,393.23980712890625
2021-05-10,389.3457946777344
2021-05-11,385.87103271484375
2021-05-12,377.6730651855469
2021-05-13,382.2098388671875
2021-05-14,388.078857421875
2021-05-17,387.09130859375
2021-05-18,383.75628662109375
2021-05-19,382.7501220703125
2021-05-20,386.8678283691406
2021-05-21,386.551025390625
2021-05-24,390.4916687011719
2021-05-25,389.625244140625
2021-05-26,390.3984680175781
2021-05-27,390.60345458984375
2021-05-28,391.3020935058594
2021-06-01,390.95745849609375
2021-06-02,391.572265625
2021-06-03,390.1190185546875
2021-06-04,393.6869812011719
2021-06-07,393.3050231933594
2021-06-08,393.3888854980469
2021-06-09,392.8019714355469
2021-06-10,394.62786865234375
2021-06-11,395.280029296875
2021-06-14,396.1650695800781
2021-06-15,395.4383239746094
2021-06-16,393.2304382324219
2021-06-17,393.10015869140625
2021-06-18,387.79705810546875
2021-06-21,393.3486022949219
2021-06-22,395.4516296386719
2021-06-23,394.9749755859375
2021-06-24,397.31158447265625
2021-06-25,398.7228698730469
2021-06-28,399.5266418457031
2021-06-29,399.7415466308594
2021-06-30,400.0780334472656
2021-07-01,402.29315185546875
2021-07-02,405.3680114746094
2021-07-06,404.6296691894531
2021-07-07,406.05963134765625
2021-07-08,402.75103759765625
2021-07-09,407.05029296875
2021-07-12,408.5083923339844
2021-07-13,407.1158142089844
2021-07-14,407.7233581542969
2021-07-15,406.3306884765625
2021-07-16,403.1435546875
2021-07-19,397.1900329589844
2021-07-20,402.8819274902344
2021-07-21,406.14373779296875
2021-07-22,406.9942932128906
2021-07-23,411.181396484375
2021-07-26,412.19091796875
2021-07-27,410.3121643066406
2021-07-28,410.14398193359375
2021-07-29,411.84503173828125
2021-07-30,409.844970703125
2021-08-02,408.985107421875
2021-08-03,412.3123779296875
2021-08-04,410.28424072265625
2021-08-05,412.8824768066406
2021-08-06,413.564697265625
2021-08-09,413.228271484375
2021-08-10,413.7424011230469
2021-08-11,414.7704772949219
2021-08-12,416.01348876953125
2021-08-13,416.7705383300781
2021-08-16,417.7518615722656
2021-08-17,415.0134582519531
2021-08-18,410.4710998535156
2021-08-19,411.1065673828125
2021-08-20,414.37786865234375
2021-08-23,418.0229797363281
2021-08-24,418.6865539550781
2021-08-25,419.5650939941406
2021-08-26,417.0882873535156
2021-08-27,420.8175048828125
2021-08-30,422.6680603027344
2021-08-31,422.0418395996094
2021-09-01,422.2661437988281
2021-09-02,423.5653076171875
2021-09-03,423.46246337890625
2021-09-07,421.9483642578125
2021-09-08,421.434326171875
2021-09-09,419.6304626464844
2021-09-10,416.32196044921875
2021-09-13,417.38739013671875
2021-09-14,415.1349182128906
2021-09-15,418.6024169921875
2021-09-16,417.93890380859375
2021-09-17,413.86767578125
2021-09-20,406.9667663574219
2021-09-21,406.58233642578125
2021-09-22,410.54840087890625
2021-09-23,415.5365905761719
2021-09-24,416.22113037109375
2021-09-27,415.0303649902344
2021-09-28,406.6667175292969
2021-09-29,407.35113525390625
2021-09-30,402.3724060058594
2021-10-01,407.1542053222656
2021-10-04,401.9035949707031
2021-10-05,406.08544921875
2021-10-06,407.7731628417969
2021-10-07,411.2985534667969
2021-10-08,410.54840087890625
2021-10-11,407.576171875
2021-10-12,406.5729675292969
2021-10-13,408.0355224609375
2021-10-14,414.8990783691406
2021-10-15,418.0588684082031
2021-10-18,419.29656982421875
2021-10-19,422.5314025878906
2021-10-20,424.1909484863281
2021-10-21,425.2973327636719
2021-10-22,424.8566589355469
2021-10-25,427.13507080078125
2021-10-26,427.5195007324219
2021-10-27,425.62548828125
2021-10-28,429.7322998046875
2021-10-29,430.6042785644531
2021-11-01,431.34503173828125
2021-11-02,433.0890197753906
2021-11-03,435.7331237792969
2021-11-04,437.7864685058594
2021-11-05,439.305419921875
2021-11-08,439.6804504394531
2021-11-09,438.22723388671875
2021-11-10,434.7017517089844
2021-11-11,434.8423156738281
2021-11-12,438.1239929199219
2021-11-15,438.2740478515625
2021-11-16,440.0086669921875
2021-11-17,438.93975830078125
2021-11-18,440.4306335449219
2021-11-19,439.6430358886719
2021-11-22,438.4053039550781
2021-11-23,438.9866027832031
2021-11-24,440.1586608886719
2021-11-26,430.3417663574219
2021-11-29,435.6205139160156
2021-11-30,427.1444091796875
2021-12-01,422.4000549316406
2021-12-02,428.8697509765625
2021-12-03,425.137939453125
2021-12-06,430.1729736328125
2021-12-07,439.07098388671875
2021-12-08,440.2336730957031
2021-12-09,437.2615051269531
2021-12-10,441.3775634765625
2021-12-13,437.46771240234375
2021-12-14,434.4578857421875
2021-12-15,441.246337890625
2021-12-16,437.35516357421875
2021-12-17,432.7004699707031
2021-12-20,428.099365234375
2021-12-21,435.70196533203125
2021-12-22,440.05841064453125
2021-12-23,442.79656982421875
2021-12-27,449.0630187988281
2021-12-28,448.6960754394531
2021-12-29,449.2700500488281
2021-12-30,448.028076171875
2021-12-31,446.8989562988281
2022-01-03,449.4864807128906
2022-01-04,449.3359069824219
2022-01-05,440.7076721191406
2022-01-06,440.2937316894531
2022-01-07,438.5529479980469
2022-01-10,438.00726318359375
2022-01-11,441.9967041015625
2022-01-12,443.1916809082031
2022-01-13,437.0850524902344
2022-01-14,437.263916015625
2022-01-18,429.5201721191406
2022-01-19,425.0601806640625
2022-01-20,420.3555908203125
2022-01-21,412.1037292480469
2022-01-24,413.8539123535156
2022-01-25,408.8011169433594
2022-01-26,407.77557373046875
2022-01-27,405.7619323730469
2022-01-28,415.8392028808594
2022-01-31,423.3288879394531
2022-02-01,426.1893005371094
2022-02-02,430.32928466796875
2022-02-03,420.21453857421875
2022-02-04,422.1904296875
2022-02-07,420.8354797363281
2022-02-08,424.2981262207031
2022-02-09,430.5081787109375
2022-02-10,422.7737121582031
2022-02-11,414.437255859375
2022-02-14,413.0822448730469
2022-02-15,419.7439880371094
2022-02-16,420.21453857421875
2022-02-17,411.23809814453125
2022-02-18,408.5752868652344
2022-02-22,404.1905517578125
2022-02-23,397.0208740234375
2022-02-24,402.9956359863281
2022-02-25,411.8873596191406
2022-02-28,410.83349609375
2022-03-01,404.576416015625
2022-03-02,412.0190734863281
2022-03-03,409.96795654296875
2022-03-04,406.6369323730469
2022-03-07,394.6496887207031
2022-03-08,391.6575622558594
2022-03-09,402.158203125
2022-03-10,400.3423156738281
2022-03-11,395.2518615722656
2022-03-14,392.36328125
2022-03-15,400.9915771484375
2022-03-16,409.8832092285156
2022-03-17,415.0112609863281
2022-03-18,419.5567626953125
2022-03-21,419.43402099609375
2022-03-22,424.342041015625
2022-03-23,418.8770751953125
2022-03-24,425.1914978027344
2022-03-25,427.2679748535156
2022-03-28,430.30706787109375
2022-03-29,435.6302795410156
2022-03-30,432.9404296875
2022-03-31,426.27691650390625
2022-04-01,427.48492431640625
2022-04-04,431.1471252441406
2022-04-05,425.70111083984375
2022-04-06,421.4443359375
2022-04-07,423.5680847167969
2022-04-08,422.4353942871094
2022-04-11,415.215087890625
2022-04-12,413.6766052246094
2022-04-13,418.4146423339844
2022-04-14,413.2046813964844
2022-04-18,413.3745422363281
2022-04-19,420.04754638671875
2022-04-20,419.736083984375
2022-04-21,413.45953369140625
2022-04-22,402.11444091796875
2022-04-25,404.4458312988281
2022-04-26,392.7326965332031
2022-04-27,393.8370361328125
2022-04-28,403.78515625
2022-04-29,388.8630065917969
2022-05-02,391.2037353515625
2022-05-03,392.9969482421875
2022-05-04,404.96490478515625
2022-05-05,390.5713195800781
2022-05-06,388.24005126953125
2022-05-09,375.80963134765625
2022-05-10,376.6780090332031
2022-05-11,370.6940002441406
2022-05-12,370.30706787109375
2022-05-13,379.16021728515625
2022-05-16,377.621826171875
2022-05-17,385.3896484375
2022-05-18,369.85400390625
2022-05-19,367.5887756347656
2022-05-20,367.74920654296875
2022-05-23,374.6298828125
2022-05-24,371.7699890136719
2022-05-25,375.0545349121094
2022-05-26,382.5486755371094
2022-05-27,391.93994140625
2022-05-31,389.7407531738281
2022-06-01,386.5883483886719
2022-06-02,393.9502258300781
2022-06-03,387.4849548339844
2022-06-06,388.6647644042969
2022-06-07,392.3929443359375
2022-06-08,388.12677001953125
2022-06-09,378.89599609375
2022-06-10,367.90972900390625
2022-06-13,353.9407958984375
2022-06-14,352.87420654296875
2022-06-15,357.90496826171875
2022-06-16,346.0596923828125
2022-06-17,346.8056945800781
2022-06-21,355.5361328125
2022-06-22,354.8914794921875
2022-06-23,358.3703918457031
2022-06-24,369.7643737792969
2022-06-27,368.35198974609375
2022-06-28,360.825439453125
2022-06-29,360.5315856933594
2022-06-30,357.6025390625
2022-07-01,361.384765625
2022-07-05,362.0672607421875
2022-07-06,363.29010009765625
2022-07-07,368.7310791015625
2022-07-08,368.42779541015625
2022-07-11,364.2190856933594
2022-07-12,360.99609375
2022-07-13,359.10028076171875
2022-07-14,358.2281188964844
2022-07-15,365.0721435546875
2022-07-18,362.05780029296875
2022-07-19,371.84027099609375
2022-07-20,374.2100524902344
2022-07-21,378.0207824707031
2022-07-22,374.513427734375
2022-07-25,374.96844482421875
2022-07-26,370.5321350097656
2022-07-27,380.153564453125
2022-07-28,384.92156982421875
2022-07-29,390.53326416015625
2022-08-01,389.37677001953125
2022-08-02,386.8079528808594
2022-08-03,392.86505126953125
2022-08-04,392.5997314453125
2022-08-05,391.9361572265625
2022-08-08,391.4811096191406
2022-08-09,389.92657470703125
2022-08-10,398.1165771484375
2022-08-11,398.1165771484375
2022-08-12,404.8563537597656
2022-08-15,406.524658203125
2022-08-16,407.3209228515625
2022-08-17,404.4297790527344
2022-08-18,405.605224609375
2022-08-19,400.15460205078125
2022-08-22,391.8224792480469
2022-08-23,390.87451171875
2022-08-24,392.125732421875
2022-08-25,397.66162109375
2022-08-26,384.2011413574219
2022-08-29,381.6607666015625
2022-08-30,377.4709167480469
2022-08-31,374.5987548828125
2022-09-01,375.774169921875
2022-09-02,371.81182861328125
2022-09-06,370.408935546875
2022-09-07,377.0633239746094
2022-09-08,379.5279235839844
2022-09-09,385.42401123046875
2022-09-12,389.5664367675781
2022-09-13,372.6270446777344
2022-09-14,374.0489196777344
2022-09-15,369.80224609375
2022-09-16,366.9810485839844
2022-09-19,369.8270568847656
2022-09-20,365.5819396972656
2022-09-21,359.204833984375
2022-09-22,356.18756103515625
2022-09-23,350.2196044921875
2022-09-26,346.7550354003906
2022-09-27,345.8699035644531
2022-09-28,352.67535400390625
2022-09-29,345.3083190917969
2022-09-30,339.96856689453125
2022-10-03,348.9442138671875
2022-10-04,359.7568054199219
2022-10-05,358.91925048828125
2022-10-06,355.2166442871094
2022-10-07,345.3083190917969
2022-10-10,342.6717224121094
2022-10-11,340.5016784667969
2022-10-12,339.3785095214844
2022-10-13,348.3350830078125
2022-10-14,340.39691162109375
2022-10-17,349.1441345214844
2022-10-18,353.2464599609375
2022-10-19,350.7431335449219
2022-10-20,347.80206298828125
2022-10-21,356.2541809082031
2022-10-24,360.61346435546875
2022-10-25,366.3719787597656
2022-10-26,363.6116943359375
2022-10-27,361.6699523925781
2022-10-28,370.2743225097656
2022-10-31,367.5997619628906
2022-11-01,365.9912109375
2022-11-02,356.8061828613281
2022-11-03,353.1322326660156
2022-11-04,358.2149353027344
2022-11-07,361.6413879394531
2022-11-08,363.5926818847656
2022-11-09,356.1018371582031
2022-11-10,375.6711120605469
2022-11-11,379.30706787109375
2022-11-14,376.08038330078125
2022-11-15,379.2880859375
2022-11-16,376.3945007324219
2022-11-17,375.2428283691406
2022-11-18,376.9465637207031
2022-11-21,375.575927734375
2022-11-22,380.6300964355469
2022-11-23,383.0286865234375
2022-11-25,382.9430236816406
2022-11-28,376.8323974609375
2022-11-29,376.1851501464844
2022-11-30,388.0351867675781
2022-12-01,387.7496643066406
2022-12-02,387.30230712890625
2022-12-05,380.3349914550781
2022-12-06,374.8525695800781
2022-12-07,374.21484375
2022-12-08,377.1463928222656
2022-12-09,374.3290710449219
2022-12-12,379.72589111328125
2022-12-13,382.600341796875
2022-12-14,380.1542053222656
2022-12-15,370.85498046875
2022-12-16,366.47662353515625
2022-12-19,363.3689880371094
2022-12-20,363.86627197265625
2022-12-21,369.3069763183594
2022-12-22,364.0384216308594
2022-12-23,366.1323547363281
2022-12-27,364.68853759765625
2022-12-28,360.15625
2022-12-29,366.63916015625
2022-12-30,365.6734313964844
2023-01-03,364.1339416503906
2023-01-04,366.9451599121094
2023-01-05,362.7571105957031
2023-01-06,371.07586669921875
2023-01-09,370.8654479980469
2023-01-10,373.46624755859375
2023-01-11,378.18988037109375
2023-01-12,379.5667419433594
2023-01-13,381.0393371582031
2023-01-17,380.34130859375
2023-01-18,374.33642578125
2023-01-19,371.6112976074219
2023-01-20,378.53411865234375
2023-01-23,383.07598876953125
2023-01-24,382.664794921875
2023-01-25,382.8082580566406
2023-01-26,387.0155029296875
2023-01-27,387.90472412109375
2023-01-30,383.0377502441406
2023-01-31,388.6696472167969
2023-02-01,392.80035400390625
2023-02-02,398.5183410644531
2023-02-03,394.28240966796875
2023-02-06,391.8728332519531
2023-02-07,396.9979553222656
2023-02-08,392.65692138671875
2023-02-09,389.2529296875
2023-02-10,390.16131591796875
2023-02-13,394.74139404296875
2023-02-14,394.5597229003906
2023-02-15,395.84100341796875
2023-02-16,390.3907775878906
2023-02-17,389.4154968261719
2023-02-21,381.6034240722656
2023-02-22,381.0775451660156
2023-02-23,383.1047058105469
2023-02-24,379.0121765136719
2023-02-27,380.3030090332031
2023-02-28,378.89752197265625
2023-03-01,377.4440002441406
2023-03-02,380.3795166015625
2023-03-03,386.4800109863281
2023-03-06,386.7476806640625
2023-03-07,380.8193664550781
2023-03-08,381.44085693359375
2023-03-09,374.4034118652344
2023-03-10,369.0009460449219
2023-03-13,368.4750061035156
2023-03-14,374.5659484863281
2023-03-15,372.2232666015625
2023-03-16,378.7539978027344
2023-03-17,374.3253479003906
2023-03-20,377.9247131347656
2023-03-21,382.8870544433594
2023-03-22,376.3601989746094
2023-03-23,377.3776550292969
2023-03-24,379.8539733886719
2023-03-27,380.56427001953125
2023-03-28,379.7099914550781
2023-03-29,385.22906494140625
2023-03-30,387.4846496582031
2023-03-31,392.9461669921875
2023-04-03,394.4434814453125
2023-04-04,392.2550354003906
2023-04-05,391.2279968261719
2023-04-06,392.754150390625
2023-04-10,393.1572265625
2023-04-11,393.2628173828125
2023-04-12,391.659912109375
2023-04-13,396.8622131347656
2023-04-14,395.8927917480469
2023-04-17,397.3133544921875
2023-04-18,397.572509765625
2023-04-19,397.50531005859375
2023-04-20,395.33612060546875
2023-04-21,395.6431884765625
2023-04-24,396.0559387207031
2023-04-25,389.7690734863281
2023-04-26,388.1181640625
2023-04-27,395.8448181152344
2023-04-28,399.223388671875
2023-05-01,398.8203125
2023-05-02,394.33782958984375
2023-05-03,391.6311340332031
2023-05-04,388.857177734375
2023-05-05,396.0559387207031
2023-05-08,396.1614990234375
2023-05-09,394.4242248535156
2023-05-10,396.2671203613281
2023-05-11,395.5760498046875
2023-05-12,395.0577087402344
2023-05-15,396.4207458496094
2023-05-16,393.7715759277344
2023-05-17,398.55157470703125
2023-05-18,402.39093017578125
2023-05-19,401.8052978515625
2023-05-22,401.9685363769531
2023-05-23,397.45733642578125
2023-05-24,394.57781982421875
2023-05-25,397.99481201171875
2023-05-26,403.1491394042969
2023-05-30,403.3027038574219
2023-05-31,401.0663146972656
2023-06-01,404.8768310546875
2023-06-02,410.7318420410156
2023-06-05,409.9447326660156
2023-06-06,410.8373718261719
2023-06-07,409.4168395996094
2023-06-08,411.8932189941406
2023-06-09,412.63226318359375
2023-06-12,416.3756103515625
2023-06-13,419.1207580566406
2023-06-14,419.6198425292969
2023-06-15,424.8221740722656
2023-06-16,423.3751220703125
2023-06-20,421.1785583496094
2023-06-21,419.02056884765625
2023-06-22,420.5331115722656
2023-06-23,417.3539123535156
2023-06-26,415.648681640625
2023-06-27,420.2055969238281
2023-06-28,420.41748046875
2023-06-29,422.0745544433594
2023-06-30,427.0552673339844
2023-07-03,427.5466613769531
2023-07-05,426.91082763671875
2023-07-06,423.56781005859375
2023-07-07,422.4984130859375
2023-07-10,423.56781005859375
2023-07-11,426.265380859375
2023-07-12,429.69500732421875
2023-07-13,433.1054992675781
2023-07-14,432.8357238769531
2023-07-17,434.3385925292969
2023-07-18,437.5660705566406
2023-07-19,438.5390319824219
2023-07-20,435.62957763671875
2023-07-21,435.62957763671875
2023-07-24,437.57568359375
2023-07-25,438.7702941894531
2023-07-26,438.8376770019531
2023-07-27,435.92822265625
2023-07-28,440.19610595703125
2023-07-31,441.03424072265625
2023-08-01,439.7721252441406
2023-08-02,433.65460205078125
2023-08-03,432.41180419921875
2023-08-04,430.45611572265625
2023-08-07,434.2133483886719
2023-08-08,432.3251037597656
2023-08-09,429.4349060058594
2023-08-10,429.5890808105469
2023-08-11,429.33856201171875
2023-08-14,431.70855712890625
2023-08-15,426.6795959472656
2023-08-16,423.5485534667969
2023-08-17,420.3211975097656
2023-08-18,420.52349853515625
2023-08-21,423.2595520019531
2023-08-22,422.1130676269531
2023-08-23,426.81451416015625
2023-08-24,420.89923095703125
2023-08-25,423.86639404296875
2023-08-28,426.55438232421875
2023-08-29,432.7200622558594
2023-08-30,434.50244140625
2023-08-31,433.86651611328125
2023-09-01,434.67578125
2023-09-05,432.79718017578125
2023-09-06,429.8876953125
2023-09-07,428.5679016113281
2023-09-08,429.2132873535156
2023-09-11,432.0361328125
2023-09-12,429.6661376953125
2023-09-13,430.1671142578125
2023-09-14,433.8761901855469
2023-09-15,428.6487121582031
2023-09-18,428.90008544921875
2023-09-19,428.0106201171875
2023-09-20,424.0757751464844
2023-09-21,417.0665283203125
2023-09-22,416.12872314453125
2023-09-25,417.87860107421875
2023-09-26,411.7394714355469
2023-09-27,411.9037170410156
2023-09-28,414.291748046875
2023-09-29,413.28631591796875
2023-10-02,413.12200927734375
2023-10-03,407.59185791015625
2023-10-04,410.5599670410156
2023-10-05,410.4052734375
2023-10-06,415.2779235839844
2023-10-09,417.9366455078125
2023-10-10,420.1119079589844
2023-10-11,421.83282470703125
2023-10-12,419.2611389160156
2023-10-13,417.1728210449219
2023-10-16,421.5621032714844
2023-10-17,421.54278564453125
2023-10-18,415.92572021484375
2023-10-19,412.27117919921875
2023-10-20,407.20513916015625
2023-10-23,406.4993591308594
2023-10-24,409.5641174316406
2023-10-25,403.6860046386719
2023-10-26,398.8520202636719
2023-10-27,397.0440673828125
2023-10-30,401.7911376953125
2023-10-31,404.314453125
2023-11-01,408.6263122558594
2023-11-02,416.4574279785156
2023-11-03,420.25689697265625
2023-11-06,421.2237243652344
2023-11-07,422.4225769042969
2023-11-08,422.7319030761719
2023-11-09,419.43511962890625
2023-11-10,425.9803466796875
2023-11-13,425.5743408203125
2023-11-14,433.8307189941406
2023-11-15,434.74920654296875
2023-11-16,435.28094482421875
2023-11-17,435.82232666015625
2023-11-20,439.1771545410156
2023-11-21,438.2199401855469
2023-11-22,439.9118957519531
2023-11-24,440.1825866699219
2023-11-27,439.38983154296875
2023-11-28,439.82489013671875
2023-11-29,439.5155029296875
2023-11-30,441.2460632324219
2023-12-01,443.8564453125
2023-12-04,441.52642822265625
2023-12-05,441.4394226074219
2023-12-06,439.6605529785156
2023-12-07,443.0152893066406
2023-12-08,444.9199523925781
2023-12-11,446.6504211425781
2023-12-12,448.6903991699219
2023-12-13,454.8778381347656
2023-12-14,456.3377685546875
2023-12-15,455.58642578125
2023-12-18,458.14910888671875
2023-12-19,460.9350891113281
2023-12-20,454.5478210449219
2023-12-21,458.8577880859375
2023-12-22,459.7799072265625
2023-12-26,461.72137451171875
2023-12-27,462.5562438964844
2023-12-28,462.73089599609375
2023-12-29,461.3913269042969
2024-01-02,458.8092346191406
2024-01-03,455.0622863769531
2024-01-04,453.5964660644531
2024-01-05,454.2177429199219
2024-01-08,460.7021179199219
2024-01-09,460.0032043457031
2024-01-10,462.6047058105469
2024-01-11,462.4008483886719
2024-01-12,462.72119140625
2024-01-16,461.0224304199219
2024-01-17,458.4597473144531
2024-01-18,462.5367736816406
2024-01-19,468.30279541015625
2024-01-22,469.2929382324219
2024-01-23,470.6616516113281
2024-01-24,471.1761474609375
2024-01-25,473.73883056640625
2024-01-26,473.1369934082031
2024-01-29,476.8839111328125
2024-01-30,476.51507568359375
2024-01-31,468.73968505859375
2024-02-01,474.8745422363281
2024-02-02,479.8737487792969
2024-02-05,478.12646484375
2024-02-06,479.5146179199219
2024-02-07,483.5139465332031
2024-02-08,483.7275695800781
2024-02-09,486.523193359375
2024-02-12,486.3095703125
2024-02-13,479.6116638183594
2024-02-14,483.97021484375
2024-02-15,487.3094482421875
2024-02-16,484.8826599121094
2024-02-20,482.2132263183594
2024-02-21,482.6500549316406
2024-02-22,492.6387023925781
2024-02-23,492.97845458984375
2024-02-26,491.1728515625
2024-02-27,492.08538818359375
2024-02-28,491.4349670410156
2024-02-29,493.20166015625
2024-03-01,497.83197021484375
2024-03-04,497.29815673828125
2024-03-05,492.3280944824219
2024-03-06,494.82281494140625
2024-03-07,499.7346496582031
2024-03-08,496.735107421875
2024-03-11,496.3079833984375
2024-03-12,501.6470031738281
2024-03-13,500.8606262207031
2024-03-14,499.8705749511719
2024-03-15,496.4381103515625
2024-03-18,499.3885498046875
2024-03-19,502.1636962890625
2024-03-20,506.8083190917969
2024-03-21,508.48321533203125
2024-03-22,507.5192565917969
2024-03-25,506.1171569824219
2024-03-26,505.1822814941406
2024-03-27,509.4277038574219
2024-03-28,509.330322265625
2024-04-01,508.4442443847656
2024-04-02,505.2115173339844
2024-04-03,505.7664794921875
2024-04-04,499.5930480957031
2024-04-05,504.8121337890625
2024-04-08,505.0945739746094
2024-04-09,505.6788635253906
2024-04-10,500.6154479980469
2024-04-11,504.39349365234375
2024-04-12,497.4313659667969
2024-04-15,491.199462890625
2024-04-16,490.3035583496094
2024-04-17,487.4018859863281
2024-04-18,486.3988952636719
2024-04-19,482.15350341796875
2024-04-22,486.59368896484375
2024-04-23,492.3678894042969
2024-04-24,492.1342468261719
2024-04-25,490.2646484375
2024-04-26,494.9093322753906
2024-04-29,496.66204833984375
2024-04-30,488.79437255859375
2024-05-01,487.2071533203125
2024-05-02,491.76416015625
2024-05-03,497.8597717285156
2024-05-06,503.0010681152344
2024-05-07,503.55615234375
2024-05-08,503.604736328125
2024-05-09,506.50653076171875
2024-05-10,507.158935546875
2024-05-13,507.22705078125
2024-05-14,509.5543518066406
2024-05-15,515.8640747070312
2024-05-16,514.8027954101562
2024-05-17,515.5427856445312
2024-05-20,516.1367797851562
2024-05-21,517.402587890625
2024-05-22,515.912841796875
2024-05-23,512.1444702148438
2024-05-24,515.532958984375
2024-05-28,515.8933715820312
2024-05-29,512.2807006835938
2024-05-30,508.88238525390625
2024-05-31,513.5174560546875
2024-06-03,513.9360961914062
2024-06-04,514.5105590820312
2024-06-05,520.6256103515625
2024-06-06,520.6159057617188
2024-06-07,519.9830322265625
2024-06-10,521.589599609375
2024-06-11,522.8457641601562
2024-06-12,527.1398315429688
2024-06-13,528.2012939453125
2024-06-14,528.5226440429688
2024-06-17,532.7291259765625
2024-06-18,534.0826416015625
2024-06-20,532.6317138671875
2024-06-21,531.917724609375
2024-06-24,530.1885986328125
2024-06-25,532.2303466796875
2024-06-26,532.8944702148438
2024-06-27,533.7346801757812
2024-06-28,531.6343994140625
2024-07-01,532.7285766601562
2024-07-02,536.313720703125
2024-07-03,538.7069091796875
2024-07-05,541.8134765625
2024-07-08,542.4386596679688
2024-07-09,542.9661254882812
2024-07-10,548.3389892578125
2024-07-11,543.61083984375
2024-07-12,547.0396118164062
2024-07-15,548.5441284179688
2024-07-16,551.7970581054688
2024-07-17,544.060302734375
2024-07-18,539.8790893554688
2024-07-19,536.2940673828125
2024-07-22,541.8231201171875
2024-07-23,540.9732055664062
2024-07-24,528.7135009765625
2024-07-25,525.9586791992188
2024-07-26,531.8492431640625
2024-07-29,532.1619873046875
2024-07-30,529.4656982421875
2024-07-31,538.0718994140625
2024-08-01,530.4524536132812
2024-08-02,520.5762939453125
2024-08-05,505.41510009765625
2024-08-06,510.0748291015625
2024-08-07,506.6654052734375
2024-08-08,518.3782958984375
2024-08-09,520.6640625
2024-08-12,520.9376220703125
2024-08-13,529.5048217773438
2024-08-14,531.17529296875
2024-08-15,540.27978515625
2024-08-16,541.4910888671875
2024-08-19,546.6685180664062
2024-08-20,545.779541015625
2024-08-21,547.6551513671875
2024-08-22,543.3568725585938
2024-08-23,549.1301879882812
2024-08-26,547.8212280273438
2024-08-27,548.5734252929688
2024-08-28,545.3887939453125
2024-08-29,545.4376220703125
2024-08-30,550.6443481445312
2024-09-03,539.3126220703125
2024-09-04,538.2088012695312
2024-09-05,536.8997192382812
2024-09-06,527.8636474609375
2024-09-09,533.773681640625
2024-09-10,536.0987548828125
2024-09-11,541.5985717773438
2024-09-12,546.1605834960938
2024-09-13,549.0130004882812
2024-09-16,549.8237915039062
2024-09-17,550.0485229492188
2024-09-18,548.4170532226562
2024-09-19,557.775634765625
2024-09-20,556.8114624023438
2024-09-23,558.2027587890625
2024-09-24,559.7998657226562
2024-09-25,558.5653076171875
2024-09-26,560.7798461914062
2024-09-27,559.9664916992188
2024-09-30,562.2105102539062
2024-10-01,557.1738891601562
2024-10-02,557.4090576171875
2024-10-03,556.3899536132812
2024-10-04,561.446044921875
2024-10-07,556.370361328125
2024-10-08,561.63232421875
2024-10-09,565.5223999023438
2024-10-10,564.53271484375
2024-10-11,567.913330078125
2024-10-14,572.557861328125
2024-10-15,568.1093139648438
2024-10-16,570.5784912109375
2024-10-17,570.6275634765625
2024-10-18,572.8224487304688
2024-10-21,571.8817138671875
2024-10-22,571.5780029296875
2024-10-23,566.355224609375
2024-10-24,567.5802001953125
2024-10-25,567.3841552734375
2024-10-28,569.1380615234375
2024-10-29,570.0592041015625
2024-10-30,568.334716796875
2024-10-31,557.1934814453125
2024-11-01,559.545166015625
2024-11-04,558.3399047851562
2024-11-05,565.0912475585938
2024-11-06,579.142578125
2024-11-07,583.6204833984375
2024-11-08,586.148681640625
2024-11-11,586.7072143554688
2024-11-12,584.8846435546875
2024-11-13,585.1687622070312
2024-11-14,581.4060668945312
2024-11-15,573.9590454101562
2024-11-18,576.310791015625
2024-11-19,578.4175415039062
2024-11-20,578.6134643554688
2024-11-21,581.7197265625
2024-11-22,583.522705078125
2024-11-25,585.5020141601562
2024-11-26,588.5591430664062
2024-11-27,586.7758178710938
2024-11-29,590.4208984375
2024-12-02,591.4791870117188
2024-12-03,591.7535400390625
2024-12-04,595.4279174804688
2024-12-05,594.4482421875
2024-12-06,595.5750732421875
2024-12-09,592.5079956054688
2024-12-10,590.6658325195312
2024-12-11,595.2320556640625
2024-12-12,592.1649780273438
2024-12-13,592.0474853515625
2024-12-16,594.5755004882812
2024-12-17,592.1257934570312
2024-12-18,574.478515625
2024-12-19,574.3020629882812
2024-12-20,581.199951171875
2024-12-23,584.6803588867188
2024-12-24,591.1790161132812
2024-12-26,591.218505859375
2024-12-27,584.9950561523438
2024-12-30,578.3192749023438
2024-12-31,576.2152099609375
2025-01-02,574.7994995117188
2025-01-03,581.9865112304688
2025-01-06,585.339111328125
2025-01-07,578.7223510742188
2025-01-08,579.5679321289062
2025-01-10,570.7192993164062
2025-01-13,571.6043090820312
2025-01-14,572.3906860351562
2025-01-15,582.802490234375
2025-01-16,581.6817626953125
2025-01-17,587.521728515625
2025-01-21,592.8995971679688
2025-01-22,596.2326049804688
2025-01-23,599.48681640625
2025-01-24,597.7367553710938
2025-01-27,589.2815551757812
2025-01-28,594.3449096679688
2025-01-29,591.6805419921875
2025-01-30,594.8561401367188
2025-01-31,591.6904296875
2025-02-03,587.70849609375
2025-02-04,591.6510009765625
2025-02-05,594.0498657226562
2025-02-06,596.1146240234375
2025-02-07,590.6580810546875
2025-02-10,594.6693725585938
2025-02-11,595.1216430664062
2025-02-12,593.2044677734375
2025-02-13,599.4671020507812
2025-02-14,599.4378051757812
2025-02-18,601.1975708007812
2025-02-19,602.6133422851562
2025-02-20,600.1062622070312
2025-02-21,589.842041015625
2025-02-24,587.1578979492188
2025-02-25,584.2378540039062
2025-02-26,584.5328369140625
2025-02-27,575.2025756835938
2025-02-28,584.1788940429688
2025-03-03,573.9441528320312
2025-03-04,567.1505126953125
2025-03-05,573.2461547851562
2025-03-06,563.0702514648438
2025-03-07,566.226318359375
2025-03-10,551.14453125
2025-03-11,546.5629272460938
2025-03-12,549.4632568359375
2025-03-13,542.1385498046875
2025-03-14,553.3369750976562
2025-03-17,557.60400390625
2025-03-18,551.5770874023438
2025-03-19,557.5842895507812
2025-03-20,555.9718017578125
2025-03-21,556.1553344726562
2025-03-24,566.1151733398438
2025-03-25,567.4760131835938
2025-03-26,560.7013549804688
2025-03-27,559.2123413085938
2025-03-28,547.95068359375
2025-03-31,551.6289672851562
2025-04-01,553.18701171875
2025-04-02,556.6878051757812
2025-04-03,529.2537231445312
2025-04-04,498.26971435546875
2025-04-07,497.3821716308594
2025-04-08,489.591796875
2025-04-09,541.0084228515625
2025-04-10,517.3018798828125
2025-04-11,526.531982421875
2025-04-14,531.64013671875
2025-04-15,530.151123046875
2025-04-16,518.366943359375
2025-04-17,519.1064453125
2025-04-21,506.7503356933594
2025-04-22,519.9349365234375
2025-04-23,527.991455078125
2025-04-24,539.1051635742188
2025-04-25,543.0003662109375
2025-04-28,543.2074584960938
2025-04-29,546.6292724609375
2025-04-30,546.8462524414062
2025-05-01,550.7216796875
2025-05-02,558.8966674804688
2025-05-05,555.6918334960938
2025-05-06,551.047119140625
2025-05-07,553.3645629882812
2025-05-08,557.2202758789062
2025-05-09,556.5103149414062
2025-05-12,574.9015502929688
2025-05-13,578.6982421875
2025-05-14,579.437744140625
2025-05-15,582.2678833007812
2025-05-16,585.9559936523438
2025-05-19,586.596923828125
2025-05-20,584.6246948242188
2025-05-21,574.7733154296875
2025-05-22,575.0001831054688
2025-05-23,571.0753784179688
2025-05-27,582.9483032226562
2025-05-28,579.5757446289062
2025-05-29,581.8635864257812
2025-05-30,581.2127685546875
2025-06-02,584.4866943359375
2025-06-03,587.8197631835938
2025-06-04,587.6619873046875
2025-06-05,584.8218994140625
2025-06-06,590.8275146484375
2025-06-09,591.3599243164062
2025-06-10,594.7127685546875
2025-06-11,593.0167236328125
2025-06-12,595.3734741210938
2025-06-13,588.7171020507812
2025-06-16,594.318359375
2025-06-17,589.2398681640625
2025-06-18,589.1510620117188
2025-06-20,587.7673950195312
2025-06-23,593.5730590820312
2025-06-24,600.1304321289062
2025-06-25,600.4666748046875
2025-06-26,605.16455078125
2025-06-27,608.1712646484375
2025-06-30,611.0791015625
2025-07-01,610.8812866210938
2025-07-02,613.650634765625
2025-07-03,618.4869995117188
2025-07-07,613.8780517578125
2025-07-08,613.5418090820312
2025-07-09,617.2210693359375
2025-07-10,618.9617309570312
2025-07-11,616.7858276367188
2025-07-14,617.9628295898438
2025-07-15,615.3220825195312
2025-07-16,617.3792724609375
2025-07-17,621.1573486328125
2025-07-18,620.7024536132812
2025-07-21,621.87939453125
2025-07-22,621.9683837890625
2025-07-23,627.2598266601562
2025-07-24,627.4674072265625
2025-07-25,630.1181030273438
2025-07-28,629.9598388671875
2025-07-29,628.29833984375
2025-07-30,627.5070190429688
2025-07-31,625.1531372070312
2025-08-01,614.9066772460938
2025-08-04,624.2530517578125
2025-08-05,621.088134765625
2025-08-06,625.845458984375
2025-08-07,625.3212280273438
2025-08-08,630.1972045898438
2025-08-11,628.9509887695312
2025-08-12,635.6468505859375
2025-08-13,637.82275390625
2025-08-14,637.882080078125
2025-08-15,636.388671875
2025-08-18,636.2501220703125
2025-08-19,632.7984008789062
2025-08-20,631.1170043945312
2025-08-21,628.5851440429688
2025-08-22,638.2380981445312
2025-08-25,635.4292602539062
2025-08-26,638.0897216796875
2025-08-27,639.543701171875
2025-08-28,641.8085327148438
2025-08-29,637.9810180664062
2025-09-02,633.2533569335938
2025-09-03,636.6853637695312
2025-09-04,642.00634765625
2025-09-05,640.14697265625
2025-09-08,641.7195434570312
2025-09-09,643.203125
2025-09-10,645.0625
2025-09-11,650.4232177734375
2025-09-12,650.2054443359375
2025-09-15,653.6671142578125
2025-09-16,652.7671508789062
2025-09-17,651.9561157226562
2025-09-18,655.0023803710938
2025-09-19,658.2465209960938
2025-09-22,661.3607177734375
2025-09-23,657.7606201171875
2025-09-24,655.6678466796875
2025-09-25,652.6429443359375
2025-09-26,656.3819580078125
2025-09-29,658.2266845703125
2025-09-30,660.7061157226562
2025-10-01,662.95751953125
2025-10-02,663.7210693359375
2025-10-03,663.7113037109375
2025-10-06,666.0914916992188
2025-10-07,663.6219482421875
2025-10-08,667.5791625976562
2025-10-09,665.6452026367188
2025-10-10,647.6542358398438
2025-10-13,657.5919189453125
2025-10-14,656.78857421875
2025-10-15,659.7044067382812
2025-10-16,655.2116088867188
2025-10-17,658.9308471679688
2025-10-20,665.7840576171875
2025-10-21,665.7741088867188
2025-10-22,662.3128051757812
2025-10-23,666.2402954101562
2025-10-24,671.6851806640625
2025-10-27,679.6095581054688
2025-10-28,681.41455078125
2025-10-29,681.7418823242188
2025-10-30,674.2440185546875
2025-10-31,676.4556274414062
2025-11-03,677.72509765625
2025-11-04,669.691650390625
2025-11-05,672.012451171875
2025-11-06,664.8021850585938
2025-11-07,665.4567260742188
2025-11-10,675.8406982421875
2025-11-11,677.387939453125
2025-11-12,677.7648315429688
2025-11-13,666.5180053710938
2025-11-14,666.4088134765625
2025-11-17,660.2003173828125
2025-11-18,654.65625
2025-11-19,657.185302734375
2025-11-20,647.1683349609375
2025-11-21,653.6148681640625
2025-11-24,663.2351684570312
2025-11-25,669.4735717773438
2025-11-26,674.09521484375
2025-11-28,677.7747192382812
2025-12-01,674.6803588867188
2025-12-02,675.9299926757812
2025-12-03,678.2706298828125
2025-12-04,678.7664794921875
2025-12-05,680.0557861328125
2025-12-08,678.0126953125
2025-12-09,677.4276123046875
2025-12-10,681.92041015625
2025-12-11,683.5072021484375
2025-12-12,676.1581420898438
2025-12-15,675.1365966796875
2025-12-16,673.2918701171875
2025-12-17,665.8832397460938
2025-12-18,670.9115600585938
2025-12-19,676.9923095703125
2025-12-22,681.2098999023438
2025-12-23,684.3233032226562
2025-12-24,686.7305297851562
2025-12-26,686.660888671875
2025-12-29,684.2138671875
2025-12-30,683.3783569335938
2025-12-31,678.3152465820312
2026-01-02,679.55859375
2026-01-05,684.0845336914062
2026-01-06,688.1529541015625
2026-01-07,685.9347534179688
2026-01-08,685.8651123046875
2026-01-09,690.4010009765625
2026-01-12,691.4852294921875
2026-01-13,690.1026000976562
2026-01-14,686.7106323242188
2026-01-15,688.5806884765625
2026-01-16,688.0037231445312
2026-01-20,673.9981689453125
2026-01-21,681.77685546875
2026-01-22,685.3379516601562
2026-01-23,685.5865478515625
2026-01-26,689.0680541992188
2026-01-27,691.8134765625
2026-01-28,691.7438354492188
2026-01-29,690.3711547851562
2026-01-30,688.3120727539062
2026-02-02,691.7339477539062
2026-02-03,685.885009765625
2026-02-04,682.5626831054688
2026-02-05,674.0379638671875
2026-02-06,686.96923828125
2026-02-09,690.2816772460938
2026-02-10,688.4613037109375
2026-02-11,688.3021850585938
2026-02-12,677.668701171875
2026-02-13,678.1461181640625
2026-02-17,679.2402954101562
2026-02-18,682.662109375
2026-02-19,680.8616333007812
2026-02-20,685.7855834960938
2026-02-23,678.7827758789062
2026-02-24,683.7164916992188
2026-02-25,689.4859008789062
2026-02-26,685.6561889648438
2026-02-27,682.3637084960938
2026-03-02,682.751708984375
2026-03-03,676.7337036132812
2026-03-04,681.5082397460938
2026-03-05,677.70849609375
2026-03-06,668.82568359375
2026-03-09,674.6845703125
2026-03-10,673.6002807617188
2026-03-11,672.7548217773438
2026-03-12,662.5390625
2026-03-13,658.7890014648438
2026-03-16,665.493408203125
2026-03-17,667.2440185546875
2026-03-18,657.9335327148438
2026-03-19,656.3121948242188
2026-03-20,646.9034423828125
2026-03-23,653.6959228515625
2026-03-24,651.5015869140625
2026-03-25,655.1322021484375
2026-03-26,643.432373046875
2026-03-27,632.4606323242188
2026-03-30,630.3460693359375
2026-03-31,648.6688842773438
2026-04-01,653.5562744140625
2026-04-02,654.144775390625
2026-04-06,657.23681640625
2026-04-07,657.5260009765625
2026-04-08,674.27294921875
2026-04-09,678.162841796875
2026-04-10,677.7140502929688
2026-04-13,684.3369750976562
2026-04-14,692.675537109375
2026-04-15,698.1414184570312
2026-04-16,699.8569946289062
2026-04-17,708.3152465820312
2026-04-20,706.8988037109375
2026-04-21,702.2708129882812
2026-04-22,709.3825073242188
2026-04-23,706.6295776367188
2026-04-24,712.10546875
2026-04-27,713.332275390625
2026-04-28,709.8612060546875
2026-04-29,709.7515258789062
2026-04-30,716.8132934570312
2026-05-01,718.7982177734375
2026-05-04,716.1649780273438
2026-05-05,721.9102172851562
2026-05-06,731.9443359375
2026-05-07,729.7001342773438
2026-05-08,735.724609375
2026-05-11,737.4002685546875
2026-05-12,736.2831420898438
2026-05-13,740.4025268554688
2026-05-14,746.2474975585938
2026-05-15,737.2706298828125
2026-05-18,736.751953125
2026-05-19,731.8446044921875
2026-05-20,739.3452758789062
2026-05-21,740.8114624023438
2026-05-22,743.7239990234375
2026-05-26,748.6613159179688
2026-05-27,748.5316162109375
2026-05-28,752.6609497070312
2026-05-29,754.5361328125
2026-06-01,756.5908203125
2026-06-02,757.6182250976562
2026-06-03,752.3018798828125
2026-06-04,755.1445922851562
2026-06-05,735.65478515625
2026-06-08,737.3204345703125
2026-06-09,735.1560668945312
2026-06-10,723.56591796875
2026-06-11,735.8642578125
2026-06-12,739.843994140625
2026-06-15,752.890380859375
2026-06-16,748.4019775390625
2026-06-17,739.0560302734375
2026-06-18,746.739990234375
2026-06-22,744.3900146484375
2026-06-23,733.5800170898438
2026-06-24,733.239990234375
2026-06-25,734.2999877929688
2026-06-26,728.989990234375
2026-06-29,741.0
2026-06-30,746.77001953125
2026-07-01,745.760009765625
2026-07-02,744.780029296875
2026-07-06,751.280029296875
2026-07-07,747.7100219726562
2026-07-08,745.4000244140625
2026-07-09,751.7100219726562
2026-07-10,754.9500122070312
2026-07-13,749.1699829101562
2026-07-14,751.8300170898438
2026-07-15,754.8099975585938
2026-07-16,750.719970703125
2026-07-17,743.2899780273438
2026-07-20,742.0900268554688
2026-07-21,748.280029296875
2026-07-22,747.4099731445312
2026-07-23,738.1799926757812
2026-07-24,738.9299926757812
2026-07-27,739.0900268554688
2026-07-28,740.760009765625
