Date,Close
2011-01-03,96.67910766601562
2011-01-04,96.62584686279297
2011-01-05,97.12808227539062
2011-01-06,96.93783569335938
2011-01-07,96.74758911132812
2011-01-10,96.62584686279297
2011-01-11,96.96827697753906
2011-01-12,97.8433609008789
2011-01-13,97.68354797363281
2011-01-14,98.3912582397461
2011-01-18,98.55867767333984
2011-01-19,97.59225463867188
2011-01-20,97.462890625
2011-01-21,97.68354797363281
2011-01-24,98.23906707763672
2011-01-25,98.29230499267578
2011-01-26,98.67280578613281
2011-01-27,98.91631317138672
2011-01-28,97.18892669677734
2011-01-31,97.91944122314453
2011-02-01,99.48699188232422
2011-02-02,99.2967758178711
2011-02-03,99.5174331665039
2011-02-04,99.79899597167969
2011-02-07,100.42300415039062
2011-02-08,100.87957000732422
2011-02-09,100.65129852294922
2011-02-10,100.6893310546875
2011-02-11,101.29045104980469
2011-02-14,101.53398895263672
2011-02-15,101.21436309814453
2011-02-16,101.85358428955078
2011-02-17,102.15796661376953
2011-02-18,102.37104034423828
2011-02-22,100.31645965576172
2011-02-23,99.70011901855469
2011-02-24,99.63159942626953
2011-02-25,100.69693756103516
2011-02-28,101.32091522216797
2011-03-01,99.63159942626953
2011-03-02,99.84467315673828
2011-03-03,101.56439971923828
2011-03-04,100.80347442626953
2011-03-07,100.01207733154297
2011-03-08,100.88716125488281
2011-03-09,100.74256896972656
2011-03-10,98.87826538085938
2011-03-11,99.56310272216797
2011-03-14,98.96199035644531
2011-03-15,97.828125
2011-03-16,96.01708984375
2011-03-17,97.2878646850586
2011-03-18,97.64173889160156
2011-03-21,99.15495300292969
2011-03-22,98.81104278564453
2011-03-23,99.09381866455078
2011-03-24,100.04148864746094
2011-03-25,100.3471908569336
2011-03-28,100.1026382446289
2011-03-29,100.7751693725586
2011-03-30,101.47068786621094
2011-03-31,101.33307647705078
2011-04-01,101.76103973388672
2011-04-04,101.84513092041016
2011-04-05,101.82984161376953
2011-04-06,102.15083312988281
2011-04-07,101.89102172851562
2011-04-08,101.5394515991211
2011-04-11,101.23372650146484
2011-04-12,100.47709655761719
2011-04-13,100.46944427490234
2011-04-14,100.54592895507812
2011-04-15,100.91271209716797
2011-04-18,99.78165435791016
2011-04-19,100.35482025146484
2011-04-20,101.72286987304688
2011-04-21,102.24253845214844
2011-04-25,102.13554382324219
2011-04-26,103.01445007324219
2011-04-27,103.6869888305664
2011-04-28,104.02325439453125
2011-04-29,104.26783752441406
2011-05-02,104.10734558105469
2011-05-03,103.73285675048828
2011-05-04,103.0450210571289
2011-05-05,102.11258697509766
2011-05-06,102.56355285644531
2011-05-09,102.96095275878906
2011-05-10,103.8398666381836
2011-05-11,102.74700164794922
2011-05-12,103.23612213134766
2011-05-13,102.44126892089844
2011-05-16,101.79165649414062
2011-05-17,101.77635955810547
2011-05-18,102.68585205078125
2011-05-19,102.9303970336914
2011-05-20,102.11258697509766
2011-05-23,100.9280014038086
2011-05-24,100.84397888183594
2011-05-25,101.18024444580078
2011-05-26,101.64642333984375
2011-05-27,102.03622436523438
2011-05-31,103.09848022460938
2011-06-01,100.7828140258789
2011-06-02,100.67581939697266
2011-06-03,99.67461395263672
2011-06-06,98.61996459960938
2011-06-07,98.558837890625
2011-06-08,98.1461410522461
2011-06-09,98.8951187133789
2011-06-10,97.51943969726562
2011-06-13,97.59585571289062
2011-06-14,98.83399200439453
2011-06-15,97.0761489868164
2011-06-16,97.29014587402344
2011-06-17,97.58049774169922
2011-06-20,98.07970428466797
2011-06-21,99.4238052368164
2011-06-22,98.82472229003906
2011-06-23,98.54054260253906
2011-06-24,97.39615631103516
2011-06-27,98.2640380859375
2011-06-28,99.5466537475586
2011-06-29,100.39923095703125
2011-06-30,101.3592758178711
2011-07-01,102.85700988769531
2011-07-05,102.7724609375
2011-07-06,102.8953628540039
2011-07-07,103.96295166015625
2011-07-08,103.22559356689453
2011-07-11,101.3592758178711
2011-07-12,100.92147827148438
2011-07-13,101.25942993164062
2011-07-14,100.56048583984375
2011-07-15,101.14427185058594
2011-07-18,100.31472778320312
2011-07-19,101.94302368164062
2011-07-20,101.88153839111328
2011-07-21,103.29474639892578
2011-07-22,103.36389923095703
2011-07-25,102.78785705566406
2011-07-26,102.40383911132812
2011-07-27,100.30707550048828
2011-07-28,100.01520538330078
2011-07-29,99.3316421508789
2011-08-01,98.90919494628906
2011-08-02,96.38233947753906
2011-08-03,96.90460968017578
2011-08-04,92.36541748046875
2011-08-05,92.2271957397461
2011-08-08,86.2210693359375
2011-08-09,90.23028564453125
2011-08-10,86.2441177368164
2011-08-11,90.11506652832031
2011-08-12,90.72183227539062
2011-08-15,92.64193725585938
2011-08-16,91.85082244873047
2011-08-17,91.91229248046875
2011-08-18,87.9491958618164
2011-08-19,86.5129165649414
2011-08-22,86.58204650878906
2011-08-23,89.43150329589844
2011-08-24,90.69113159179688
2011-08-25,89.30859375
2011-08-26,90.60659790039062
2011-08-29,93.21028900146484
2011-08-30,93.45606994628906
2011-08-31,93.87081146240234
2011-09-01,92.88774108886719
2011-09-02,90.51445007324219
2011-09-06,89.85391998291016
2011-09-07,92.38848114013672
2011-09-08,91.42840576171875
2011-09-09,89.03211975097656
2011-09-12,89.60816955566406
2011-09-13,90.42993927001953
2011-09-14,91.68190002441406
2011-09-15,93.26406860351562
2011-09-16,93.8160400390625
2011-09-19,92.88190460205078
2011-09-20,92.77383422851562
2011-09-21,90.04086303710938
2011-09-22,87.1303482055664
2011-09-23,87.65531921386719
2011-09-26,89.7397689819336
2011-09-27,90.74341583251953
2011-09-28,88.89054870605469
2011-09-29,89.59309387207031
2011-09-30,87.35420227050781
2011-10-03,84.86831665039062
2011-10-04,86.72887420654297
2011-10-05,88.33466339111328
2011-10-06,89.93278503417969
2011-10-07,89.33061981201172
2011-10-10,92.31831359863281
2011-10-11,92.41096496582031
2011-10-12,93.22159576416016
2011-10-13,93.03630828857422
2011-10-14,94.62665557861328
2011-10-17,92.82013702392578
2011-10-18,94.6343765258789
2011-10-19,93.51496124267578
2011-10-20,93.92411041259766
2011-10-21,95.70748901367188
2011-10-24,96.88099670410156
2011-10-25,94.99723052978516
2011-10-26,95.96224975585938
2011-10-27,99.30516052246094
2011-10-28,99.28196716308594
2011-10-31,96.88871002197266
2011-11-01,94.18659973144531
2011-11-02,95.72294616699219
2011-11-03,97.46768188476562
2011-11-04,96.87322998046875
2011-11-07,97.47540283203125
2011-11-08,98.72608947753906
2011-11-09,95.08214569091797
2011-11-10,95.97769927978516
2011-11-11,97.78424835205078
2011-11-14,96.8578109741211
2011-11-15,97.33647918701172
2011-11-16,95.79243469238281
2011-11-17,94.27151489257812
2011-11-18,94.17121124267578
2011-11-21,92.38006591796875
2011-11-22,92.01725769042969
2011-11-23,89.98681640625
2011-11-25,89.81697845458984
2011-11-28,92.41866302490234
2011-11-29,92.68118286132812
2011-11-30,96.49494171142578
2011-12-01,96.47953796386719
2011-12-02,96.39457702636719
2011-12-05,97.44452667236328
2011-12-06,97.47540283203125
2011-12-07,97.83827209472656
2011-12-08,95.69205474853516
2011-12-09,97.31330871582031
2011-12-12,95.89277648925781
2011-12-13,94.99723052978516
2011-12-14,93.98588562011719
2011-12-15,94.3255844116211
2011-12-16,94.46542358398438
2011-12-19,93.45542907714844
2011-12-20,96.28340911865234
2011-12-21,96.4698486328125
2011-12-22,97.32447052001953
2011-12-23,98.19464111328125
2011-12-27,98.27232360839844
2011-12-28,96.98265075683594
2011-12-29,97.98484802246094
2011-12-30,97.50318908691406
2012-01-03,99.05701446533203
2012-01-04,99.2123794555664
2012-01-05,99.47654724121094
2012-01-06,99.22016143798828
2012-01-09,99.46099853515625
2012-01-10,100.32341003417969
2012-01-11,100.37774658203125
2012-01-12,100.61863708496094
2012-01-13,100.09805297851562
2012-01-17,100.48653411865234
2012-01-18,101.5975341796875
2012-01-19,102.13359069824219
2012-01-20,102.51431274414062
2012-01-23,102.25016784667969
2012-01-24,102.13359069824219
2012-01-25,102.98819732666016
2012-01-26,102.4599609375
2012-01-27,102.4133071899414
2012-01-30,102.06367492675781
2012-01-31,102.02484893798828
2012-02-01,102.91827392578125
2012-02-02,103.08145141601562
2012-02-03,104.52651977539062
2012-02-06,104.45655822753906
2012-02-07,104.72074890136719
2012-02-08,105.031494140625
2012-02-09,105.16358184814453
2012-02-10,104.38666534423828
2012-02-13,105.16358184814453
2012-02-14,105.031494140625
2012-02-15,104.54204559326172
2012-02-16,105.69967651367188
2012-02-17,105.97933197021484
2012-02-21,106.02596282958984
2012-02-22,105.68408966064453
2012-02-23,106.15023803710938
2012-02-24,106.38330841064453
2012-02-27,106.56205749511719
2012-02-28,106.87281036376953
2012-02-29,106.45325469970703
2012-03-01,107.0048828125
2012-03-02,106.6785888671875
2012-03-05,106.24346923828125
2012-03-06,104.68964385986328
2012-03-07,105.41996765136719
2012-03-08,106.46882629394531
2012-03-09,106.88056945800781
2012-03-12,106.88831329345703
2012-03-13,108.81504821777344
2012-03-14,108.69862365722656
2012-03-15,109.32791900634766
2012-03-16,109.47928619384766
2012-03-19,109.9084243774414
2012-03-20,109.58850860595703
2012-03-21,109.4090576171875
2012-03-22,108.62088775634766
2012-03-23,108.97208404541016
2012-03-26,110.50150299072266
2012-03-27,110.15815734863281
2012-03-28,109.61192321777344
2012-03-29,109.42459106445312
2012-03-30,109.877197265625
2012-04-02,110.68087005615234
2012-04-03,110.22836303710938
2012-04-04,109.13592529296875
2012-04-05,109.08126831054688
2012-04-09,107.85617065429688
2012-04-10,106.04584503173828
2012-04-11,106.90420532226562
2012-04-12,108.30095672607422
2012-04-13,107.01339721679688
2012-04-16,106.94319915771484
2012-04-17,108.5272445678711
2012-04-18,108.16050720214844
2012-04-19,107.46599578857422
2012-04-20,107.64547729492188
2012-04-23,106.74028778076172
2012-04-24,107.14610290527344
2012-04-25,108.61309814453125
2012-04-26,109.36998748779297
2012-04-27,109.54949188232422
2012-04-30,109.14374542236328
2012-05-01,109.82257843017578
2012-05-02,109.494873046875
2012-05-03,108.6598892211914
2012-05-04,106.90420532226562
2012-05-07,106.98222351074219
2012-05-08,106.55303192138672
2012-05-09,105.92098999023438
2012-05-10,106.13945007324219
2012-05-11,105.81953430175781
2012-05-14,104.64905548095703
2012-05-15,104.0482177734375
2012-05-16,103.65020751953125
2012-05-17,102.1130142211914
2012-05-18,101.2390365600586
2012-05-21,102.9791488647461
2012-05-22,103.15862274169922
2012-05-23,103.2132797241211
2012-05-24,103.41614532470703
2012-05-25,103.08061218261719
2012-05-29,104.3291015625
2012-05-30,102.81529235839844
2012-05-31,102.58900451660156
2012-06-01,100.00611114501953
2012-06-04,99.9593505859375
2012-06-05,100.71622467041016
2012-06-06,102.9791488647461
2012-06-07,103.04156494140625
2012-06-08,103.8609390258789
2012-06-11,102.54217529296875
2012-06-12,103.72048950195312
2012-06-13,103.05721282958984
2012-06-14,104.14965057373047
2012-06-15,105.21481323242188
2012-06-18,105.41873931884766
2012-06-19,106.43843078613281
2012-06-20,106.26585388183594
2012-06-21,103.88139343261719
2012-06-22,104.6814193725586
2012-06-25,103.00291442871094
2012-06-26,103.52059173583984
2012-06-27,104.45396423339844
2012-06-28,104.15591430664062
2012-06-29,106.752197265625
2012-07-02,107.07374572753906
2012-07-03,107.7796859741211
2012-07-05,107.29335021972656
2012-07-06,106.27374267578125
2012-07-09,106.14037322998047
2012-07-10,105.21481323242188
2012-07-11,105.2304916381836
2012-07-12,104.72068786621094
2012-07-13,106.4776611328125
2012-07-16,106.22664642333984
2012-07-17,106.95610046386719
2012-07-18,107.74832153320312
2012-07-19,108.03070068359375
2012-07-20,107.0423812866211
2012-07-23,105.9599380493164
2012-07-24,105.05009460449219
2012-07-25,105.07364654541016
2012-07-26,106.80709838867188
2012-07-27,108.77583312988281
2012-07-30,108.77583312988281
2012-07-31,108.01500701904297
2012-08-01,107.9208755493164
2012-08-02,107.17572021484375
2012-08-03,109.30136108398438
2012-08-06,109.51315307617188
2012-08-07,110.06220245361328
2012-08-08,110.19552612304688
2012-08-09,110.28965759277344
2012-08-10,110.4700698852539
2012-08-13,110.41516876220703
2012-08-14,110.43085479736328
2012-08-15,110.55633544921875
2012-08-16,111.37208557128906
2012-08-17,111.5211410522461
2012-08-20,111.5289535522461
2012-08-21,111.191650390625
2012-08-22,111.23869323730469
2012-08-23,110.32887268066406
2012-08-24,110.99559020996094
2012-08-27,111.01913452148438
2012-08-28,110.90931701660156
2012-08-29,110.99559020996094
2012-08-30,110.19552612304688
2012-08-31,110.72105407714844
2012-09-04,110.61911010742188
2012-09-05,110.52495574951172
2012-09-06,112.76828002929688
2012-09-07,113.20752716064453
2012-09-10,112.56430053710938
2012-09-11,112.87809753417969
2012-09-12,113.25454711914062
2012-09-13,114.98014831542969
2012-09-14,115.48997497558594
2012-09-17,115.0978012084961
2012-09-18,115.00367736816406
2012-09-19,115.06642150878906
2012-09-20,115.07431030273438
2012-09-21,115.02617645263672
2012-09-24,114.85272216796875
2012-09-25,113.63041687011719
2012-09-26,112.99174499511719
2012-09-27,114.05630493164062
2012-09-28,113.52792358398438
2012-10-01,113.82756805419922
2012-10-02,113.94589233398438
2012-10-03,114.4111328125
2012-10-04,115.2312240600586
2012-10-05,115.23912811279297
2012-10-08,114.84481048583984
2012-10-09,113.70934295654297
2012-10-10,112.9838638305664
2012-10-11,113.04695129394531
2012-10-12,112.67631530761719
2012-10-15,113.61468505859375
2012-10-16,114.76594543457031
2012-10-17,115.28642272949219
2012-10-18,114.98680114746094
2012-10-19,113.07062530517578
2012-10-22,113.08639526367188
2012-10-23,111.51713562011719
2012-10-24,111.20169067382812
2012-10-25,111.52498626708984
2012-10-26,111.46195983886719
2012-10-31,111.46195983886719
2012-11-01,112.62895202636719
2012-11-02,111.62751770019531
2012-11-05,111.85623931884766
2012-11-06,112.73151397705078
2012-11-07,110.17662811279297
2012-11-08,108.8518295288086
2012-11-09,108.94647979736328
2012-11-12,109.033203125
2012-11-13,108.65465545654297
2012-11-14,107.18797302246094
2012-11-15,107.00658416748047
2012-11-16,107.53494262695312
2012-11-19,109.71137237548828
2012-11-20,109.75863647460938
2012-11-21,109.96366882324219
2012-11-23,111.46195983886719
2012-11-26,111.22532653808594
2012-11-27,110.6575927734375
2012-11-28,111.54866790771484
2012-11-29,112.0691146850586
2012-11-30,112.0927505493164
2012-12-03,111.54080200195312
2012-12-04,111.38309478759766
2012-12-05,111.58019256591797
2012-12-06,111.95874786376953
2012-12-07,112.29780578613281
2012-12-10,112.34510040283203
2012-12-11,113.11000061035156
2012-12-12,113.16519165039062
2012-12-13,112.4713134765625
2012-12-14,112.05332946777344
2012-12-17,113.3702621459961
2012-12-18,114.63191223144531
2012-12-19,113.78026580810547
2012-12-20,114.43479919433594
2012-12-21,113.39598846435547
2012-12-24,113.046630859375
2012-12-26,112.57013702392578
2012-12-27,112.41923522949219
2012-12-28,111.2042007446289
2012-12-31,113.0942611694336
2013-01-02,115.9928970336914
2013-01-03,115.73082733154297
2013-01-04,116.23904418945312
2013-01-07,115.92146301269531
2013-01-08,115.58788299560547
2013-01-09,115.8817138671875
2013-01-10,116.80297088623047
2013-01-11,116.79498291015625
2013-01-14,116.71556091308594
2013-01-15,116.79498291015625
2013-01-16,116.77909088134766
2013-01-17,117.53353118896484
2013-01-18,117.79563903808594
2013-01-22,118.4308853149414
2013-01-23,118.62146759033203
2013-01-24,118.65330505371094
2013-01-25,119.3204116821289
2013-01-28,119.17738342285156
2013-01-29,119.64598083496094
2013-01-30,119.17738342285156
2013-01-31,118.88356018066406
2013-02-01,120.1065673828125
2013-02-04,118.75656127929688
2013-02-05,119.9556655883789
2013-02-06,120.0430679321289
2013-02-07,119.88420104980469
2013-02-08,120.5512466430664
2013-02-11,120.52743530273438
2013-02-12,120.72600555419922
2013-02-13,120.82917785644531
2013-02-14,120.9404296875
2013-02-15,120.79741668701172
2013-02-19,121.70281982421875
2013-02-20,120.18598175048828
2013-02-21,119.45533752441406
2013-02-22,120.62275695800781
2013-02-25,118.32766723632812
2013-02-26,119.13774871826172
2013-02-27,120.6386489868164
2013-02-28,120.40045166015625
2013-03-01,120.79741668701172
2013-03-04,121.44073486328125
2013-03-05,122.5286636352539
2013-03-06,122.69547271728516
2013-03-07,122.91783142089844
2013-03-08,123.44200897216797
2013-03-11,123.91056060791016
2013-03-12,123.63253784179688
2013-03-13,123.8072509765625
2013-03-14,124.46639251708984
2013-03-15,124.30206298828125
2013-03-18,123.61607360839844
2013-03-19,123.32894897460938
2013-03-20,124.19039916992188
2013-03-21,123.12950134277344
2013-03-22,124.11863708496094
2013-03-25,123.60018920898438
2013-03-26,124.58924102783203
2013-03-27,124.58924102783203
2013-03-28,124.97212219238281
2013-04-01,124.47760009765625
2013-04-02,125.09175109863281
2013-04-03,123.82351684570312
2013-04-04,124.32610321044922
2013-04-05,123.76768493652344
2013-04-08,124.60521697998047
2013-04-09,125.03600311279297
2013-04-10,126.56749725341797
2013-04-11,126.98226928710938
2013-04-12,126.6711654663086
2013-04-15,123.7357406616211
2013-04-16,125.56249237060547
2013-04-17,123.72774505615234
2013-04-18,122.9540023803711
2013-04-19,124.02289581298828
2013-04-22,124.5733642578125
2013-04-23,125.85755157470703
2013-04-24,125.93729400634766
2013-04-25,126.44791412353516
2013-04-26,126.22452545166016
2013-04-29,127.0700454711914
2013-04-30,127.37319946289062
2013-05-01,126.25642395019531
2013-05-02,127.42900848388672
2013-05-03,128.7212371826172
2013-05-06,129.04824829101562
2013-05-07,129.70240783691406
2013-05-08,130.29258728027344
2013-05-09,129.92575073242188
2013-05-10,130.3485565185547
2013-05-13,130.4521942138672
2013-05-14,131.80026245117188
2013-05-15,132.5102081298828
2013-05-16,131.88803100585938
2013-05-17,133.16427612304688
2013-05-20,133.1562957763672
2013-05-21,133.34780883789062
2013-05-22,132.35865783691406
2013-05-23,131.97572326660156
2013-05-24,131.86407470703125
2013-05-28,132.65377807617188
2013-05-29,131.79234313964844
2013-05-30,132.2788848876953
2013-05-31,130.38038635253906
2013-06-03,131.0983428955078
2013-06-04,130.4681396484375
2013-06-05,128.64146423339844
2013-06-06,129.80604553222656
2013-06-07,131.45721435546875
2013-06-10,131.45721435546875
2013-06-11,130.1012420654297
2013-06-12,129.02435302734375
2013-06-13,130.9866485595703
2013-06-14,130.16502380371094
2013-06-17,131.17007446289062
2013-06-18,132.20709228515625
2013-06-19,130.38038635253906
2013-06-20,127.14979553222656
2013-06-21,127.55794525146484
2013-06-24,125.94613647460938
2013-06-25,127.15704345703125
2013-06-26,128.41604614257812
2013-06-27,129.1697998046875
2013-06-28,128.6405029296875
2013-07-01,129.3943328857422
2013-07-02,129.27401733398438
2013-07-03,129.3302001953125
2013-07-05,130.7255096435547
2013-07-08,131.47122192382812
2013-07-09,132.41746520996094
2013-07-10,132.465576171875
2013-07-11,134.26986694335938
2013-07-12,134.3259735107422
2013-07-15,134.8391571044922
2013-07-16,134.33401489257812
2013-07-17,134.67886352539062
2013-07-18,135.41656494140625
2013-07-19,135.65711975097656
2013-07-22,135.9217987060547
2013-07-23,135.63308715820312
2013-07-24,135.13592529296875
2013-07-25,135.4646453857422
2013-07-26,135.6090545654297
2013-07-29,135.19203186035156
2013-07-30,135.19203186035156
2013-07-31,135.2882080078125
2013-08-01,136.85194396972656
2013-08-02,137.08450317382812
2013-08-05,136.88409423828125
2013-08-06,136.10623168945312
2013-08-07,135.66522216796875
2013-08-08,136.162353515625
2013-08-09,135.76943969726562
2013-08-12,135.6090545654297
2013-08-13,136.00991821289062
2013-08-14,135.3123016357422
2013-08-15,133.4198760986328
2013-08-16,132.97885131835938
2013-08-19,132.1287841796875
2013-08-20,132.77828979492188
2013-08-21,131.96043395996094
2013-08-22,133.1632537841797
2013-08-23,133.61227416992188
2013-08-26,133.11517333984375
2013-08-27,130.97409057617188
2013-08-28,131.43919372558594
2013-08-29,131.6476287841797
2013-08-30,131.23068237304688
2013-09-03,131.82408142089844
2013-09-04,132.91465759277344
2013-09-05,133.0830841064453
2013-09-06,133.14720153808594
2013-09-09,134.42222595214844
2013-09-10,135.41656494140625
2013-09-11,135.8415985107422
2013-09-12,135.48072814941406
2013-09-13,135.78546142578125
2013-09-16,136.5712890625
2013-09-17,137.1807861328125
2013-09-18,138.7684783935547
2013-09-19,138.53591918945312
2013-09-20,137.56739807128906
2013-09-23,136.93080139160156
2013-09-24,136.6084747314453
2013-09-25,136.21359252929688
2013-09-26,136.73741149902344
2013-09-27,136.10885620117188
2013-09-30,135.3836212158203
2013-10-01,136.45538330078125
2013-10-02,136.3264923095703
2013-10-03,135.06935119628906
2013-10-04,136.09278869628906
2013-10-07,134.916259765625
2013-10-08,133.34494018554688
2013-10-09,133.44168090820312
2013-10-10,136.318359375
2013-10-11,137.1967315673828
2013-10-14,137.7447052001953
2013-10-15,136.74549865722656
2013-10-16,138.65521240234375
2013-10-17,139.58189392089844
2013-10-18,140.52471923828125
2013-10-21,140.53280639648438
2013-10-22,141.34661865234375
2013-10-23,140.66978454589844
2013-10-24,141.13710021972656
2013-10-25,141.78172302246094
2013-10-28,142.0074005126953
2013-10-29,142.76487731933594
2013-10-30,142.0557403564453
2013-10-31,141.65286254882812
2013-11-01,141.99127197265625
2013-11-04,142.4908905029297
2013-11-05,142.03964233398438
2013-11-06,142.76487731933594
2013-11-07,140.95982360839844
2013-11-08,142.86158752441406
2013-11-11,142.88572692871094
2013-11-12,142.5956573486328
2013-11-13,143.73983764648438
2013-11-14,144.45704650878906
2013-11-15,145.0855255126953
2013-11-18,144.57791137695312
2013-11-19,144.26364135742188
2013-11-20,143.81240844726562
2013-11-21,144.97271728515625
2013-11-22,145.6979522705078
2013-11-25,145.55296325683594
2013-11-26,145.59323120117188
2013-11-27,145.94775390625
2013-11-29,145.85113525390625
2013-12-02,145.4723663330078
2013-12-03,144.8438720703125
2013-12-04,144.82774353027344
2013-12-05,144.19117736816406
2013-12-06,145.80276489257812
2013-12-09,146.17343139648438
2013-12-10,145.649658203125
2013-12-11,144.01382446289062
2013-12-12,143.53842163085938
2013-12-13,143.5222930908203
2013-12-16,144.41673278808594
2013-12-17,143.9573974609375
2013-12-18,146.4150848388672
2013-12-19,146.24594116210938
2013-12-20,147.0966339111328
2013-12-23,147.8825225830078
2013-12-24,148.20660400390625
2013-12-26,148.96002197265625
2013-12-27,148.9519500732422
2013-12-30,148.92762756347656
2013-12-31,149.6324920654297
2014-01-02,148.19850158691406
2014-01-03,148.1741943359375
2014-01-06,147.74481201171875
2014-01-07,148.65211486816406
2014-01-08,148.68460083007812
2014-01-09,148.7818145751953
2014-01-10,149.1868438720703
2014-01-13,147.20199584960938
2014-01-14,148.8060760498047
2014-01-15,149.6082000732422
2014-01-16,149.4137725830078
2014-01-17,148.7818145751953
2014-01-21,149.21926879882812
2014-01-22,149.31649780273438
2014-01-23,148.09317016601562
2014-01-24,144.9334259033203
2014-01-27,144.22047424316406
2014-01-28,145.07928466796875
2014-01-29,143.68577575683594
2014-01-30,145.208984375
2014-01-31,144.35824584960938
2014-02-03,141.1094512939453
2014-02-04,142.09779357910156
2014-02-05,141.9195556640625
2014-02-06,143.7910614013672
2014-02-07,145.57350158691406
2014-02-10,145.84080505371094
2014-02-11,147.4369354248047
2014-02-12,147.5098114013672
2014-02-13,148.2714080810547
2014-02-14,149.08973693847656
2014-02-18,149.26791381835938
2014-02-19,148.27944946289062
2014-02-20,149.1544952392578
2014-02-21,148.98434448242188
2014-02-24,149.8107147216797
2014-02-25,149.75404357910156
2014-02-26,149.76210021972656
2014-02-27,150.54795837402344
2014-02-28,150.92877197265625
2014-03-03,149.86746215820312
2014-03-04,151.9739227294922
2014-03-05,152.1116180419922
2014-03-06,152.46002197265625
2014-03-07,152.52484130859375
2014-03-10,152.44383239746094
2014-03-11,151.6903839111328
2014-03-12,151.73086547851562
2014-03-13,150.0294647216797
2014-03-14,149.6082000732422
2014-03-17,150.96116638183594
2014-03-18,152.0387725830078
2014-03-19,151.22857666015625
2014-03-20,152.1116180419922
2014-03-21,151.52163696289062
2014-03-24,150.8950958251953
2014-03-25,151.6111602783203
2014-03-26,150.52076721191406
2014-03-27,150.20339965820312
2014-03-28,150.94393920898438
2014-03-31,152.18080139160156
2014-04-01,153.18988037109375
2014-04-02,153.7025604248047
2014-04-03,153.49908447265625
2014-04-04,151.6844482421875
2014-04-07,150.00811767578125
2014-04-08,150.62655639648438
2014-04-09,152.24594116210938
2014-04-10,149.0478515625
2014-04-11,147.70518493652344
2014-04-14,148.8688201904297
2014-04-15,149.8941650390625
2014-04-16,151.46470642089844
2014-04-17,151.67628479003906
2014-04-21,152.2052459716797
2014-04-22,152.89691162109375
2014-04-23,152.53884887695312
2014-04-24,152.8480987548828
2014-04-25,151.59490966796875
2014-04-28,152.07501220703125
2014-04-29,152.78297424316406
2014-04-30,153.2386932373047
2014-05-01,153.2550048828125
2014-05-02,153.03526306152344
2014-05-05,153.32818603515625
2014-05-06,151.99366760253906
2014-05-07,152.88880920410156
2014-05-08,152.72607421875
2014-05-09,152.95387268066406
2014-05-12,154.4430389404297
2014-05-13,154.58140563964844
2014-05-14,153.84898376464844
2014-05-15,152.4981689453125
2014-05-16,153.02706909179688
2014-05-19,153.588623046875
2014-05-20,152.6202392578125
2014-05-21,153.90603637695312
2014-05-22,154.2802734375
2014-05-23,154.89877319335938
2014-05-27,155.85084533691406
2014-05-28,155.73695373535156
2014-05-29,156.5425567626953
2014-05-30,156.79481506347656
2014-06-02,156.97389221191406
2014-06-03,156.89247131347656
2014-06-04,157.2098846435547
2014-06-05,158.23519897460938
2014-06-06,158.99200439453125
2014-06-09,159.15467834472656
2014-06-10,159.1709747314453
2014-06-11,158.6176300048828
2014-06-12,157.4946746826172
2014-06-13,157.9747772216797
2014-06-16,158.10496520996094
2014-06-17,158.54440307617188
2014-06-18,159.7080841064453
2014-06-19,159.8870849609375
2014-06-20,160.21168518066406
2014-06-23,160.1626739501953
2014-06-24,159.19781494140625
2014-06-25,159.91729736328125
2014-06-26,159.80287170410156
2014-06-27,160.11355590820312
2014-06-30,160.03182983398438
2014-07-01,161.10293579101562
2014-07-02,161.26649475097656
2014-07-03,162.05955505371094
2014-07-07,161.49542236328125
2014-07-08,160.45706176757812
2014-07-09,161.17657470703125
2014-07-10,160.53875732421875
2014-07-11,160.75950622558594
2014-07-14,161.56903076171875
2014-07-15,161.26649475097656
2014-07-16,161.8633575439453
2014-07-17,160.0236358642578
2014-07-18,161.6589813232422
2014-07-21,161.35643005371094
2014-07-22,162.05955505371094
2014-07-23,162.4193572998047
2014-07-24,162.42750549316406
2014-07-25,161.66714477539062
2014-07-28,161.73257446289062
2014-07-29,161.03756713867188
2014-07-30,161.06210327148438
2014-07-31,157.88137817382812
2014-08-01,157.39895629882812
2014-08-04,158.53549194335938
2014-08-05,156.99830627441406
2014-08-06,157.04734802246094
2014-08-07,156.197021484375
2014-08-08,158.0040740966797
2014-08-11,158.46194458007812
2014-08-12,158.24119567871094
2014-08-13,159.31228637695312
2014-08-14,160.06455993652344
2014-08-15,160.03182983398438
2014-08-18,161.37281799316406
2014-08-19,162.21490478515625
2014-08-20,162.6483612060547
2014-08-21,163.1226348876953
2014-08-22,162.86911010742188
2014-08-25,163.6949462890625
2014-08-26,163.80126953125
2014-08-27,163.73582458496094
2014-08-28,163.6458740234375
2014-08-29,164.11196899414062
2014-09-02,164.03016662597656
2014-09-03,163.94024658203125
2014-09-04,163.70315551757812
2014-09-05,164.43893432617188
2014-09-08,164.0137939453125
2014-09-09,162.97540283203125
2014-09-10,163.5886688232422
2014-09-11,163.77667236328125
2014-09-12,162.8200225830078
2014-09-15,162.6973419189453
2014-09-16,163.92388916015625
2014-09-17,164.14459228515625
2014-09-18,165.01953125
2014-09-19,164.870849609375
2014-09-22,163.5975341796875
2014-09-23,162.6610565185547
2014-09-24,163.9343719482422
2014-09-25,161.2891845703125
2014-09-26,162.57073974609375
2014-09-29,162.2749786376953
2014-09-30,161.84779357910156
2014-10-01,159.65440368652344
2014-10-02,159.67909240722656
2014-10-03,161.4370574951172
2014-10-06,161.24818420410156
2014-10-07,158.759033203125
2014-10-08,161.53561401367188
2014-10-09,158.33187866210938
2014-10-10,156.52464294433594
2014-10-13,153.95339965820312
2014-10-14,154.1916046142578
2014-10-15,153.1483612060547
2014-10-16,153.01690673828125
2014-10-17,154.82411193847656
2014-10-20,156.3274383544922
2014-10-21,159.42449951171875
2014-10-22,158.29078674316406
2014-10-23,160.13088989257812
2014-10-24,161.36306762695312
2014-10-27,161.14137268066406
2014-10-28,162.98965454101562
2014-10-29,162.74314880371094
2014-10-30,163.78651428222656
2014-10-31,165.65948486328125
2014-11-03,165.7498016357422
2014-11-04,165.1748046875
2014-11-05,166.218017578125
2014-11-06,166.8834686279297
2014-11-07,167.03955078125
2014-11-10,167.5653076171875
2014-11-11,167.72958374023438
2014-11-12,167.5488739013672
2014-11-13,167.73782348632812
2014-11-14,167.77886962890625
2014-11-17,167.8856658935547
2014-11-18,168.8550262451172
2014-11-19,168.58389282226562
2014-11-20,168.87966918945312
2014-11-21,169.78330993652344
2014-11-24,170.259765625
2014-11-25,170.13650512695312
2014-11-26,170.5718994140625
2014-11-28,170.21046447753906
2014-12-01,169.0275421142578
2014-12-02,170.1200408935547
2014-12-03,170.77728271484375
2014-12-04,170.58836364746094
2014-12-05,170.86766052246094
2014-12-08,169.72576904296875
2014-12-09,169.61082458496094
2014-12-10,166.89169311523438
2014-12-11,167.73782348632812
2014-12-12,165.02694702148438
2014-12-15,163.8932647705078
2014-12-16,162.5789337158203
2014-12-17,165.76625061035156
2014-12-18,169.86541748046875
2014-12-19,170.5882110595703
2014-12-22,171.37289428710938
2014-12-23,171.6042022705078
2014-12-24,171.6206817626953
2014-12-26,172.1741485595703
2014-12-29,172.4053955078125
2014-12-30,171.48033142089844
2014-12-31,169.77870178222656
2015-01-02,169.68785095214844
2015-01-05,166.6233367919922
2015-01-06,165.05392456054688
2015-01-07,167.11065673828125
2015-01-08,170.0760955810547
2015-01-09,168.713134765625
2015-01-12,167.39154052734375
2015-01-13,166.92071533203125
2015-01-14,165.9129638671875
2015-01-15,164.39308166503906
2015-01-16,166.54896545410156
2015-01-20,166.90419006347656
2015-01-21,167.7467041015625
2015-01-22,170.24131774902344
2015-01-23,169.307861328125
2015-01-26,169.704345703125
2015-01-27,167.4658966064453
2015-01-28,165.31822204589844
2015-01-29,166.84640502929688
2015-01-30,164.7483367919922
2015-02-02,166.78857421875
2015-02-03,169.20046997070312
2015-02-04,168.55618286132812
2015-02-05,170.25782775878906
2015-02-06,169.78695678710938
2015-02-09,169.0270538330078
2015-02-10,170.82772827148438
2015-02-11,170.92686462402344
2015-02-12,172.57064819335938
2015-02-13,173.28099060058594
2015-02-17,173.55361938476562
2015-02-18,173.57008361816406
2015-02-19,173.44619750976562
2015-02-20,174.4869842529297
2015-02-23,174.462158203125
2015-02-24,174.95777893066406
2015-02-25,174.8091583251953
2015-02-26,174.60263061523438
2015-02-27,174.0078887939453
2015-03-02,175.1065216064453
2015-03-03,174.38783264160156
2015-03-04,173.6527557373047
2015-03-05,173.8427276611328
2015-03-06,171.39767456054688
2015-03-09,172.10806274414062
2015-03-10,169.31613159179688
2015-03-11,168.919677734375
2015-03-12,171.06724548339844
2015-03-13,170.01824951171875
2015-03-16,172.28976440429688
2015-03-17,171.77764892578125
2015-03-18,173.8427276611328
2015-03-19,173.04974365234375
2015-03-20,174.5771942138672
2015-03-23,174.23704528808594
2015-03-24,173.25794982910156
2015-03-25,170.71908569335938
2015-03-26,170.31259155273438
2015-03-27,170.7024688720703
2015-03-30,172.78509521484375
2015-03-31,171.27496337890625
2015-04-01,170.66929626464844
2015-04-02,171.28329467773438
2015-04-06,172.4365692138672
2015-04-07,171.98023986816406
2015-04-08,172.56103515625
2015-04-09,173.32432556152344
2015-04-10,174.270263671875
2015-04-13,173.48199462890625
2015-04-14,173.81390380859375
2015-04-15,174.59378051757812
2015-04-16,174.5440216064453
2015-04-17,172.5361785888672
2015-04-20,174.11251831054688
2015-04-21,173.90516662597656
2015-04-22,174.759765625
2015-04-23,175.1995086669922
2015-04-24,175.60606384277344
2015-04-27,174.8759307861328
2015-04-28,175.4317626953125
2015-04-29,174.70997619628906
2015-04-30,172.9593048095703
2015-05-01,174.83444213867188
2015-05-04,175.33221435546875
2015-05-05,173.32432556152344
2015-05-06,172.6107940673828
2015-05-07,173.2994842529297
2015-05-08,175.58114624023438
2015-05-11,174.74313354492188
2015-05-12,174.22042846679688
2015-05-13,174.25363159179688
2015-05-14,176.07064819335938
2015-05-15,176.26153564453125
2015-05-18,176.8091278076172
2015-05-19,176.75103759765625
2015-05-20,176.6265869140625
2015-05-21,177.14097595214844
2015-05-22,176.71780395507812
2015-05-26,174.81784057617188
2015-05-27,176.47718811035156
2015-05-28,176.27813720703125
2015-05-29,175.18280029296875
2015-06-01,175.53970336914062
2015-06-02,175.36541748046875
2015-06-03,175.83001708984375
2015-06-04,174.34487915039062
2015-06-05,174.0461883544922
2015-06-08,172.97592163085938
2015-06-09,172.9509735107422
2015-06-10,175.02520751953125
2015-06-11,175.58944702148438
2015-06-12,174.24533081054688
2015-06-15,173.4985809326172
2015-06-16,174.44448852539062
2015-06-17,174.7265625
2015-06-18,176.5435791015625
2015-06-19,175.75990295410156
2015-06-22,176.66029357910156
2015-06-23,176.7853546142578
2015-06-24,175.50137329101562
2015-06-25,174.96783447265625
2015-06-26,174.93450927734375
2015-06-29,171.26600646972656
2015-06-30,171.6245880126953
2015-07-01,173.0001983642578
2015-07-02,172.84181213378906
2015-07-06,172.34994506835938
2015-07-07,173.4337615966797
2015-07-08,170.5240478515625
2015-07-09,170.83248901367188
2015-07-10,172.9835205078125
2015-07-13,174.89279174804688
2015-07-14,175.65150451660156
2015-07-15,175.59312438964844
2015-07-16,177.0021514892578
2015-07-17,177.15219116210938
2015-07-20,177.24398803710938
2015-07-21,176.5435791015625
2015-07-22,176.22674560546875
2015-07-23,175.23464965820312
2015-07-24,173.4170684814453
2015-07-27,172.40823364257812
2015-07-28,174.52593994140625
2015-07-29,175.72657775878906
2015-07-30,175.76817321777344
2015-07-31,175.50137329101562
2015-08-03,174.90945434570312
2015-08-04,174.567626953125
2015-08-05,175.14295959472656
2015-08-06,173.70892333984375
2015-08-07,173.37542724609375
2015-08-10,175.55979919433594
2015-08-11,173.9757080078125
2015-08-12,174.18414306640625
2015-08-13,173.96731567382812
2015-08-14,174.6009979248047
2015-08-17,175.57647705078125
2015-08-18,175.06787109375
2015-08-19,173.6838836669922
2015-08-20,170.05712890625
2015-08-21,164.93798828125
2015-08-24,157.99295043945312
2015-08-25,156.13375854492188
2015-08-26,162.12831115722656
2015-08-27,166.13858032226562
2015-08-28,166.14688110351562
2015-08-31,164.80459594726562
2015-09-01,159.885498046875
2015-09-02,162.92037963867188
2015-09-03,163.0370635986328
2015-09-04,160.5692138671875
2015-09-08,164.60446166992188
2015-09-09,162.40338134765625
2015-09-10,163.28717041015625
2015-09-11,164.0292205810547
2015-09-14,163.4206085205078
2015-09-15,165.4632110595703
2015-09-16,166.8972625732422
2015-09-17,166.52207946777344
2015-09-18,163.8008575439453
2015-09-21,164.6473388671875
2015-09-22,162.51028442382812
2015-09-23,162.25045776367188
2015-09-24,161.66380310058594
2015-09-25,161.6218719482422
2015-09-28,157.56564331054688
2015-09-29,157.6577911376953
2015-09-30,160.59945678710938
2015-10-01,161.0185089111328
2015-10-02,163.42372131347656
2015-10-05,166.33180236816406
2015-10-06,165.76190185546875
2015-10-07,167.11961364746094
2015-10-08,168.62815856933594
2015-10-09,168.72869873046875
2015-10-12,168.887939453125
2015-10-13,167.82359313964844
2015-10-14,167.01901245117188
2015-10-15,169.5835418701172
2015-10-16,170.35455322265625
2015-10-19,170.43833923339844
2015-10-20,170.22044372558594
2015-10-21,169.16452026367188
2015-10-22,172.02239990234375
2015-10-23,173.9080047607422
2015-10-26,173.48060607910156
2015-10-27,173.14535522460938
2015-10-28,175.11480712890625
2015-10-29,175.01429748535156
2015-10-30,174.25999450683594
2015-11-02,176.32164001464844
2015-11-03,176.83290100097656
2015-11-04,176.2965087890625
2015-11-05,176.1204833984375
2015-11-06,176.0283203125
2015-11-09,174.38565063476562
2015-11-10,174.7879638671875
2015-11-11,174.1007537841797
2015-11-12,171.6703338623047
2015-11-13,169.74273681640625
2015-11-16,172.32406616210938
2015-11-17,172.19830322265625
2015-11-18,174.93043518066406
2015-11-19,174.77957153320312
2015-11-20,175.41653442382812
2015-11-23,175.21539306640625
2015-11-24,175.4500732421875
2015-11-25,175.4248809814453
2015-11-27,175.62600708007812
2015-11-30,174.89694213867188
2015-12-01,176.56466674804688
2015-12-02,174.76284790039062
2015-12-03,172.315673828125
2015-12-04,175.6763153076172
2015-12-07,174.61199951171875
2015-12-08,173.43869018554688
2015-12-09,172.08934020996094
2015-12-10,172.53353881835938
2015-12-11,169.18968200683594
2015-12-14,170.0445098876953
2015-12-15,171.82957458496094
2015-12-16,174.34381103515625
2015-12-17,171.6871337890625
2015-12-18,168.6284637451172
2015-12-21,170.01953125
2015-12-22,171.5623779296875
2015-12-23,173.6868438720703
2015-12-24,173.40016174316406
2015-12-28,173.00399780273438
2015-12-29,174.8502655029297
2015-12-30,173.61094665527344
2015-12-31,171.874267578125
2016-01-04,169.47152709960938
2016-01-05,169.7581787109375
2016-01-06,167.61685180664062
2016-01-07,163.5955047607422
2016-01-08,161.7997283935547
2016-01-11,161.95985412597656
2016-01-12,163.2666015625
2016-01-13,159.1946563720703
2016-01-14,161.8081512451172
2016-01-15,158.33477783203125
2016-01-19,158.5454559326172
2016-01-20,156.5137481689453
2016-01-21,157.39051818847656
2016-01-22,160.6195068359375
2016-01-25,158.19143676757812
2016-01-26,160.3496551513672
2016-01-27,158.6044921875
2016-01-28,159.4307098388672
2016-01-29,163.31729125976562
2016-02-01,163.2582244873047
2016-02-02,160.3159942626953
2016-02-03,161.27699279785156
2016-02-04,161.52993774414062
2016-02-05,158.45278930664062
2016-02-08,156.31985473632812
2016-02-09,156.32823181152344
2016-02-10,156.193359375
2016-02-11,154.16165161132812
2016-02-12,157.33995056152344
2016-02-16,159.99559020996094
2016-02-17,162.6090850830078
2016-02-18,161.9430389404297
2016-02-19,161.86717224121094
2016-02-22,164.21090698242188
2016-02-23,162.13697814941406
2016-02-24,162.8788299560547
2016-02-25,164.85157775878906
2016-02-26,164.4722137451172
2016-02-29,163.18235778808594
2016-03-01,167.0182342529297
2016-03-02,167.7685546875
2016-03-03,168.42617797851562
2016-03-04,168.97412109375
2016-03-07,169.1090087890625
2016-03-08,167.26272583007812
2016-03-09,168.0889129638672
2016-03-10,168.22378540039062
2016-03-11,170.93844604492188
2016-03-14,170.71926879882812
2016-03-15,170.44105529785156
2016-03-16,171.42742919921875
2016-03-17,172.51495361328125
2016-03-18,173.19288635253906
2016-03-21,173.43862915039062
2016-03-22,173.34544372558594
2016-03-23,172.20144653320312
2016-03-24,172.12521362304688
2016-03-28,172.2268829345703
2016-03-29,173.81997680664062
2016-03-30,174.58267211914062
2016-03-31,174.15896606445312
2016-04-01,175.34535217285156
2016-04-04,174.77752685546875
2016-04-05,173.0319061279297
2016-04-06,174.921630859375
2016-04-07,172.82850646972656
2016-04-08,173.29464721679688
2016-04-11,172.88784790039062
2016-04-12,174.49794006347656
2016-04-13,176.26051330566406
2016-04-14,176.26895141601562
2016-04-15,176.0740203857422
2016-04-18,177.3113250732422
2016-04-19,177.87063598632812
2016-04-20,178.0400848388672
2016-04-21,177.0824737548828
2016-04-22,177.0824737548828
2016-04-25,176.77743530273438
2016-04-26,177.04013061523438
2016-04-27,177.40447998046875
2016-04-28,175.79444885253906
2016-04-29,174.84532165527344
2016-05-02,176.23507690429688
2016-05-03,174.70130920410156
2016-05-04,173.726806640625
2016-05-05,173.69293212890625
2016-05-06,174.3284149169922
2016-05-09,174.47251892089844
2016-05-10,176.641845703125
2016-05-11,174.98944091796875
2016-05-12,175.04025268554688
2016-05-13,173.51492309570312
2016-05-16,175.2266845703125
2016-05-17,173.59117126464844
2016-05-18,173.64202880859375
2016-05-19,173.04039001464844
2016-05-20,174.13356018066406
2016-05-23,173.89627075195312
2016-05-24,176.15036010742188
2016-05-25,177.34521484375
2016-05-26,177.39605712890625
2016-05-27,178.15875244140625
2016-05-31,177.81973266601562
2016-06-01,178.1841278076172
2016-06-02,178.72647094726562
2016-06-03,178.19264221191406
2016-06-06,179.0993194580078
2016-06-07,179.37899780273438
2016-06-08,179.9636993408203
2016-06-09,179.7179412841797
2016-06-10,178.0146484375
2016-06-13,176.641845703125
2016-06-14,176.2943878173828
2016-06-15,176.04867553710938
2016-06-16,176.57400512695312
2016-06-17,175.91650390625
2016-06-20,177.0493927001953
2016-06-21,177.55197143554688
2016-06-22,177.26234436035156
2016-06-23,179.57078552246094
2016-06-24,173.1225128173828
2016-06-27,170.02194213867188
2016-06-28,173.0884552001953
2016-06-29,176.03570556640625
2016-06-30,178.43785095214844
2016-07-01,178.8126678466797
2016-07-05,177.5264129638672
2016-07-06,178.59115600585938
2016-07-07,178.4804229736328
2016-07-08,181.13803100585938
2016-07-11,181.7769012451172
2016-07-12,183.0972442626953
2016-07-13,183.07167053222656
2016-07-14,184.09388732910156
2016-07-15,183.84683227539062
2016-07-18,184.34092712402344
2016-07-19,184.1534881591797
2016-07-20,184.9200897216797
2016-07-21,184.22164916992188
2016-07-22,185.0479278564453
2016-07-25,184.54531860351562
2016-07-26,184.63052368164062
2016-07-27,184.4346160888672
2016-07-28,184.64756774902344
2016-07-29,184.94569396972656
2016-08-01,184.79238891601562
2016-08-02,183.60833740234375
2016-08-03,184.14498901367188
2016-08-04,184.34092712402344
2016-08-05,185.84860229492188
2016-08-08,185.73785400390625
2016-08-09,185.84860229492188
2016-08-10,185.38864135742188
2016-08-11,186.24899291992188
2016-08-12,186.0871124267578
2016-08-15,186.6237335205078
2016-08-16,185.66122436523438
2016-08-17,186.01046752929688
2016-08-18,186.42787170410156
2016-08-19,186.1552734375
2016-08-22,186.14675903320312
2016-08-23,186.52154541015625
2016-08-24,185.5675048828125
2016-08-25,185.43968200683594
2016-08-26,185.09051513671875
2016-08-29,186.001953125
2016-08-30,185.69528198242188
2016-08-31,185.16714477539062
2016-09-01,185.17564392089844
2016-09-02,186.01046752929688
2016-09-06,186.5726318359375
2016-09-07,186.55563354492188
2016-09-08,186.12969970703125
2016-09-09,181.6747283935547
2016-09-12,184.28125
2016-09-13,181.6321563720703
2016-09-14,181.56398010253906
2016-09-15,183.3783721923828
2016-09-16,182.66949462890625
2016-09-19,182.7037353515625
2016-09-20,182.7122802734375
2016-09-21,184.76699829101562
2016-09-22,185.9313201904297
2016-09-23,184.91249084472656
2016-09-26,183.414306640625
2016-09-27,184.55294799804688
2016-09-28,185.46897888183594
2016-09-29,183.79098510742188
2016-09-30,185.1779022216797
2016-10-03,184.73268127441406
2016-10-04,183.79098510742188
2016-10-05,184.60430908203125
2016-10-06,184.73268127441406
2016-10-07,184.0991973876953
2016-10-10,185.0580596923828
2016-10-11,182.72080993652344
2016-10-12,182.9605712890625
2016-10-13,182.3612823486328
2016-10-14,182.45542907714844
2016-10-17,181.82196044921875
2016-10-18,182.9605712890625
2016-10-19,183.44854736328125
2016-10-20,183.10610961914062
2016-10-21,183.19174194335938
2016-10-24,183.97080993652344
2016-10-25,183.35435485839844
2016-10-26,182.9862518310547
2016-10-27,182.49827575683594
2016-10-28,181.95889282226562
2016-10-31,181.9674530029297
2016-11-01,180.6490020751953
2016-11-02,179.56175231933594
2016-11-03,178.7398681640625
2016-11-04,178.54296875
2016-11-07,182.48110961914062
2016-11-08,183.30300903320312
2016-11-09,185.24649047851562
2016-11-10,185.70867919921875
2016-11-11,185.2806396484375
2016-11-14,185.42617797851562
2016-11-15,186.8730010986328
2016-11-16,186.52200317382812
2016-11-17,187.48086547851562
2016-11-18,187.06138610839844
2016-11-21,188.47396850585938
2016-11-22,188.8421173095703
2016-11-23,188.94479370117188
2016-11-25,189.6468048095703
2016-11-28,188.7564697265625
2016-11-29,189.1245574951172
2016-11-30,188.67086791992188
2016-12-01,187.97743225097656
2016-12-02,188.07159423828125
2016-12-05,189.20166015625
2016-12-06,189.80091857910156
2016-12-07,192.28366088867188
2016-12-08,192.7545166015625
2016-12-09,193.9188690185547
2016-12-12,193.69625854492188
2016-12-13,194.98898315429688
2016-12-14,193.37950134277344
2016-12-15,194.17572021484375
2016-12-16,193.7958984375
2016-12-19,194.2178955078125
2016-12-20,194.96710205078125
2016-12-21,194.424560546875
2016-12-22,194.08868408203125
2016-12-23,194.37290954589844
2016-12-27,194.8551483154297
2016-12-28,193.24481201171875
2016-12-29,193.2017364501953
2016-12-30,192.49554443359375
2017-01-03,193.96812438964844
2017-01-04,195.12213134765625
2017-01-05,194.96710205078125
2017-01-06,195.6646270751953
2017-01-09,195.01878356933594
2017-01-10,195.01878356933594
2017-01-11,195.5699005126953
2017-01-12,195.0790557861328
2017-01-13,195.5268096923828
2017-01-17,194.83792114257812
2017-01-18,195.26853942871094
2017-01-19,194.54515075683594
2017-01-20,195.25991821289062
2017-01-23,194.7517852783203
2017-01-24,196.00050354003906
2017-01-25,197.6969451904297
2017-01-26,197.49026489257812
2017-01-27,197.18031311035156
2017-01-30,195.9573974609375
2017-01-31,195.94020080566406
2017-02-01,196.01766967773438
2017-02-02,196.14688110351562
2017-02-03,197.49887084960938
2017-02-06,197.1458740234375
2017-02-07,197.1544189453125
2017-02-08,197.41281127929688
2017-02-09,198.58401489257812
2017-02-10,199.36766052246094
2017-02-13,200.45269775390625
2017-02-14,201.25355529785156
2017-02-15,202.30419921875
2017-02-16,202.13198852539062
2017-02-17,202.4505615234375
2017-02-21,203.6561737060547
2017-02-22,203.4754180908203
2017-02-23,203.61312866210938
2017-02-24,203.87155151367188
2017-02-27,204.1901397705078
2017-02-28,203.63897705078125
2017-03-01,206.4894561767578
2017-03-02,205.18907165527344
2017-03-03,205.31825256347656
2017-03-06,204.7068328857422
2017-03-07,204.09539794921875
2017-03-08,203.71646118164062
2017-03-09,203.97486877441406
2017-03-10,204.68960571289062
2017-03-13,204.79290771484375
2017-03-14,204.00926208496094
2017-03-15,205.774658203125
2017-03-16,205.3699188232422
2017-03-17,205.00926208496094
2017-03-20,204.7843780517578
2017-03-21,202.15505981445312
2017-03-22,202.63072204589844
2017-03-23,202.41453552246094
2017-03-24,202.26751708984375
2017-03-27,202.05990600585938
2017-03-28,203.53024291992188
2017-03-29,203.72056579589844
2017-03-30,204.3692169189453
2017-03-31,203.89352416992188
2017-04-03,203.53892517089844
2017-04-04,203.6686553955078
2017-04-05,203.063232421875
2017-04-06,203.6340789794922
2017-04-07,203.42648315429688
2017-04-10,203.54754638671875
2017-04-11,203.30543518066406
2017-04-12,202.41453552246094
2017-04-13,201.0998077392578
2017-04-17,202.881591796875
2017-04-18,202.27613830566406
2017-04-19,201.9042510986328
2017-04-20,203.54754638671875
2017-04-21,202.89886474609375
2017-04-24,205.13034057617188
2017-04-25,206.3239288330078
2017-04-26,206.19424438476562
2017-04-27,206.36717224121094
2017-04-28,205.9174041748047
2017-05-01,206.43634033203125
2017-05-02,206.51417541503906
2017-05-03,206.2633819580078
2017-05-04,206.5055694580078
2017-05-05,207.3185577392578
2017-05-08,207.28399658203125
2017-05-09,207.09371948242188
2017-05-10,207.46559143066406
2017-05-11,207.0418701171875
2017-05-12,206.6958770751953
2017-05-15,207.8375244140625
2017-05-16,207.64723205566406
2017-05-17,203.9627227783203
2017-05-18,204.7843780517578
2017-05-19,206.11627197265625
2017-05-22,207.16290283203125
2017-05-23,207.6212921142578
2017-05-24,208.10560607910156
2017-05-25,209.10028076171875
2017-05-26,209.05703735351562
2017-05-30,208.8754119873047
2017-05-31,208.82350158691406
2017-06-01,210.4841766357422
2017-06-02,211.18475341796875
2017-06-05,211.02903747558594
2017-06-06,210.35446166992188
2017-06-07,210.74363708496094
2017-06-08,210.84738159179688
2017-06-09,210.52737426757812
2017-06-12,210.4841766357422
2017-06-13,211.5133819580078
2017-06-14,211.24526977539062
2017-06-15,210.83872985839844
2017-06-16,210.88479614257812
2017-06-19,212.64047241210938
2017-06-20,211.2064208984375
2017-06-21,211.1542205810547
2017-06-22,211.05862426757812
2017-06-23,211.31069946289062
2017-06-26,211.4497528076172
2017-06-27,209.74624633789062
2017-06-28,211.62356567382812
2017-06-29,209.7636260986328
2017-06-30,210.15478515625
2017-07-03,210.51116943359375
2017-07-05,210.9977569580078
2017-07-06,209.06829833984375
2017-07-07,210.42416381835938
2017-07-10,210.65011596679688
2017-07-11,210.49374389648438
2017-07-12,212.0754852294922
2017-07-13,212.43185424804688
2017-07-14,213.42266845703125
2017-07-17,213.3966064453125
2017-07-18,213.50961303710938
2017-07-19,214.66549682617188
2017-07-20,214.7611541748047
2017-07-21,214.56993103027344
2017-07-24,214.51780700683594
2017-07-25,215.03924560546875
2017-07-26,215.0479278564453
2017-07-27,214.84803771972656
2017-07-28,214.59596252441406
2017-07-31,214.4743194580078
2017-08-01,214.95236206054688
2017-08-02,215.056640625
2017-08-03,214.6394805908203
2017-08-04,215.03054809570312
2017-08-07,215.43035888671875
2017-08-08,214.9001922607422
2017-08-09,214.89144897460938
2017-08-10,211.8582000732422
2017-08-11,212.17108154296875
2017-08-14,214.27442932128906
2017-08-15,214.2483367919922
2017-08-16,214.6220703125
2017-08-17,211.27593994140625
2017-08-18,210.94566345214844
2017-08-21,211.1107940673828
2017-08-22,213.318359375
2017-08-23,212.55352783203125
2017-08-24,212.05813598632812
2017-08-25,212.55352783203125
2017-08-28,212.56219482421875
2017-08-29,212.8055877685547
2017-08-30,213.81373596191406
2017-08-31,215.10006713867188
2017-09-01,215.40428161621094
2017-09-05,213.85723876953125
2017-09-06,214.58726501464844
2017-09-07,214.56118774414062
2017-09-08,214.30918884277344
2017-09-11,216.59498596191406
2017-09-12,217.3250274658203
2017-09-13,217.42935180664062
2017-09-14,217.35980224609375
2017-09-15,217.6524200439453
2017-09-18,218.11532592773438
2017-09-19,218.3336639404297
2017-09-20,218.4123077392578
2017-09-21,217.82713317871094
2017-09-22,217.87078857421875
2017-09-25,217.42530822753906
2017-09-26,217.55633544921875
2017-09-27,218.40353393554688
2017-09-28,218.6656036376953
2017-09-29,219.43423461914062
2017-10-02,220.3862762451172
2017-10-03,220.85792541503906
2017-10-04,221.12002563476562
2017-10-05,222.43006896972656
2017-10-06,222.17681884765625
2017-10-09,221.80995178222656
2017-10-10,222.39520263671875
2017-10-11,222.7445526123047
2017-10-12,222.41268920898438
2017-10-13,222.68344116210938
2017-10-16,222.9804229736328
2017-10-17,223.1375732421875
2017-10-18,223.35601806640625
2017-10-19,223.41709899902344
2017-10-20,224.57000732421875
2017-10-23,223.69654846191406
2017-10-24,224.0896453857422
2017-10-25,222.9804229736328
2017-10-26,223.26864624023438
2017-10-27,225.09413146972656
2017-10-30,224.25558471679688
2017-10-31,224.60496520996094
2017-11-01,224.90196228027344
2017-11-02,224.9893035888672
2017-11-03,225.74044799804688
2017-11-06,226.08984375
2017-11-07,225.93260192871094
2017-11-08,226.31687927246094
2017-11-09,225.49591064453125
2017-11-10,225.42604064941406
2017-11-13,225.63571166992188
2017-11-14,225.11155700683594
2017-11-15,223.98483276367188
2017-11-16,225.88894653320312
2017-11-17,225.22508239746094
2017-11-20,225.60943603515625
2017-11-21,227.08554077148438
2017-11-22,226.8847198486328
2017-11-24,227.4087371826172
2017-11-27,227.29515075683594
2017-11-28,229.60108947753906
2017-11-29,229.4613494873047
2017-11-30,231.47023010253906
2017-12-01,230.98983764648438
2017-12-04,230.71035766601562
2017-12-05,229.88052368164062
2017-12-06,229.92420959472656
2017-12-07,230.6492156982422
2017-12-08,231.9069366455078
2017-12-11,232.6057586669922
2017-12-12,233.0162353515625
2017-12-13,232.99005126953125
2017-12-14,232.03799438476562
2017-12-15,233.97018432617188
2017-12-18,235.45388793945312
2017-12-19,234.54965209960938
2017-12-20,234.4267578125
2017-12-21,234.9095916748047
2017-12-22,234.84811401367188
2017-12-26,234.56716918945312
2017-12-27,234.68130493164062
2017-12-28,235.1641845703125
2017-12-29,234.2775115966797
2018-01-02,235.95425415039062
2018-01-03,237.44671630859375
2018-01-04,238.44757080078125
2018-01-05,240.0365447998047
2018-01-08,240.4754638671875
2018-01-09,241.01979064941406
2018-01-10,240.65106201171875
2018-01-11,242.40689086914062
2018-01-12,243.98715209960938
2018-01-16,243.15310668945312
2018-01-17,245.47073364257812
2018-01-18,245.05821228027344
2018-01-19,246.173095703125
2018-01-22,248.1746826171875
2018-01-23,248.70147705078125
2018-01-24,248.6048126220703
2018-01-25,248.71029663085938
2018-01-26,251.58984375
2018-01-29,249.92169189453125
2018-01-30,247.35826110839844
2018-01-31,247.48110961914062
2018-02-01,247.20016479492188
2018-02-02,241.81874084472656
2018-02-05,231.7052001953125
2018-02-06,236.27035522460938
2018-02-07,234.98861694335938
2018-02-08,226.17440795898438
2018-02-09,229.57192993164062
2018-02-12,232.94308471679688
2018-02-13,233.5225067138672
2018-02-14,236.6741943359375
2018-02-15,239.69415283203125
2018-02-16,239.764404296875
2018-02-20,238.26318359375
2018-02-21,237.07801818847656
2018-02-22,237.38523864746094
2018-02-23,241.1690216064453
2018-02-26,243.9695281982422
2018-02-27,240.92324829101562
2018-02-28,238.4825897216797
2018-03-01,235.01498413085938
2018-03-02,236.2263946533203
2018-03-05,238.9567108154297
2018-03-06,239.5625
2018-03-07,239.47467041015625
2018-03-08,240.63356018066406
2018-03-09,244.8210906982422
2018-03-12,244.51390075683594
2018-03-13,242.9336700439453
2018-03-14,241.68695068359375
2018-03-15,241.4236602783203
2018-03-16,241.6855010986328
2018-03-19,238.4153594970703
2018-03-20,238.8208465576172
2018-03-21,238.36245727539062
2018-03-22,232.404052734375
2018-03-23,227.4504852294922
2018-03-26,233.67330932617188
2018-03-27,229.69815063476562
2018-03-28,229.01939392089844
2018-03-29,231.94578552246094
2018-04-02,226.9392852783203
2018-04-03,229.84793090820312
2018-04-04,232.30714416503906
2018-04-05,234.14048767089844
2018-04-06,228.9224395751953
2018-04-09,230.0506134033203
2018-04-10,233.70860290527344
2018-04-11,232.48341369628906
2018-04-12,234.39613342285156
2018-04-13,233.70860290527344
2018-04-16,235.63009643554688
2018-04-17,238.1509246826172
2018-04-18,238.32728576660156
2018-04-19,237.0050811767578
2018-04-20,234.9954376220703
2018-04-23,234.96017456054688
2018-04-24,231.7958984375
2018-04-25,232.3688201904297
2018-04-26,234.73104858398438
2018-04-27,234.95138549804688
2018-04-30,233.14443969726562
2018-05-01,233.5587615966797
2018-05-02,231.9897918701172
2018-05-03,231.47854614257812
2018-05-04,234.4754180908203
2018-05-07,235.2687225341797
2018-05-08,235.2687225341797
2018-05-09,237.54281616210938
2018-05-10,239.76390075683594
2018-05-11,240.4954833984375
2018-05-14,240.61012268066406
2018-05-15,238.9530029296875
2018-05-16,239.95774841308594
2018-05-17,239.7551727294922
2018-05-18,239.15570068359375
2018-05-21,240.95384216308594
2018-05-22,240.2839813232422
2018-05-23,240.94505310058594
2018-05-24,240.4514923095703
2018-05-25,239.8784942626953
2018-05-29,237.1196746826172
2018-05-30,240.2839813232422
2018-05-31,238.81201171875
2018-06-01,241.15650939941406
2018-06-04,242.3024444580078
2018-06-05,242.47872924804688
2018-06-06,244.50595092773438
2018-06-07,244.47950744628906
2018-06-08,245.20228576660156
2018-06-11,245.52845764160156
2018-06-12,245.8457794189453
2018-06-13,245.06118774414062
2018-06-14,245.67828369140625
2018-06-15,245.36473083496094
2018-06-18,244.8601837158203
2018-06-19,243.92166137695312
2018-06-20,244.33779907226562
2018-06-21,242.80609130859375
2018-06-22,243.24884033203125
2018-06-25,239.9373779296875
2018-06-26,240.46873474121094
2018-06-27,238.4766387939453
2018-06-28,239.84011840820312
2018-06-29,240.18544006347656
2018-07-02,240.69886779785156
2018-07-03,239.84893798828125
2018-07-05,241.8056182861328
2018-07-06,243.85084533691406
2018-07-09,246.04661560058594
2018-07-10,246.93191528320312
2018-07-11,245.1257781982422
2018-07-12,247.3480682373047
2018-07-13,247.54287719726562
2018-07-16,247.321533203125
2018-07-17,248.32199096679688
2018-07-18,248.84442138671875
2018-07-19,247.9058380126953
2018-07-20,247.62261962890625
2018-07-23,248.08297729492188
2018-07-24,249.33132934570312
2018-07-25,251.45623779296875
2018-07-26,250.86302185058594
2018-07-27,249.16307067871094
2018-07-30,247.86158752441406
2018-07-31,249.08348083496094
2018-08-01,248.66732788085938
2018-08-02,250.0218963623047
2018-08-03,251.09324645996094
2018-08-06,252.01402282714844
2018-08-07,252.84622192382812
2018-08-08,252.74002075195312
2018-08-09,252.39479064941406
2018-08-10,250.70361328125
2018-08-13,249.76524353027344
2018-08-14,251.3588409423828
2018-08-15,249.4818572998047
2018-08-16,251.50054931640625
2018-08-17,252.38584899902344
2018-08-20,252.9259796142578
2018-08-21,253.5191192626953
2018-08-22,253.36868286132812
2018-08-23,253.0321807861328
2018-08-24,254.55503845214844
2018-08-27,256.5648498535156
2018-08-28,256.6888732910156
2018-08-29,258.0699768066406
2018-08-30,257.0252685546875
2018-08-31,257.0340270996094
2018-09-04,256.5914306640625
2018-09-05,255.90084838867188
2018-09-06,255.13055419921875
2018-09-07,254.6347198486328
2018-09-10,255.07745361328125
2018-09-11,255.91848754882812
2018-09-12,255.98052978515625
2018-09-13,257.49444580078125
2018-09-14,257.5388488769531
2018-09-17,256.1752014160156
2018-09-18,257.56536865234375
2018-09-19,257.83978271484375
2018-09-20,259.9293518066406
2018-09-21,259.6917724609375
2018-09-24,258.82916259765625
2018-09-25,258.58905029296875
2018-09-26,257.815185546875
2018-09-27,258.5356750488281
2018-09-28,258.5622863769531
2018-10-01,259.4606018066406
2018-10-02,259.3094177246094
2018-10-03,259.4515686035156
2018-10-04,257.4239196777344
2018-10-05,255.98312377929688
2018-10-08,255.98312377929688
2018-10-09,255.60955810546875
2018-10-10,247.5161895751953
2018-10-11,242.0641632080078
2018-10-12,245.42604064941406
2018-10-15,244.04750061035156
2018-10-16,249.3838653564453
2018-10-17,249.42832946777344
2018-10-18,245.82627868652344
2018-10-19,245.6929168701172
2018-10-22,244.5901641845703
2018-10-23,243.34486389160156
2018-10-24,235.9718780517578
2018-10-25,240.2053985595703
2018-10-26,235.9807891845703
2018-10-29,234.67340087890625
2018-10-30,238.15089416503906
2018-10-31,240.694580078125
2018-11-01,243.2559814453125
2018-11-02,241.815185546875
2018-11-05,243.1492462158203
2018-11-06,244.6879119873047
2018-11-07,249.92628479003906
2018-11-08,249.47276306152344
2018-11-09,247.03587341308594
2018-11-12,242.4199676513672
2018-11-13,241.96630859375
2018-11-14,240.3121337890625
2018-11-15,242.82012939453125
2018-11-16,243.4516143798828
2018-11-19,239.33380126953125
2018-11-20,234.90464782714844
2018-11-21,235.70504760742188
2018-11-23,234.13087463378906
2018-11-26,237.9108123779297
2018-11-27,238.71124267578125
2018-11-28,244.20758056640625
2018-11-29,243.67401123046875
2018-11-30,245.15919494628906
2018-12-03,248.40553283691406
2018-12-04,240.3565673828125
2018-12-06,239.9918975830078
2018-12-07,234.41552734375
2018-12-10,234.8602294921875
2018-12-11,234.91355895996094
2018-12-12,236.09645080566406
2018-12-13,236.01637268066406
2018-12-14,231.65838623046875
2018-12-17,227.11361694335938
2018-12-18,226.86460876464844
2018-12-19,223.4671173095703
2018-12-20,219.8295440673828
2018-12-21,215.32528686523438
2018-12-24,209.6357879638672
2018-12-26,220.22763061523438
2018-12-27,221.9184112548828
2018-12-28,221.6321563720703
2018-12-31,223.57339477539062
2019-01-02,223.80596923828125
2019-01-03,218.46531677246094
2019-01-04,225.7830047607422
2019-01-07,227.5631866455078
2019-01-08,229.70123291015625
2019-01-09,230.77476501464844
2019-01-10,231.58883666992188
2019-01-11,231.6782989501953
2019-01-14,230.26483154296875
2019-01-15,232.90382385253906
2019-01-16,233.46742248535156
2019-01-17,235.23870849609375
2019-01-18,238.3697052001953
2019-01-22,235.14918518066406
2019-01-23,235.64122009277344
2019-01-24,235.76649475097656
2019-01-25,237.76144409179688
2019-01-28,235.95436096191406
2019-01-29,235.64122009277344
2019-01-30,239.37167358398438
2019-01-31,241.47390747070312
2019-02-01,241.5902099609375
2019-02-04,243.2899169921875
2019-02-05,244.3096466064453
2019-02-06,243.98768615722656
2019-02-07,241.6617889404297
2019-02-08,241.95701599121094
2019-02-11,242.09117126464844
2019-02-12,245.20428466796875
2019-02-13,246.0004425048828
2019-02-14,245.4549102783203
2019-02-15,248.12962341308594
2019-02-19,248.55894470214844
2019-02-20,249.06005859375
2019-02-21,248.17428588867188
2019-02-22,249.71307373046875
2019-02-25,250.05288696289062
2019-02-26,249.87405395507812
2019-02-27,249.7666778564453
2019-02-28,249.3014678955078
2019-03-01,250.85809326171875
2019-03-04,249.94561767578125
2019-03-05,249.6056365966797
2019-03-06,248.0937957763672
2019-03-07,246.01840209960938
2019-03-08,245.5262908935547
2019-03-11,249.08680725097656
2019-03-12,250.026123046875
2019-03-13,251.6810302734375
2019-03-14,251.52000427246094
2019-03-15,252.76272583007812
2019-03-18,253.67913818359375
2019-03-19,253.74209594726562
2019-03-20,252.97830200195312
2019-03-21,255.8355712890625
2019-03-22,250.91172790527344
2019-03-25,250.7230224609375
2019-03-26,252.59201049804688
2019-03-27,251.27113342285156
2019-03-28,252.22361755371094
2019-03-29,253.81396484375
2019-04-01,256.8240051269531
2019-04-02,256.94976806640625
2019-04-03,257.3540954589844
2019-04-04,258.0370178222656
2019-04-05,259.2859802246094
2019-04-08,259.4836120605469
2019-04-09,258.15386962890625
2019-04-10,259.0343933105469
2019-04-11,258.96246337890625
2019-04-12,260.71453857421875
2019-04-15,260.54388427734375
2019-04-16,260.71453857421875
2019-04-17,260.07666015625
2019-04-18,260.58880615234375
2019-04-22,260.8134765625
2019-04-23,263.1585693359375
2019-04-24,262.57452392578125
2019-04-25,262.41278076171875
2019-04-26,263.634765625
2019-04-29,264.0481262207031
2019-04-30,264.1828308105469
2019-05-01,262.1971130371094
2019-05-02,261.6311340332031
2019-05-03,264.1917724609375
2019-05-06,263.1046142578125
2019-05-07,258.7108154296875
2019-05-08,258.35150146484375
2019-05-09,257.56976318359375
2019-05-10,258.86358642578125
2019-05-13,252.35830688476562
2019-05-14,254.6405487060547
2019-05-15,256.13214111328125
2019-05-16,258.5041809082031
2019-05-17,256.8330078125
2019-05-20,255.1348114013672
2019-05-21,257.43505859375
2019-05-22,256.6442565917969
2019-05-23,253.5084686279297
2019-05-24,254.08349609375
2019-05-28,251.72048950195312
2019-05-29,250.03115844726562
2019-05-30,250.7140655517578
2019-05-31,247.33572387695312
2019-06-03,246.70669555664062
2019-06-04,252.06179809570312
2019-06-05,254.24525451660156
2019-06-06,255.8985137939453
2019-06-07,258.4593811035156
2019-06-10,259.6453857421875
2019-06-11,259.5824890136719
2019-06-12,259.1242370605469
2019-06-13,260.19354248046875
2019-06-14,259.9059753417969
2019-06-17,260.0047607421875
2019-06-18,262.727294921875
2019-06-19,263.3203125
2019-06-20,265.83612060546875
2019-06-21,265.44976806640625
2019-06-24,265.1246337890625
2019-06-25,262.5243835449219
2019-06-26,262.2624816894531
2019-06-27,263.1925354003906
2019-06-28,264.54681396484375
2019-07-01,266.9485778808594
2019-07-02,267.6437683105469
2019-07-03,269.78363037109375
2019-07-05,269.4766540527344
2019-07-08,267.9959411621094
2019-07-09,268.3298645019531
2019-07-10,269.612060546875
2019-07-11,270.2440185546875
2019-07-12,271.45404052734375
2019-07-15,271.5442199707031
2019-07-16,270.66845703125
2019-07-17,268.8265686035156
2019-07-18,269.8106689453125
2019-07-19,268.3119201660156
2019-07-22,268.9709777832031
2019-07-23,270.8941345214844
2019-07-24,272.16717529296875
2019-07-25,270.8670959472656
2019-07-26,272.6819152832031
2019-07-29,272.18524169921875
2019-07-30,271.51702880859375
2019-07-31,268.5466003417969
2019-08-01,266.2082214355469
2019-08-02,264.2037353515625
2019-08-05,256.25830078125
2019-08-06,259.851806640625
2019-08-07,260.00531005859375
2019-08-08,265.1065979003906
2019-08-09,263.3008117675781
2019-08-12,260.09564208984375
2019-08-13,264.1404724121094
2019-08-14,256.3304443359375
2019-08-15,257.0076599121094
2019-08-16,260.7998046875
2019-08-19,263.9418640136719
2019-08-20,261.91943359375
2019-08-21,264.0502014160156
2019-08-22,263.9690246582031
2019-08-23,257.1882629394531
2019-08-26,260.03240966796875
2019-08-27,259.0120849609375
2019-08-28,260.8359680175781
2019-08-29,264.1675720214844
2019-08-30,264.0502014160156
2019-09-03,262.50634765625
2019-09-04,265.48590087890625
2019-09-05,268.8987731933594
2019-09-06,269.1064758300781
2019-09-09,269.241943359375
2019-09-10,269.1786804199219
2019-09-11,271.0928039550781
2019-09-12,272.03179931640625
2019-09-13,271.85125732421875
2019-09-16,271.0115966796875
2019-09-17,271.6977233886719
2019-09-18,271.8602294921875
2019-09-19,271.84222412109375
2019-09-20,270.5577697753906
2019-09-23,270.4942321777344
2019-09-24,268.3718566894531
2019-09-25,269.9591369628906
2019-09-26,269.3966064453125
2019-09-27,267.94549560546875
2019-09-30,269.1881103515625
2019-10-01,265.98614501953125
2019-10-02,261.28759765625
2019-10-03,263.4283142089844
2019-10-04,266.9930419921875
2019-10-07,265.841064453125
2019-10-08,261.71392822265625
2019-10-09,264.1993408203125
2019-10-10,265.98614501953125
2019-10-11,268.74365234375
2019-10-14,268.4444274902344
2019-10-15,271.10205078125
2019-10-16,270.6667175292969
2019-10-17,271.4648132324219
2019-10-18,270.2766418457031
2019-10-21,272.1088562011719
2019-10-22,271.21990966796875
2019-10-23,272.00909423828125
2019-10-24,272.45355224609375
2019-10-25,273.5691833496094
2019-10-28,275.1112060546875
2019-10-29,275.0295104980469
2019-10-30,275.87310791015625
2019-10-31,275.1384582519531
2019-11-01,277.687255859375
2019-11-04,278.80291748046875
2019-11-05,278.4945983886719
2019-11-06,278.5580139160156
2019-11-07,279.5376281738281
2019-11-08,280.22711181640625
2019-11-11,279.6918640136719
2019-11-12,280.28143310546875
2019-11-13,280.3721618652344
2019-11-14,280.7803649902344
2019-11-15,282.81219482421875
2019-11-18,283.020751953125
2019-11-19,282.9391174316406
2019-11-20,281.8869323730469
2019-11-21,281.4334716796875
2019-11-22,282.0592956542969
2019-11-25,284.245361328125
2019-11-26,284.8892517089844
2019-11-27,286.1592102050781
2019-11-29,285.0979919433594
2019-12-02,282.67608642578125
2019-12-03,280.7803649902344
2019-12-04,282.51287841796875
2019-12-05,283.020751953125
2019-12-06,285.60595703125
2019-12-09,284.7079772949219
2019-12-10,284.39044189453125
2019-12-11,285.19775390625
2019-12-12,287.65582275390625
2019-12-13,287.8282470703125
2019-12-16,289.8056335449219
2019-12-17,289.8691711425781
2019-12-18,289.8872375488281
2019-12-19,291.07550048828125
2019-12-20,292.3515625
2019-12-23,292.79827880859375
2019-12-24,292.807373046875
2019-12-26,294.3660888671875
2019-12-27,294.2931823730469
2019-12-30,292.670654296875
2019-12-31,293.3816223144531
2020-01-02,296.1252746582031
2020-01-03,293.88299560546875
2020-01-06,295.0041809082031
2020-01-07,294.1746520996094
2020-01-08,295.7424621582031
2020-01-09,297.747802734375
2020-01-10,296.8909912109375
2020-01-13,298.9327697753906
2020-01-14,298.4769287109375
2020-01-15,299.1515197753906
2020-01-16,301.6400146484375
2020-01-17,302.5788879394531
2020-01-21,301.9863586425781
2020-01-22,302.0228271484375
2020-01-23,302.3692321777344
2020-01-24,299.68023681640625
2020-01-27,294.87652587890625
2020-01-28,297.966552734375
2020-01-29,297.720458984375
2020-01-30,298.68658447265625
2020-01-31,293.2631530761719
2020-02-03,295.441650390625
2020-02-04,299.944580078125
2020-02-05,303.40826416015625
2020-02-06,304.42926025390625
2020-02-07,302.80682373046875
2020-02-10,305.06732177734375
2020-02-11,305.59600830078125
2020-02-12,307.56488037109375
2020-02-13,307.2366638183594
2020-02-14,307.7289123535156
2020-02-18,306.9359130859375
2020-02-19,308.4034729003906
2020-02-20,307.1365051269531
2020-02-21,303.97344970703125
2020-02-24,293.89215087890625
2020-02-25,284.98651123046875
2020-02-26,283.9383239746094
2020-02-27,271.1861267089844
2020-02-28,270.0466613769531
2020-03-02,281.7414855957031
2020-03-03,273.674560546875
2020-03-04,285.1778869628906
2020-03-05,275.6981506347656
2020-03-06,271.1405029296875
2020-03-09,249.96592712402344
2020-03-10,262.9004211425781
2020-03-11,250.0844268798828
2020-03-12,226.15711975097656
2020-03-13,245.4904022216797
2020-03-16,218.6279296875
2020-03-17,230.4320831298828
2020-03-18,218.7646484375
2020-03-19,219.22952270507812
2020-03-20,209.78196716308594
2020-03-23,204.41824340820312
2020-03-24,222.93919372558594
2020-03-25,226.2766571044922
2020-03-26,239.48886108398438
2020-03-27,232.35560607910156
2020-03-30,239.9014434814453
2020-03-31,236.32568359375
2020-04-01,225.6898651123047
2020-04-02,230.89773559570312
2020-04-03,227.560302734375
2020-04-06,242.84463500976562
2020-04-07,243.09219360351562
2020-04-08,251.25250244140625
2020-04-09,255.07577514648438
2020-04-13,252.74691772460938
2020-04-14,260.2012023925781
2020-04-15,254.67237854003906
2020-04-16,255.90109252929688
2020-04-17,262.8143310546875
2020-04-20,258.1840515136719
2020-04-21,250.34475708007812
2020-04-22,255.90109252929688
2020-04-23,255.8827362060547
2020-04-24,259.4493103027344
2020-04-27,263.1902160644531
2020-04-28,261.9799499511719
2020-04-29,268.8381652832031
2020-04-30,266.3351135253906
2020-05-01,259.28436279296875
2020-05-04,259.99945068359375
2020-05-05,262.40167236328125
2020-05-06,260.623046875
2020-05-07,263.7678527832031
2020-05-08,268.1321716308594
2020-05-11,268.1871643066406
2020-05-12,262.8417663574219
2020-05-13,258.1932067871094
2020-05-14,261.2830810546875
2020-05-15,262.48419189453125
2020-05-18,270.4794616699219
2020-05-19,267.70123291015625
2020-05-20,272.2490234375
2020-05-21,270.3693542480469
2020-05-22,270.8828125
2020-05-26,274.2202453613281
2020-05-27,278.3004455566406
2020-05-28,277.7869567871094
2020-05-29,279.024658203125
2020-06-01,280.1524658203125
2020-06-02,282.47216796875
2020-06-03,286.2313537597656
2020-06-04,285.47955322265625
2020-06-05,292.7962951660156
2020-06-08,296.3354797363281
2020-06-09,294.12567138671875
2020-06-10,292.48443603515625
2020-06-11,275.62310791015625
2020-06-12,278.923828125
2020-06-15,281.52777099609375
2020-06-16,286.94659423828125
2020-06-17,285.75457763671875
2020-06-18,285.86468505859375
2020-06-19,284.2309875488281
2020-06-22,286.05438232421875
2020-06-23,287.3711853027344
2020-06-24,280.04071044921875
2020-06-25,283.0429992675781
2020-06-26,276.3202819824219
2020-06-29,280.3814697265625
2020-06-30,283.97308349609375
2020-07-01,285.9622802734375
2020-07-02,287.53704833984375
2020-07-06,291.9757995605469
2020-07-07,288.9644470214844
2020-07-08,291.1745910644531
2020-07-09,289.5169372558594
2020-07-10,292.4731750488281
2020-07-13,289.9405822753906
2020-07-14,293.6979675292969
2020-07-15,296.396240234375
2020-07-16,295.4200134277344
2020-07-17,296.2765197753906
2020-07-20,298.6708984375
2020-07-21,299.3063659667969
2020-07-22,301.0100402832031
2020-07-23,297.41851806640625
2020-07-24,295.5029602050781
2020-07-27,297.6578369140625
2020-07-28,295.7700500488281
2020-07-29,299.4075622558594
2020-07-30,298.3393249511719
2020-07-31,300.6968994140625
2020-08-03,302.7873840332031
2020-08-04,303.9569396972656
2020-08-05,305.8448181152344
2020-08-06,307.88922119140625
2020-08-07,308.1102294921875
2020-08-10,309.03125
2020-08-11,306.480224609375
2020-08-12,310.7532958984375
2020-08-13,310.1915588378906
2020-08-14,310.2007141113281
2020-08-17,311.18621826171875
2020-08-18,311.8583679199219
2020-08-19,310.5600280761719
2020-08-20,311.5268249511719
2020-08-21,312.6319580078125
2020-08-24,315.7998962402344
2020-08-25,316.90496826171875
2020-08-26,320.08221435546875
2020-08-27,320.781982421875
2020-08-28,322.8540954589844
2020-08-31,321.6844787597656
2020-09-01,324.71429443359375
2020-09-02,329.4109802246094
2020-09-03,318.0745544433594
2020-09-04,315.4776306152344
2020-09-08,306.85784912109375
2020-09-09,312.91741943359375
2020-09-10,307.48406982421875
2020-09-11,307.6405029296875
2020-09-14,311.69256591796875
2020-09-15,313.26739501953125
2020-09-16,312.024169921875
2020-09-17,309.27972412109375
2020-09-18,305.7192077636719
2020-09-21,302.3166809082031
2020-09-22,305.3955383300781
2020-09-23,298.3131408691406
2020-09-24,299.1083068847656
2020-09-25,303.94390869140625
2020-09-28,308.9922790527344
2020-09-29,307.3094482421875
2020-09-30,309.6394958496094
2020-10-01,311.6274108886719
2020-10-02,308.66864013671875
2020-10-05,314.1422424316406
2020-10-06,309.67645263671875
2020-10-07,315.0669250488281
2020-10-08,317.85919189453125
2020-10-09,320.6976623535156
2020-10-12,325.85693359375
2020-10-13,323.73040771484375
2020-10-14,321.6962890625
2020-10-15,321.29864501953125
2020-10-16,321.1045837402344
2020-10-19,316.2225646972656
2020-10-20,317.4892883300781
2020-10-21,316.8883361816406
2020-10-22,318.6265563964844
2020-10-23,319.7083740234375
2020-10-26,313.8001708984375
2020-10-27,312.7184143066406
2020-10-28,302.0299987792969
2020-10-29,305.0997619628906
2020-10-30,301.9190979003906
2020-11-02,305.3031921386719
2020-11-03,310.69342041015625
2020-11-04,317.63720703125
2020-11-05,323.8321228027344
2020-11-06,323.7580871582031
2020-11-09,327.8263854980469
2020-11-10,327.3456115722656
2020-11-11,329.7773132324219
2020-11-12,326.578125
2020-11-13,331.09942626953125
2020-11-16,335.2323913574219
2020-11-17,333.42938232421875
2020-11-18,329.4166564941406
2020-11-19,330.8035888671875
2020-11-20,328.5383605957031
2020-11-23,330.50762939453125
2020-11-24,335.8333740234375
2020-11-25,335.3157043457031
2020-11-27,336.24945068359375
2020-11-30,334.7608947753906
2020-12-01,338.4222717285156
2020-12-02,339.1342468261719
2020-12-03,339.0417785644531
2020-12-04,341.9634704589844
2020-12-07,341.2608947753906
2020-12-08,342.2593688964844
2020-12-09,339.1897888183594
2020-12-10,339.0787658691406
2020-12-11,338.6811218261719
2020-12-14,337.16485595703125
2020-12-15,341.7231140136719
2020-12-16,342.2593688964844
2020-12-17,344.1733093261719
2020-12-18,342.7989807128906
2020-12-21,341.5733337402344
2020-12-22,340.997802734375
2020-12-23,341.3040466308594
2020-12-24,342.63201904296875
2020-12-28,345.5754699707031
2020-12-29,344.9161376953125
2020-12-30,345.4082336425781
2020-12-31,347.1632385253906
2021-01-04,342.43682861328125
2021-01-05,344.7954406738281
2021-01-06,346.8567810058594
2021-01-07,352.0101623535156
2021-01-08,354.0158386230469
2021-01-11,351.62945556640625
2021-01-12,351.7037658691406
2021-01-13,352.65087890625
2021-01-14,351.4158935546875
2021-01-15,348.85308837890625
2021-01-19,351.5923156738281
2021-01-20,356.45794677734375
2021-01-21,356.78289794921875
2021-01-22,355.52008056640625
2021-01-25,356.92218017578125
2021-01-26,356.3651428222656
2021-01-27,347.6553955078125
2021-01-28,350.6452331542969
2021-01-29,343.6254577636719
2021-02-01,349.3453369140625
2021-02-02,354.28509521484375
2021-02-03,354.5636291503906
2021-02-04,358.593505859375
2021-02-05,360.0049133300781
2021-02-08,362.6048583984375
2021-02-09,362.36346435546875
2021-02-10,362.2055969238281
2021-02-11,362.79052734375
2021-02-12,364.58270263671875
2021-02-16,364.2669677734375
2021-02-17,364.35052490234375
2021-02-18,362.79986572265625
2021-02-19,362.1591491699219
2021-02-22,359.3735046386719
2021-02-23,359.8099060058594
2021-02-24,363.7748107910156
2021-02-25,355.0094299316406
2021-02-26,353.1800537109375
2021-03-01,361.7412414550781
2021-03-02,358.91851806640625
2021-03-03,354.1645202636719
2021-03-04,349.7817077636719
2021-03-05,356.2164306640625
2021-03-08,354.4430236816406
2021-03-09,359.5035705566406
2021-03-10,361.7412414550781
2021-03-11,365.4090576171875
2021-03-12,365.9011535644531
2021-03-15,368.0832214355469
2021-03-16,367.6190185546875
2021-03-17,368.87249755859375
2021-03-18,363.50555419921875
2021-03-19,362.8328857421875
2021-03-22,365.7301330566406
2021-03-23,362.8515319824219
2021-03-24,361.00701904296875
2021-03-25,363.03790283203125
2021-03-26,368.8882751464844
2021-03-29,368.7019348144531
2021-03-30,367.7237548828125
2021-03-31,369.2142639160156
2021-04-01,373.201416015625
2021-04-05,378.5579833984375
2021-04-06,378.3344421386719
2021-04-07,378.7723693847656
2021-04-08,380.5702819824219
2021-04-09,383.3370666503906
2021-04-12,383.47686767578125
2021-04-13,384.61334228515625
2021-04-14,383.2998046875
2021-04-15,387.4173889160156
2021-04-16,388.7122802734375
2021-04-19,386.8025817871094
2021-04-20,383.9705810546875
2021-04-21,387.6037902832031
2021-04-22,384.06365966796875
2021-04-23,388.2279052734375
2021-04-26,389.038330078125
2021-04-27,388.95452880859375
2021-04-28,388.8427734375
2021-04-29,391.3206787109375
2021-04-30,388.7495422363281
2021-05-03,389.5881042480469
2021-05-04,387.1845703125
2021-05-05,387.3056335449219
2021-05-06,390.3984069824219
2021-05-07,393.2398681640625
2021-05-10,389.3458251953125
2021-05-11,385.8709716796875
2021-05-12,377.67303466796875
2021-05-13,382.2098388671875
2021-05-14,388.0788269042969
2021-05-17,387.0913391113281
2021-05-18,383.7562561035156
2021-05-19,382.75018310546875
2021-05-20,386.8677673339844
2021-05-21,386.5510559082031
2021-05-24,390.49163818359375
2021-05-25,389.6253356933594
2021-05-26,390.3984069824219
2021-05-27,390.60345458984375
2021-05-28,391.30218505859375
2021-06-01,390.9573669433594
2021-06-02,391.5722961425781
2021-06-03,390.1190185546875
2021-06-04,393.6870422363281
2021-06-07,393.3050231933594
2021-06-08,393.388916015625
2021-06-09,392.8019714355469
2021-06-10,394.6278991699219
2021-06-11,395.2799987792969
2021-06-14,396.1650390625
2021-06-15,395.43841552734375
2021-06-16,393.2304992675781
2021-06-17,393.1000671386719
2021-06-18,387.7969970703125
2021-06-21,393.34869384765625
2021-06-22,395.45159912109375
2021-06-23,394.9750061035156
2021-06-24,397.31158447265625
2021-06-25,398.7227478027344
2021-06-28,399.52667236328125
2021-06-29,399.7415771484375
2021-06-30,400.0780334472656
2021-07-01,402.2930908203125
2021-07-02,405.3680725097656
2021-07-06,404.629638671875
2021-07-07,406.05963134765625
2021-07-08,402.7510681152344
2021-07-09,407.0503845214844
2021-07-12,408.5084533691406
2021-07-13,407.1157531738281
2021-07-14,407.72332763671875
2021-07-15,406.3306884765625
2021-07-16,403.1436767578125
2021-07-19,397.19000244140625
2021-07-20,402.8819274902344
2021-07-21,406.1438293457031
2021-07-22,406.9942626953125
2021-07-23,411.1814270019531
2021-07-26,412.19091796875
2021-07-27,410.3122253417969
2021-07-28,410.14398193359375
2021-07-29,411.8450012207031
2021-07-30,409.84490966796875
2021-08-02,408.9850769042969
2021-08-03,412.3123779296875
2021-08-04,410.2841796875
2021-08-05,412.8825378417969
2021-08-06,413.5647277832031
2021-08-09,413.2282409667969
2021-08-10,413.7423095703125
2021-08-11,414.7703857421875
2021-08-12,416.0134582519531
2021-08-13,416.7705993652344
2021-08-16,417.75189208984375
2021-08-17,415.013427734375
2021-08-18,410.4710998535156
2021-08-19,411.106689453125
2021-08-20,414.3777770996094
2021-08-23,418.02294921875
2021-08-24,418.6865539550781
2021-08-25,419.56512451171875
2021-08-26,417.08831787109375
2021-08-27,420.8174743652344
2021-08-30,422.6681213378906
2021-08-31,422.0419006347656
2021-09-01,422.26617431640625
2021-09-02,423.5653076171875
2021-09-03,423.46240234375
2021-09-07,421.9483947753906
2021-09-08,421.43438720703125
2021-09-09,419.6305236816406
2021-09-10,416.3219299316406
2021-09-13,417.3873596191406
2021-09-14,415.13494873046875
2021-09-15,418.6024475097656
2021-09-16,417.93890380859375
2021-09-17,413.86767578125
2021-09-20,406.9667663574219
2021-09-21,406.58233642578125
2021-09-22,410.54852294921875
2021-09-23,415.5366516113281
2021-09-24,416.22113037109375
2021-09-27,415.03033447265625
2021-09-28,406.666748046875
2021-09-29,407.35125732421875
2021-09-30,402.37249755859375
2021-10-01,407.1542663574219
2021-10-04,401.9035949707031
2021-10-05,406.08538818359375
2021-10-06,407.7731018066406
2021-10-07,411.2986145019531
2021-10-08,410.54852294921875
2021-10-11,407.5762023925781
2021-10-12,406.57293701171875
2021-10-13,408.03564453125
2021-10-14,414.8990173339844
2021-10-15,418.058837890625
2021-10-18,419.2964782714844
2021-10-19,422.53131103515625
2021-10-20,424.19091796875
2021-10-21,425.29736328125
2021-10-22,424.8566589355469
2021-10-25,427.13507080078125
2021-10-26,427.51947021484375
2021-10-27,425.6254577636719
2021-10-28,429.7322998046875
2021-10-29,430.6042785644531
2021-11-01,431.34503173828125
2021-11-02,433.0889587402344
2021-11-03,435.7331237792969
2021-11-04,437.78643798828125
2021-11-05,439.305419921875
2021-11-08,439.68048095703125
2021-11-09,438.2271423339844
2021-11-10,434.70172119140625
2021-11-11,434.8423156738281
2021-11-12,438.1239929199219
2021-11-15,438.2740783691406
2021-11-16,440.0086669921875
2021-11-17,438.9397277832031
2021-11-18,440.4306335449219
2021-11-19,439.6429748535156
2021-11-22,438.4053039550781
2021-11-23,438.98663330078125
2021-11-24,440.15863037109375
2021-11-26,430.3417663574219
2021-11-29,435.6206359863281
2021-11-30,427.1443786621094
2021-12-01,422.40008544921875
2021-12-02,428.8697204589844
2021-12-03,425.137939453125
2021-12-06,430.1730041503906
2021-12-07,439.0710144042969
2021-12-08,440.2337646484375
2021-12-09,437.261474609375
2021-12-10,441.37762451171875
2021-12-13,437.4676818847656
2021-12-14,434.45782470703125
2021-12-15,441.246337890625
2021-12-16,437.3552551269531
2021-12-17,432.7004089355469
2021-12-20,428.0993957519531
2021-12-21,435.7019348144531
2021-12-22,440.0584411621094
2021-12-23,442.7965393066406
2021-12-27,449.06304931640625
2021-12-28,448.69610595703125
2021-12-29,449.27001953125
2021-12-30,448.02801513671875
2021-12-31,446.8989562988281
2022-01-03,449.48638916015625
2022-01-04,449.3359375
2022-01-05,440.7077331542969
2022-01-06,440.2936706542969
2022-01-07,438.5530090332031
2022-01-10,438.0072021484375
2022-01-11,441.9967956542969
2022-01-12,443.1916809082031
2022-01-13,437.08514404296875
2022-01-14,437.2639465332031
2022-01-18,429.5201721191406
2022-01-19,425.0602111816406
2022-01-20,420.3555908203125
2022-01-21,412.1037292480469
2022-01-24,413.85382080078125
2022-01-25,408.8011169433594
2022-01-26,407.7755432128906
2022-01-27,405.7619323730469
2022-01-28,415.83917236328125
2022-01-31,423.3288879394531
2022-02-01,426.1893005371094
2022-02-02,430.3293762207031
2022-02-03,420.2144470214844
2022-02-04,422.1903991699219
2022-02-07,420.8354797363281
2022-02-08,424.298095703125
2022-02-09,430.50811767578125
2022-02-10,422.7737731933594
2022-02-11,414.43719482421875
2022-02-14,413.0822448730469
2022-02-15,419.7440490722656
2022-02-16,420.2144470214844
2022-02-17,411.2380065917969
2022-02-18,408.5752868652344
2022-02-22,404.19061279296875
2022-02-23,397.0208435058594
2022-02-24,402.9956359863281
2022-02-25,411.8872985839844
2022-02-28,410.8335266113281
2022-03-01,404.57647705078125
2022-03-02,412.01904296875
2022-03-03,409.9678039550781
2022-03-04,406.6369934082031
2022-03-07,394.649658203125
2022-03-08,391.6575012207031
2022-03-09,402.1582336425781
2022-03-10,400.34228515625
2022-03-11,395.2519226074219
2022-03-14,392.3632507324219
2022-03-15,400.99151611328125
2022-03-16,409.8832092285156
2022-03-17,415.01116943359375
2022-03-18,419.55670166015625
2022-03-21,419.4339599609375
2022-03-22,424.34197998046875
2022-03-23,418.8771057128906
2022-03-24,425.1914978027344
2022-03-25,427.2679748535156
2022-03-28,430.3070373535156
2022-03-29,435.63043212890625
2022-03-30,432.9404296875
2022-03-31,426.27691650390625
2022-04-01,427.48504638671875
2022-04-04,431.1470947265625
2022-04-05,425.7011413574219
2022-04-06,421.44439697265625
2022-04-07,423.568115234375
2022-04-08,422.4354248046875
2022-04-11,415.2150573730469
2022-04-12,413.6766357421875
2022-04-13,418.4146728515625
2022-04-14,413.2046203613281
2022-04-18,413.3745422363281
2022-04-19,420.0475158691406
2022-04-20,419.7360534667969
2022-04-21,413.45953369140625
2022-04-22,402.114501953125
2022-04-25,404.44580078125
2022-04-26,392.7327880859375
2022-04-27,393.8370056152344
2022-04-28,403.78515625
2022-04-29,388.86297607421875
2022-05-02,391.2037048339844
2022-05-03,392.9969482421875
2022-05-04,404.96490478515625
2022-05-05,390.5712890625
2022-05-06,388.24005126953125
2022-05-09,375.80963134765625
2022-05-10,376.6780090332031
2022-05-11,370.694091796875
2022-05-12,370.3070983886719
2022-05-13,379.1602783203125
2022-05-16,377.6217956542969
2022-05-17,385.3896179199219
2022-05-18,369.85394287109375
2022-05-19,367.58880615234375
2022-05-20,367.7492370605469
2022-05-23,374.6298828125
2022-05-24,371.77001953125
2022-05-25,375.0545654296875
2022-05-26,382.5486145019531
2022-05-27,391.9399108886719
2022-05-31,389.7407531738281
2022-06-01,386.5883483886719
2022-06-02,393.9503173828125
2022-06-03,387.48492431640625
2022-06-06,388.66473388671875
2022-06-07,392.3929748535156
2022-06-08,388.1268005371094
2022-06-09,378.89605712890625
2022-06-10,367.90966796875
2022-06-13,353.9407653808594
2022-06-14,352.8742980957031
2022-06-15,357.9049377441406
2022-06-16,346.05975341796875
2022-06-17,346.80572509765625
2022-06-21,355.5361022949219
2022-06-22,354.8915100097656
2022-06-23,358.370361328125
2022-06-24,369.7643737792969
2022-06-27,368.3519592285156
2022-06-28,360.8255615234375
2022-06-29,360.5315856933594
2022-06-30,357.6025695800781
2022-07-01,361.3847961425781
2022-07-05,362.0672607421875
2022-07-06,363.2900695800781
2022-07-07,368.7311096191406
2022-07-08,368.42779541015625
2022-07-11,364.21905517578125
2022-07-12,360.99615478515625
2022-07-13,359.1002502441406
2022-07-14,358.2281494140625
2022-07-15,365.0721740722656
2022-07-18,362.0577697753906
2022-07-19,371.84033203125
2022-07-20,374.21002197265625
2022-07-21,378.0207214355469
2022-07-22,374.5133361816406
2022-07-25,374.9683837890625
2022-07-26,370.5321960449219
2022-07-27,380.153564453125
2022-07-28,384.92156982421875
2022-07-29,390.53326416015625
2022-08-01,389.3768005371094
2022-08-02,386.80792236328125
2022-08-03,392.8651428222656
2022-08-04,392.5997009277344
2022-08-05,391.9362487792969
2022-08-08,391.481201171875
2022-08-09,389.92657470703125
2022-08-10,398.1166076660156
2022-08-11,398.1166076660156
2022-08-12,404.8563537597656
2022-08-15,406.5246887207031
2022-08-16,407.3208923339844
2022-08-17,404.42974853515625
2022-08-18,405.60516357421875
2022-08-19,400.1546325683594
2022-08-22,391.82244873046875
2022-08-23,390.87451171875
2022-08-24,392.1257629394531
2022-08-25,397.66156005859375
2022-08-26,384.2011413574219
2022-08-29,381.6607360839844
2022-08-30,377.4709777832031
2022-08-31,374.59881591796875
2022-09-01,375.774169921875
2022-09-02,371.8118896484375
2022-09-06,370.4089660644531
2022-09-07,377.0633544921875
2022-09-08,379.5279235839844
2022-09-09,385.4239807128906
2022-09-12,389.56640625
2022-09-13,372.6270751953125
2022-09-14,374.04901123046875
2022-09-15,369.80224609375
2022-09-16,366.9810485839844
2022-09-19,369.82696533203125
2022-09-20,365.5819091796875
2022-09-21,359.20477294921875
2022-09-22,356.1875305175781
2022-09-23,350.2196960449219
2022-09-26,346.7550048828125
2022-09-27,345.869873046875
2022-09-28,352.67535400390625
2022-09-29,345.30828857421875
2022-09-30,339.9685974121094
2022-10-03,348.9441833496094
2022-10-04,359.7568054199219
2022-10-05,358.919189453125
2022-10-06,355.21661376953125
2022-10-07,345.30828857421875
2022-10-10,342.6717834472656
2022-10-11,340.501708984375
2022-10-12,339.37847900390625
2022-10-13,348.3350830078125
2022-10-14,340.3968811035156
2022-10-17,349.14410400390625
2022-10-18,353.2464294433594
2022-10-19,350.7431640625
2022-10-20,347.80206298828125
2022-10-21,356.2541809082031
2022-10-24,360.6134338378906
2022-10-25,366.3719177246094
2022-10-26,363.6117248535156
2022-10-27,361.66998291015625
2022-10-28,370.2743835449219
2022-10-31,367.5997619628906
2022-11-01,365.99114990234375
2022-11-02,356.8062438964844
2022-11-03,353.1321716308594
2022-11-04,358.21490478515625
2022-11-07,361.64141845703125
2022-11-08,363.5926513671875
2022-11-09,356.1018981933594
2022-11-10,375.67120361328125
2022-11-11,379.3070373535156
2022-11-14,376.0804138183594
2022-11-15,379.2879638671875
2022-11-16,376.39453125
2022-11-17,375.2428283691406
2022-11-18,376.94659423828125
2022-11-21,375.5758972167969
2022-11-22,380.6300964355469
2022-11-23,383.0286865234375
2022-11-25,382.9429931640625
2022-11-28,376.8323974609375
2022-11-29,376.1850891113281
2022-11-30,388.0351257324219
2022-12-01,387.7496643066406
2022-12-02,387.30230712890625
2022-12-05,380.3350524902344
2022-12-06,374.8525695800781
2022-12-07,374.2149353027344
2022-12-08,377.146484375
2022-12-09,374.3290710449219
2022-12-12,379.7258605957031
2022-12-13,382.600341796875
2022-12-14,380.1542053222656
2022-12-15,370.8549499511719
2022-12-16,366.4765625
2022-12-19,363.3689880371094
2022-12-20,363.8662109375
2022-12-21,369.306884765625
2022-12-22,364.03826904296875
2022-12-23,366.1323547363281
2022-12-27,364.68853759765625
2022-12-28,360.1562194824219
2022-12-29,366.63916015625
2022-12-30,365.67340087890625
2023-01-03,364.1339416503906
2023-01-04,366.94512939453125
2023-01-05,362.7571105957031
2023-01-06,371.0758361816406
2023-01-09,370.8655090332031
2023-01-10,373.46624755859375
2023-01-11,378.1898498535156
2023-01-12,379.5667724609375
2023-01-13,381.039306640625
2023-01-17,380.34124755859375
2023-01-18,374.3364562988281
2023-01-19,371.6113586425781
2023-01-20,378.5340576171875
2023-01-23,383.07598876953125
2023-01-24,382.6647644042969
2023-01-25,382.80816650390625
2023-01-26,387.01544189453125
2023-01-27,387.9046936035156
2023-01-30,383.0377197265625
2023-01-31,388.6697082519531
2023-02-01,392.80035400390625
2023-02-02,398.51837158203125
2023-02-03,394.28240966796875
2023-02-06,391.8728942871094
2023-02-07,396.9979553222656
2023-02-08,392.6569519042969
2023-02-09,389.25286865234375
2023-02-10,390.1612854003906
2023-02-13,394.74139404296875
2023-02-14,394.55975341796875
2023-02-15,395.8410339355469
2023-02-16,390.3907775878906
2023-02-17,389.4154052734375
2023-02-21,381.6034240722656
2023-02-22,381.0775451660156
2023-02-23,383.1046142578125
2023-02-24,379.01214599609375
2023-02-27,380.30303955078125
2023-02-28,378.89739990234375
2023-03-01,377.4440002441406
2023-03-02,380.3794860839844
2023-03-03,386.48004150390625
2023-03-06,386.7477111816406
2023-03-07,380.8193664550781
2023-03-08,381.44085693359375
2023-03-09,374.4034118652344
2023-03-10,369.00091552734375
2023-03-13,368.4749755859375
2023-03-14,374.5658874511719
2023-03-15,372.2232971191406
2023-03-16,378.7539978027344
2023-03-17,374.32537841796875
2023-03-20,377.92474365234375
2023-03-21,382.8870544433594
2023-03-22,376.36016845703125
2023-03-23,377.37762451171875
2023-03-24,379.85400390625
2023-03-27,380.56427001953125
2023-03-28,379.7100524902344
2023-03-29,385.2290954589844
2023-03-30,387.484619140625
2023-03-31,392.9461364746094
2023-04-03,394.4434509277344
2023-04-04,392.25506591796875
2023-04-05,391.2279968261719
2023-04-06,392.7541198730469
2023-04-10,393.15728759765625
2023-04-11,393.26287841796875
2023-04-12,391.6599426269531
2023-04-13,396.8622131347656
2023-04-14,395.8927917480469
2023-04-17,397.31341552734375
2023-04-18,397.5725402832031
2023-04-19,397.50537109375
2023-04-20,395.33612060546875
2023-04-21,395.6432189941406
2023-04-24,396.0560302734375
2023-04-25,389.76904296875
2023-04-26,388.1181335449219
2023-04-27,395.84478759765625
2023-04-28,399.2234191894531
2023-05-01,398.8203125
2023-05-02,394.337890625
2023-05-03,391.6311950683594
2023-05-04,388.857177734375
2023-05-05,396.0560302734375
2023-05-08,396.16156005859375
2023-05-09,394.4242858886719
2023-05-10,396.26715087890625
2023-05-11,395.5760498046875
2023-05-12,395.0577697753906
2023-05-15,396.42071533203125
2023-05-16,393.7715148925781
2023-05-17,398.55157470703125
2023-05-18,402.390869140625
2023-05-19,401.80535888671875
2023-05-22,401.96856689453125
2023-05-23,397.45733642578125
2023-05-24,394.5778503417969
2023-05-25,397.9947814941406
2023-05-26,403.14910888671875
2023-05-30,403.30267333984375
2023-05-31,401.0663146972656
2023-06-01,404.8768310546875
2023-06-02,410.7318420410156
2023-06-05,409.9447326660156
2023-06-06,410.8374328613281
2023-06-07,409.41680908203125
2023-06-08,411.8932800292969
2023-06-09,412.63232421875
2023-06-12,416.37567138671875
2023-06-13,419.12078857421875
2023-06-14,419.61993408203125
2023-06-15,424.82220458984375
2023-06-16,423.3751220703125
2023-06-20,421.1785888671875
2023-06-21,419.02056884765625
2023-06-22,420.5331115722656
2023-06-23,417.3538818359375
2023-06-26,415.6486511230469
2023-06-27,420.2055969238281
2023-06-28,420.4175109863281
2023-06-29,422.07452392578125
2023-06-30,427.05535888671875
2023-07-03,427.54669189453125
2023-07-05,426.91082763671875
2023-07-06,423.56787109375
2023-07-07,422.4984130859375
2023-07-10,423.56787109375
2023-07-11,426.2652893066406
2023-07-12,429.695068359375
2023-07-13,433.1054992675781
2023-07-14,432.83575439453125
2023-07-17,434.338623046875
2023-07-18,437.5660095214844
2023-07-19,438.5390625
2023-07-20,435.62957763671875
2023-07-21,435.62957763671875
2023-07-24,437.57568359375
2023-07-25,438.7702331542969
2023-07-26,438.83770751953125
2023-07-27,435.9281921386719
2023-07-28,440.19610595703125
2023-07-31,441.03424072265625
2023-08-01,439.772216796875
2023-08-02,433.65460205078125
2023-08-03,432.411865234375
2023-08-04,430.4561767578125
2023-08-07,434.21331787109375
2023-08-08,432.3251037597656
2023-08-09,429.43487548828125
2023-08-10,429.5889892578125
2023-08-11,429.3385925292969
2023-08-14,431.7085266113281
2023-08-15,426.6795959472656
2023-08-16,423.54864501953125
2023-08-17,420.3211669921875
2023-08-18,420.5235290527344
2023-08-21,423.25958251953125
2023-08-22,422.1131286621094
2023-08-23,426.81451416015625
2023-08-24,420.8992004394531
2023-08-25,423.8664855957031
2023-08-28,426.5543518066406
2023-08-29,432.72015380859375
2023-08-30,434.5024108886719
2023-08-31,433.8665771484375
2023-09-01,434.6758117675781
2023-09-05,432.7972106933594
2023-09-06,429.8877258300781
2023-09-07,428.56787109375
2023-09-08,429.21331787109375
2023-09-11,432.0361022949219
2023-09-12,429.6661071777344
2023-09-13,430.1671142578125
2023-09-14,433.8761901855469
2023-09-15,428.6487121582031
2023-09-18,428.9000549316406
2023-09-19,428.0105895996094
2023-09-20,424.0758361816406
2023-09-21,417.0665283203125
2023-09-22,416.1286926269531
2023-09-25,417.8785705566406
2023-09-26,411.73944091796875
2023-09-27,411.90374755859375
2023-09-28,414.291748046875
2023-09-29,413.28631591796875
2023-10-02,413.1219177246094
2023-10-03,407.5918273925781
2023-10-04,410.5599670410156
2023-10-05,410.4053039550781
2023-10-06,415.2779235839844
2023-10-09,417.9366149902344
2023-10-10,420.1119384765625
2023-10-11,421.832763671875
2023-10-12,419.2611083984375
2023-10-13,417.1728210449219
2023-10-16,421.56207275390625
2023-10-17,421.5427551269531
2023-10-18,415.9256286621094
2023-10-19,412.2712097167969
2023-10-20,407.20513916015625
2023-10-23,406.4993591308594
2023-10-24,409.56414794921875
2023-10-25,403.68597412109375
2023-10-26,398.85205078125
2023-10-27,397.04412841796875
2023-10-30,401.79107666015625
2023-10-31,404.3144836425781
2023-11-01,408.6263427734375
2023-11-02,416.4574279785156
2023-11-03,420.2569274902344
2023-11-06,421.2237243652344
2023-11-07,422.42254638671875
2023-11-08,422.7319030761719
2023-11-09,419.4351806640625
2023-11-10,425.9803161621094
2023-11-13,425.5743103027344
2023-11-14,433.83074951171875
2023-11-15,434.7491760253906
2023-11-16,435.2809143066406
2023-11-17,435.82232666015625
2023-11-20,439.1771240234375
2023-11-21,438.219970703125
2023-11-22,439.9118957519531
2023-11-24,440.1826171875
2023-11-27,439.3898620605469
2023-11-28,439.82489013671875
2023-11-29,439.51556396484375
2023-11-30,441.24609375
2023-12-01,443.8564453125
2023-12-04,441.52642822265625
2023-12-05,441.439453125
2023-12-06,439.66058349609375
2023-12-07,443.0153503417969
2023-12-08,444.919921875
2023-12-11,446.65045166015625
2023-12-12,448.6904296875
2023-12-13,454.87786865234375
2023-12-14,456.3377685546875
2023-12-15,455.5864562988281
2023-12-18,458.1491394042969
2023-12-19,460.93505859375
2023-12-20,454.54779052734375
2023-12-21,458.85772705078125
2023-12-22,459.7799072265625
2023-12-26,461.7213439941406
2023-12-27,462.5561828613281
2023-12-28,462.7309265136719
2023-12-29,461.3913269042969
2024-01-02,458.8092346191406
2024-01-03,455.0622253417969
2024-01-04,453.59649658203125
2024-01-05,454.2177429199219
2024-01-08,460.7021484375
2024-01-09,460.003173828125
2024-01-10,462.604736328125
2024-01-11,462.4008483886719
2024-01-12,462.72119140625
2024-01-16,461.0224609375
2024-01-17,458.4597473144531
2024-01-18,462.5367126464844
2024-01-19,468.30279541015625
2024-01-22,469.2929382324219
2024-01-23,470.66162109375
2024-01-24,471.17620849609375
2024-01-25,473.73883056640625
2024-01-26,473.1369934082031
2024-01-29,476.8839111328125
2024-01-30,476.51507568359375
2024-01-31,468.7396240234375
2024-02-01,474.8746032714844
2024-02-02,479.8737487792969
2024-02-05,478.1264953613281
2024-02-06,479.5146179199219
2024-02-07,483.51397705078125
2024-02-08,483.7275085449219
2024-02-09,486.5231628417969
2024-02-12,486.3096618652344
2024-02-13,479.61163330078125
2024-02-14,483.9701843261719
2024-02-15,487.3094482421875
2024-02-16,484.8827209472656
2024-02-20,482.21319580078125
2024-02-21,482.6499938964844
2024-02-22,492.638671875
2024-02-23,492.97845458984375
2024-02-26,491.17291259765625
2024-02-27,492.0854187011719
2024-02-28,491.43505859375
2024-02-29,493.2016906738281
2024-03-01,497.83197021484375
2024-03-04,497.298095703125
2024-03-05,492.3280029296875
2024-03-06,494.8227844238281
2024-03-07,499.734619140625
2024-03-08,496.735107421875
2024-03-11,496.3080139160156
2024-03-12,501.64697265625
2024-03-13,500.86065673828125
2024-03-14,499.87054443359375
2024-03-15,496.4381103515625
2024-03-18,499.3885192871094
2024-03-19,502.1637268066406
2024-03-20,506.808349609375
2024-03-21,508.4832458496094
2024-03-22,507.5191650390625
2024-03-25,506.1170654296875
2024-03-26,505.1822814941406
2024-03-27,509.42767333984375
2024-03-28,509.3303527832031
2024-04-01,508.44415283203125
2024-04-02,505.2115173339844
2024-04-03,505.7664489746094
2024-04-04,499.593017578125
2024-04-05,504.8122253417969
2024-04-08,505.0945739746094
2024-04-09,505.67889404296875
2024-04-10,500.61541748046875
2024-04-11,504.3935241699219
2024-04-12,497.43133544921875
2024-04-15,491.199462890625
2024-04-16,490.30364990234375
2024-04-17,487.4018859863281
2024-04-18,486.39898681640625
2024-04-19,482.1534729003906
2024-04-22,486.59368896484375
2024-04-23,492.3679504394531
2024-04-24,492.1342468261719
2024-04-25,490.2646789550781
2024-04-26,494.90936279296875
2024-04-29,496.662109375
2024-04-30,488.7943420410156
2024-05-01,487.2071533203125
2024-05-02,491.7641906738281
2024-05-03,497.85980224609375
2024-05-06,503.00115966796875
2024-05-07,503.55609130859375
2024-05-08,503.6047668457031
2024-05-09,506.5064697265625
2024-05-10,507.1589660644531
2024-05-13,507.2270812988281
2024-05-14,509.55426025390625
2024-05-15,515.8641967773438
2024-05-16,514.8026733398438
2024-05-17,515.5427856445312
2024-05-20,516.1366577148438
2024-05-21,517.4026489257812
2024-05-22,515.9126586914062
2024-05-23,512.1444702148438
2024-05-24,515.5330200195312
2024-05-28,515.893310546875
2024-05-29,512.2807006835938
2024-05-30,508.8824768066406
2024-05-31,513.5173950195312
2024-06-03,513.9362182617188
2024-06-04,514.5106811523438
2024-06-05,520.6256713867188
2024-06-06,520.615966796875
2024-06-07,519.9830932617188
2024-06-10,521.589599609375
2024-06-11,522.845703125
2024-06-12,527.139892578125
2024-06-13,528.201416015625
2024-06-14,528.5225830078125
2024-06-17,532.7290649414062
2024-06-18,534.0826416015625
2024-06-20,532.6317749023438
2024-06-21,531.917724609375
2024-06-24,530.1885986328125
2024-06-25,532.2303466796875
2024-06-26,532.89453125
2024-06-27,533.7347412109375
2024-06-28,531.6343994140625
2024-07-01,532.7283935546875
2024-07-02,536.3135986328125
2024-07-03,538.7070922851562
2024-07-05,541.8134765625
2024-07-08,542.4386596679688
2024-07-09,542.9661865234375
2024-07-10,548.3389282226562
2024-07-11,543.61083984375
2024-07-12,547.0396728515625
2024-07-15,548.5441284179688
2024-07-16,551.7969970703125
2024-07-17,544.0602416992188
2024-07-18,539.879150390625
2024-07-19,536.2940673828125
2024-07-22,541.8231811523438
2024-07-23,540.9732666015625
2024-07-24,528.7134399414062
2024-07-25,525.9586791992188
2024-07-26,531.8493041992188
2024-07-29,532.1619873046875
2024-07-30,529.4656372070312
2024-07-31,538.072021484375
2024-08-01,530.452392578125
2024-08-02,520.5762939453125
2024-08-05,505.4150695800781
2024-08-06,510.0748596191406
2024-08-07,506.6654968261719
2024-08-08,518.3782348632812
2024-08-09,520.6640625
2024-08-12,520.9376831054688
2024-08-13,529.5047607421875
2024-08-14,531.1751708984375
2024-08-15,540.2797241210938
2024-08-16,541.4911499023438
2024-08-19,546.66845703125
2024-08-20,545.779541015625
2024-08-21,547.6550903320312
2024-08-22,543.35693359375
2024-08-23,549.1301879882812
2024-08-26,547.8212280273438
2024-08-27,548.5734252929688
2024-08-28,545.3887939453125
2024-08-29,545.4375610351562
2024-08-30,550.644287109375
2024-09-03,539.3126220703125
2024-09-04,538.2088012695312
2024-09-05,536.8997192382812
2024-09-06,527.8636474609375
2024-09-09,533.7737426757812
2024-09-10,536.0986328125
2024-09-11,541.5985717773438
2024-09-12,546.1604614257812
2024-09-13,549.0130615234375
2024-09-16,549.82373046875
2024-09-17,550.0484619140625
2024-09-18,548.4171142578125
2024-09-19,557.7755737304688
2024-09-20,556.8113403320312
2024-09-23,558.2026977539062
2024-09-24,559.7999267578125
2024-09-25,558.5653076171875
2024-09-26,560.77978515625
2024-09-27,559.9664306640625
2024-09-30,562.21044921875
2024-10-01,557.1739501953125
2024-10-02,557.4089965820312
2024-10-03,556.3899536132812
2024-10-04,561.4461669921875
2024-10-07,556.370361328125
2024-10-08,561.63232421875
2024-10-09,565.5223999023438
2024-10-10,564.5326538085938
2024-10-11,567.913330078125
2024-10-14,572.557861328125
2024-10-15,568.109375
2024-10-16,570.5784912109375
2024-10-17,570.6275634765625
2024-10-18,572.8224487304688
2024-10-21,571.8817749023438
2024-10-22,571.5780029296875
2024-10-23,566.355224609375
2024-10-24,567.5801391601562
2024-10-25,567.3841552734375
2024-10-28,569.1381225585938
2024-10-29,570.059326171875
2024-10-30,568.3346557617188
2024-10-31,557.1935424804688
2024-11-01,559.5451049804688
2024-11-04,558.3399658203125
2024-11-05,565.0912475585938
2024-11-06,579.142578125
2024-11-07,583.6206665039062
2024-11-08,586.148681640625
2024-11-11,586.7071533203125
2024-11-12,584.8846435546875
2024-11-13,585.1688232421875
2024-11-14,581.4061279296875
2024-11-15,573.9591064453125
2024-11-18,576.3108520507812
2024-11-19,578.4174194335938
2024-11-20,578.6134643554688
2024-11-21,581.7196044921875
2024-11-22,583.5225830078125
2024-11-25,585.5020751953125
2024-11-26,588.5592041015625
2024-11-27,586.7758178710938
2024-11-29,590.4208984375
2024-12-02,591.4791870117188
2024-12-03,591.7534790039062
2024-12-04,595.4279174804688
2024-12-05,594.4482421875
2024-12-06,595.5750122070312
2024-12-09,592.5079345703125
2024-12-10,590.6658325195312
2024-12-11,595.2319946289062
2024-12-12,592.1651000976562
2024-12-13,592.0475463867188
2024-12-16,594.5755004882812
2024-12-17,592.1258544921875
2024-12-18,574.4783935546875
2024-12-19,574.302001953125
2024-12-20,581.2000122070312
2024-12-23,584.6803588867188
2024-12-24,591.1791381835938
2024-12-26,591.218505859375
2024-12-27,584.9949951171875
2024-12-30,578.3191528320312
2024-12-31,576.2152099609375
2025-01-02,574.7994995117188
2025-01-03,581.9864501953125
2025-01-06,585.339111328125
2025-01-07,578.7223510742188
2025-01-08,579.5678100585938
2025-01-10,570.7192993164062
2025-01-13,571.6043090820312
2025-01-14,572.3907470703125
2025-01-15,582.802490234375
2025-01-16,581.6817016601562
2025-01-17,587.521728515625
2025-01-21,592.899658203125
2025-01-22,596.2326049804688
2025-01-23,599.48681640625
2025-01-24,597.7367553710938
2025-01-27,589.2815551757812
2025-01-28,594.3449096679688
2025-01-29,591.6805419921875
2025-01-30,594.8561401367188
2025-01-31,591.6903686523438
2025-02-03,587.7085571289062
2025-02-04,591.6510620117188
2025-02-05,594.0498657226562
2025-02-06,596.1146850585938
2025-02-07,590.6580810546875
2025-02-10,594.6693115234375
2025-02-11,595.1216430664062
2025-02-12,593.2044677734375
2025-02-13,599.4671630859375
2025-02-14,599.4376831054688
2025-02-18,601.197509765625
2025-02-19,602.61328125
2025-02-20,600.1063232421875
2025-02-21,589.8419799804688
2025-02-24,587.157958984375
2025-02-25,584.2379150390625
2025-02-26,584.5328369140625
2025-02-27,575.2025756835938
2025-02-28,584.1788940429688
2025-03-03,573.944091796875
2025-03-04,567.1505126953125
2025-03-05,573.24609375
2025-03-06,563.0703735351562
2025-03-07,566.226318359375
2025-03-10,551.14453125
2025-03-11,546.5629272460938
2025-03-12,549.4633178710938
2025-03-13,542.1386108398438
2025-03-14,553.3369750976562
2025-03-17,557.60400390625
2025-03-18,551.5771484375
2025-03-19,557.5842895507812
2025-03-20,555.9718017578125
2025-03-21,556.1552734375
2025-03-24,566.1151733398438
2025-03-25,567.4760131835938
2025-03-26,560.7012939453125
2025-03-27,559.2122802734375
2025-03-28,547.9507446289062
2025-03-31,551.6289672851562
2025-04-01,553.18701171875
2025-04-02,556.6878662109375
2025-04-03,529.2537841796875
2025-04-04,498.2696838378906
2025-04-07,497.3821716308594
2025-04-08,489.5918273925781
2025-04-09,541.0084228515625
2025-04-10,517.3019409179688
2025-04-11,526.5320434570312
2025-04-14,531.6401977539062
2025-04-15,530.1510620117188
2025-04-16,518.3668823242188
2025-04-17,519.1065063476562
2025-04-21,506.7503356933594
2025-04-22,519.9349365234375
2025-04-23,527.991455078125
2025-04-24,539.105224609375
2025-04-25,543.0003662109375
2025-04-28,543.2074584960938
2025-04-29,546.6292724609375
2025-04-30,546.8462524414062
2025-05-01,550.7217407226562
2025-05-02,558.896728515625
2025-05-05,555.6917724609375
2025-05-06,551.047119140625
2025-05-07,553.3645629882812
2025-05-08,557.2202758789062
2025-05-09,556.51025390625
2025-05-12,574.9015502929688
2025-05-13,578.6981811523438
2025-05-14,579.437744140625
2025-05-15,582.2678833007812
2025-05-16,585.9559326171875
2025-05-19,586.596923828125
2025-05-20,584.624755859375
2025-05-21,574.7733764648438
2025-05-22,575.0001220703125
2025-05-23,571.0753173828125
2025-05-27,582.9483642578125
2025-05-28,579.5758056640625
2025-05-29,581.863525390625
2025-05-30,581.2128295898438
2025-06-02,584.4866943359375
2025-06-03,587.81982421875
2025-06-04,587.6619262695312
2025-06-05,584.8218994140625
2025-06-06,590.8274536132812
2025-06-09,591.3599243164062
2025-06-10,594.7127685546875
2025-06-11,593.0166625976562
2025-06-12,595.3734741210938
2025-06-13,588.7171630859375
2025-06-16,594.3182983398438
2025-06-17,589.2398681640625
2025-06-18,589.1510620117188
2025-06-20,587.7673950195312
2025-06-23,593.5730590820312
2025-06-24,600.13037109375
2025-06-25,600.4666748046875
2025-06-26,605.1646118164062
2025-06-27,608.1712646484375
2025-06-30,611.0791015625
2025-07-01,610.8812866210938
2025-07-02,613.6505737304688
2025-07-03,618.4869995117188
2025-07-07,613.8780517578125
2025-07-08,613.5418090820312
2025-07-09,617.2210083007812
2025-07-10,618.9617309570312
2025-07-11,616.7858276367188
2025-07-14,617.9627075195312
2025-07-15,615.3220825195312
2025-07-16,617.3792114257812
2025-07-17,621.1574096679688
2025-07-18,620.7024536132812
2025-07-21,621.87939453125
2025-07-22,621.9683837890625
2025-07-23,627.2598266601562
2025-07-24,627.4674682617188
2025-07-25,630.1181030273438
2025-07-28,629.9598999023438
2025-07-29,628.2982177734375
2025-07-30,627.507080078125
2025-07-31,625.1531982421875
2025-08-01,614.9065551757812
2025-08-04,624.2530517578125
2025-08-05,621.0880737304688
2025-08-06,625.845458984375
2025-08-07,625.3212280273438
2025-08-08,630.1972045898438
2025-08-11,628.9510498046875
2025-08-12,635.6469116210938
2025-08-13,637.82275390625
2025-08-14,637.882080078125
2025-08-15,636.388671875
2025-08-18,636.2501220703125
2025-08-19,632.7984008789062
2025-08-20,631.1170043945312
2025-08-21,628.5850830078125
2025-08-22,638.2382202148438
2025-08-25,635.42919921875
2025-08-26,638.0897827148438
2025-08-27,639.5436401367188
2025-08-28,641.8085327148438
2025-08-29,637.98095703125
2025-09-02,633.2533569335938
2025-09-03,636.685302734375
2025-09-04,642.00634765625
2025-09-05,640.14697265625
2025-09-08,641.7195434570312
2025-09-09,643.203125
2025-09-10,645.0625610351562
2025-09-11,650.4231567382812
2025-09-12,650.2055053710938
2025-09-15,653.6671142578125
2025-09-16,652.7671508789062
2025-09-17,651.9561767578125
2025-09-18,655.0023803710938
2025-09-19,658.2465209960938
2025-09-22,661.3607177734375
2025-09-23,657.7606201171875
2025-09-24,655.6678466796875
2025-09-25,652.6429443359375
2025-09-26,656.3820190429688
2025-09-29,658.2266845703125
2025-09-30,660.7061157226562
2025-10-01,662.95751953125
2025-10-02,663.7210693359375
2025-10-03,663.7112426757812
2025-10-06,666.0914916992188
2025-10-07,663.6219482421875
2025-10-08,667.5791625976562
2025-10-09,665.6452026367188
2025-10-10,647.6542358398438
2025-10-13,657.5919189453125
2025-10-14,656.78857421875
2025-10-15,659.7044677734375
2025-10-16,655.211669921875
2025-10-17,658.9308471679688
2025-10-20,665.7840576171875
2025-10-21,665.7740478515625
2025-10-22,662.3128051757812
2025-10-23,666.2402954101562
2025-10-24,671.6851806640625
2025-10-27,679.6094970703125
2025-10-28,681.41455078125
2025-10-29,681.7418212890625
2025-10-30,674.2439575195312
2025-10-31,676.4556274414062
2025-11-03,677.7251586914062
2025-11-04,669.6917114257812
2025-11-05,672.012451171875
2025-11-06,664.8021850585938
2025-11-07,665.4567260742188
2025-11-10,675.8407592773438
2025-11-11,677.3878784179688
2025-11-12,677.7647705078125
2025-11-13,666.5179443359375
2025-11-14,666.408935546875
2025-11-17,660.2003173828125
2025-11-18,654.6563110351562
2025-11-19,657.1853637695312
2025-11-20,647.1683349609375
2025-11-21,653.6149291992188
2025-11-24,663.235107421875
2025-11-25,669.4734497070312
2025-11-26,674.09521484375
2025-11-28,677.7747192382812
2025-12-01,674.6803588867188
2025-12-02,675.9300537109375
2025-12-03,678.2706298828125
2025-12-04,678.7664794921875
2025-12-05,680.0557861328125
2025-12-08,678.0127563476562
2025-12-09,677.427490234375
2025-12-10,681.92041015625
2025-12-11,683.5072021484375
2025-12-12,676.1580810546875
2025-12-15,675.1365356445312
2025-12-16,673.2918701171875
2025-12-17,665.8832397460938
2025-12-18,670.9114990234375
2025-12-19,676.9923095703125
2025-12-22,681.2098999023438
2025-12-23,684.3233032226562
2025-12-24,686.7305297851562
2025-12-26,686.660888671875
2025-12-29,684.2138671875
2025-12-30,683.3783569335938
2025-12-31,678.3152465820312
2026-01-02,679.55859375
2026-01-05,684.0845336914062
2026-01-06,688.1529541015625
2026-01-07,685.9347534179688
2026-01-08,685.8651123046875
2026-01-09,690.4010009765625
2026-01-12,691.4852294921875
2026-01-13,690.1026000976562
2026-01-14,686.7106323242188
2026-01-15,688.5806884765625
2026-01-16,688.0037231445312
2026-01-20,673.9981689453125
2026-01-21,681.77685546875
2026-01-22,685.3379516601562
2026-01-23,685.5865478515625
2026-01-26,689.0680541992188
2026-01-27,691.8134765625
2026-01-28,691.7438354492188
2026-01-29,690.3711547851562
2026-01-30,688.3120727539062
2026-02-02,691.7339477539062
2026-02-03,685.885009765625
2026-02-04,682.5626831054688
2026-02-05,674.0379638671875
2026-02-06,686.96923828125
2026-02-09,690.2816772460938
2026-02-10,688.4613037109375
2026-02-11,688.3021850585938
2026-02-12,677.668701171875
2026-02-13,678.1461181640625
2026-02-17,679.2402954101562
2026-02-18,682.662109375
2026-02-19,680.8616333007812
2026-02-20,685.7855834960938
2026-02-23,678.7827758789062
2026-02-24,683.7164916992188
2026-02-25,689.4859008789062
2026-02-26,685.6561889648438
2026-02-27,682.3637084960938
2026-03-02,682.751708984375
2026-03-03,676.7337036132812
2026-03-04,681.5082397460938
2026-03-05,677.70849609375
2026-03-06,668.82568359375
2026-03-09,674.6845703125
2026-03-10,673.6002807617188
2026-03-11,672.7548217773438
2026-03-12,662.5390625
2026-03-13,658.7890014648438
2026-03-16,665.493408203125
2026-03-17,667.2440185546875
2026-03-18,657.9335327148438
2026-03-19,656.3121948242188
2026-03-20,646.9034423828125
2026-03-23,653.6959228515625
2026-03-24,651.5015869140625
2026-03-25,655.1322021484375
2026-03-26,643.432373046875
2026-03-27,632.4606323242188
2026-03-30,630.3460693359375
2026-03-31,648.6688842773438
2026-04-01,653.5562744140625
2026-04-02,654.144775390625
2026-04-06,657.23681640625
2026-04-07,657.5260009765625
2026-04-08,674.27294921875
2026-04-09,678.162841796875
2026-04-10,677.7140502929688
2026-04-13,684.3369750976562
2026-04-14,692.675537109375
2026-04-15,698.1414184570312
2026-04-16,699.8569946289062
2026-04-17,708.3152465820312
2026-04-20,706.8988037109375
2026-04-21,702.2708129882812
2026-04-22,709.3825073242188
2026-04-23,706.6295776367188
2026-04-24,712.10546875
2026-04-27,713.332275390625
2026-04-28,709.8612060546875
2026-04-29,709.7515258789062
2026-04-30,716.8132934570312
2026-05-01,718.7982177734375
2026-05-04,716.1649780273438
2026-05-05,721.9102172851562
2026-05-06,731.9443359375
2026-05-07,729.7001342773438
2026-05-08,735.724609375
2026-05-11,737.4002685546875
2026-05-12,736.2831420898438
2026-05-13,740.4025268554688
2026-05-14,746.2474975585938
2026-05-15,737.2706298828125
2026-05-18,736.751953125
2026-05-19,731.8446044921875
2026-05-20,739.3452758789062
2026-05-21,740.8114624023438
2026-05-22,743.7239990234375
2026-05-26,748.6613159179688
2026-05-27,748.5316162109375
2026-05-28,752.6609497070312
2026-05-29,754.5361328125
2026-06-01,756.5908203125
2026-06-02,757.6182250976562
2026-06-03,752.3018798828125
2026-06-04,755.1445922851562
2026-06-05,735.65478515625
2026-06-08,737.3204345703125
2026-06-09,735.1560668945312
2026-06-10,723.56591796875
2026-06-11,735.8642578125
2026-06-12,739.843994140625
2026-06-15,752.890380859375
2026-06-16,748.4019775390625
2026-06-17,739.0560302734375
2026-06-18,746.739990234375
2026-06-22,744.3900146484375
2026-06-23,733.5800170898438
2026-06-24,733.239990234375
2026-06-25,734.2999877929688
2026-06-26,728.989990234375
2026-06-29,741.0
2026-06-30,746.77001953125
2026-07-01,745.760009765625
2026-07-02,744.780029296875
2026-07-06,751.280029296875
2026-07-07,747.7100219726562
2026-07-08,745.4000244140625
2026-07-09,751.7100219726562
2026-07-10,754.9500122070312
2026-07-13,749.1699829101562
2026-07-14,751.8300170898438
2026-07-15,754.8099975585938
2026-07-16,750.719970703125
2026-07-17,743.2899780273438
2026-07-20,742.0900268554688
2026-07-21,748.280029296875
2026-07-22,747.4099731445312
2026-07-23,738.1799926757812
2026-07-24,738.9299926757812
2026-07-27,739.0900268554688
2026-07-28,740.8599853515625
2026-07-29,729.4600219726562
2026-07-30,741.6900024414062
2026-07-31,747.030029296875
2026-08-03,757.6699829101562
2026-08-04,771.3300170898438
2026-08-05,769.77001953125
