Date,Close
2011-01-03,96.67911529541016
2011-01-04,96.62584686279297
2011-01-05,97.12806701660156
2011-01-06,96.93782806396484
2011-01-07,96.74760437011719
2011-01-10,96.62584686279297
2011-01-11,96.96826934814453
2011-01-12,97.8433609008789
2011-01-13,97.6835708618164
2011-01-14,98.39128112792969
2011-01-18,98.55863952636719
2011-01-19,97.59223937988281
2011-01-20,97.46285247802734
2011-01-21,97.6835708618164
2011-01-24,98.23904418945312
2011-01-25,98.2923355102539
2011-01-26,98.67281341552734
2011-01-27,98.91632843017578
2011-01-28,97.18891906738281
2011-01-31,97.91944122314453
2011-02-01,99.48702239990234
2011-02-02,99.2967758178711
2011-02-03,99.51741790771484
2011-02-04,99.79895782470703
2011-02-07,100.4229965209961
2011-02-08,100.8795394897461
2011-02-09,100.65129089355469
2011-02-10,100.6893081665039
2011-02-11,101.29047393798828
2011-02-14,101.53395080566406
2011-02-15,101.2143783569336
2011-02-16,101.85357666015625
2011-02-17,102.15797424316406
2011-02-18,102.37102508544922
2011-02-22,100.3164291381836
2011-02-23,99.70008087158203
2011-02-24,99.63158416748047
2011-02-25,100.69693756103516
2011-02-28,101.32090759277344
2011-03-01,99.63158416748047
2011-03-02,99.84468078613281
2011-03-03,101.56439971923828
2011-03-04,100.80348205566406
2011-03-07,100.01205444335938
2011-03-08,100.8871841430664
2011-03-09,100.74260711669922
2011-03-10,98.87824249267578
2011-03-11,99.56306457519531
2011-03-14,98.96195983886719
2011-03-15,97.82814025878906
2011-03-16,96.01708221435547
2011-03-17,97.28785705566406
2011-03-18,97.6417236328125
2011-03-21,99.15496063232422
2011-03-22,98.81103515625
2011-03-23,99.09382629394531
2011-03-24,100.0414810180664
2011-03-25,100.34722137451172
2011-03-28,100.1026382446289
2011-03-29,100.77518463134766
2011-03-30,101.47064208984375
2011-03-31,101.3331069946289
2011-04-01,101.76104736328125
2011-04-04,101.84512329101562
2011-04-05,101.82984161376953
2011-04-06,102.1508560180664
2011-04-07,101.89102935791016
2011-04-08,101.53942108154297
2011-04-11,101.23373413085938
2011-04-12,100.4771499633789
2011-04-13,100.46949768066406
2011-04-14,100.5458984375
2011-04-15,100.91273498535156
2011-04-18,99.78164672851562
2011-04-19,100.35482788085938
2011-04-20,101.7228775024414
2011-04-21,102.24256134033203
2011-04-25,102.13554382324219
2011-04-26,103.01447296142578
2011-04-27,103.68699645996094
2011-04-28,104.02327728271484
2011-04-29,104.26785278320312
2011-05-02,104.10733795166016
2011-05-03,103.73287963867188
2011-05-04,103.0450210571289
2011-05-05,102.11262512207031
2011-05-06,102.56353759765625
2011-05-09,102.9609375
2011-05-10,103.83982849121094
2011-05-11,102.74697875976562
2011-05-12,103.23606872558594
2011-05-13,102.44125366210938
2011-05-16,101.79163360595703
2011-05-17,101.77635192871094
2011-05-18,102.68583679199219
2011-05-19,102.93038177490234
2011-05-20,102.11262512207031
2011-05-23,100.92803955078125
2011-05-24,100.84397888183594
2011-05-25,101.18025207519531
2011-05-26,101.64643859863281
2011-05-27,102.03617095947266
2011-05-31,103.09854125976562
2011-06-01,100.78279113769531
2011-06-02,100.67582702636719
2011-06-03,99.67465209960938
2011-06-06,98.61994934082031
2011-06-07,98.55885314941406
2011-06-08,98.14612579345703
2011-06-09,98.89509582519531
2011-06-10,97.51941680908203
2011-06-13,97.59583282470703
2011-06-14,98.83396911621094
2011-06-15,97.0761489868164
2011-06-16,97.2901840209961
2011-06-17,97.58048248291016
2011-06-20,98.07968139648438
2011-06-21,99.42378234863281
2011-06-22,98.82471466064453
2011-06-23,98.54055786132812
2011-06-24,97.39615631103516
2011-06-27,98.2640380859375
2011-06-28,99.54669952392578
2011-06-29,100.39921569824219
2011-06-30,101.35928344726562
2011-07-01,102.85697937011719
2011-07-05,102.77247619628906
2011-07-06,102.8953857421875
2011-07-07,103.96295928955078
2011-07-08,103.22564697265625
2011-07-11,101.35928344726562
2011-07-12,100.92149353027344
2011-07-13,101.25941467285156
2011-07-14,100.56048583984375
2011-07-15,101.14425659179688
2011-07-18,100.3147201538086
2011-07-19,101.9430160522461
2011-07-20,101.88157653808594
2011-07-21,103.29476165771484
2011-07-22,103.36388397216797
2011-07-25,102.7878189086914
2011-07-26,102.40384674072266
2011-07-27,100.30707550048828
2011-07-28,100.01519012451172
2011-07-29,99.3316421508789
2011-08-01,98.90919494628906
2011-08-02,96.38233184814453
2011-08-03,96.90461730957031
2011-08-04,92.36544036865234
2011-08-05,92.22715759277344
2011-08-08,86.22105407714844
2011-08-09,90.23025512695312
2011-08-10,86.24411010742188
2011-08-11,90.11505889892578
2011-08-12,90.7218246459961
2011-08-15,92.64191436767578
2011-08-16,91.8508529663086
2011-08-17,91.91230010986328
2011-08-18,87.94914245605469
2011-08-19,86.51292419433594
2011-08-22,86.58201599121094
2011-08-23,89.43147277832031
2011-08-24,90.69107818603516
2011-08-25,89.30862426757812
2011-08-26,90.60661315917969
2011-08-29,93.21028137207031
2011-08-30,93.45606994628906
2011-08-31,93.87081146240234
2011-09-01,92.88774108886719
2011-09-02,90.51443481445312
2011-09-06,89.85391235351562
2011-09-07,92.38846588134766
2011-09-08,91.42842102050781
2011-09-09,89.0321044921875
2011-09-12,89.608154296875
2011-09-13,90.42996978759766
2011-09-14,91.68186950683594
2011-09-15,93.26406860351562
2011-09-16,93.81605529785156
2011-09-19,92.88194274902344
2011-09-20,92.77381896972656
2011-09-21,90.04083251953125
2011-09-22,87.13034057617188
2011-09-23,87.6552963256836
2011-09-26,89.73979187011719
2011-09-27,90.74339294433594
2011-09-28,88.89058685302734
2011-09-29,89.59310913085938
2011-09-30,87.3542251586914
2011-10-03,84.86831665039062
2011-10-04,86.7288818359375
2011-10-05,88.33468627929688
2011-10-06,89.93278503417969
2011-10-07,89.33060455322266
2011-10-10,92.31836700439453
2011-10-11,92.41095733642578
2011-10-12,93.22160339355469
2011-10-13,93.03630828857422
2011-10-14,94.62667083740234
2011-10-17,92.82014465332031
2011-10-18,94.63438415527344
2011-10-19,93.51496124267578
2011-10-20,93.92413330078125
2011-10-21,95.70751190185547
2011-10-24,96.8809814453125
2011-10-25,94.9972152709961
2011-10-26,95.96228790283203
2011-10-27,99.30510711669922
2011-10-28,99.28197479248047
2011-10-31,96.8886947631836
2011-11-01,94.18660736083984
2011-11-02,95.72293853759766
2011-11-03,97.46770477294922
2011-11-04,96.87325286865234
2011-11-07,97.47541046142578
2011-11-08,98.72611236572266
2011-11-09,95.08216094970703
2011-11-10,95.9776840209961
2011-11-11,97.78425598144531
2011-11-14,96.85779571533203
2011-11-15,97.33647155761719
2011-11-16,95.79241943359375
2011-11-17,94.27153778076172
2011-11-18,94.17118835449219
2011-11-21,92.38008880615234
2011-11-22,92.01722717285156
2011-11-23,89.98681640625
2011-11-25,89.8169937133789
2011-11-28,92.41866302490234
2011-11-29,92.68115997314453
2011-11-30,96.49496459960938
2011-12-01,96.47949981689453
2011-12-02,96.39459228515625
2011-12-05,97.44454956054688
2011-12-06,97.47541046142578
2011-12-07,97.83829498291016
2011-12-08,95.69204711914062
2011-12-09,97.3133316040039
2011-12-12,95.89279174804688
2011-12-13,94.9972152709961
2011-12-14,93.98587799072266
2011-12-15,94.32557678222656
2011-12-16,94.4654312133789
2011-12-19,93.45541381835938
2011-12-20,96.28340911865234
2011-12-21,96.46986389160156
2011-12-22,97.324462890625
2011-12-23,98.19462585449219
2011-12-27,98.27229309082031
2011-12-28,96.98262786865234
2011-12-29,97.98487091064453
2011-12-30,97.50316619873047
2012-01-03,99.05699157714844
2012-01-04,99.21240997314453
2012-01-05,99.47653198242188
2012-01-06,99.22015380859375
2012-01-09,99.46100616455078
2012-01-10,100.32341766357422
2012-01-11,100.37775421142578
2012-01-12,100.61856842041016
2012-01-13,100.09808349609375
2012-01-17,100.48652648925781
2012-01-18,101.59754180908203
2012-01-19,102.13362884521484
2012-01-20,102.5142593383789
2012-01-23,102.2501220703125
2012-01-24,102.13362884521484
2012-01-25,102.98819732666016
2012-01-26,102.45990753173828
2012-01-27,102.41329193115234
2012-01-30,102.06365966796875
2012-01-31,102.02483367919922
2012-02-01,102.91828155517578
2012-02-02,103.08142852783203
2012-02-03,104.52651977539062
2012-02-06,104.45659637451172
2012-02-07,104.7207260131836
2012-02-08,105.03150939941406
2012-02-09,105.16358184814453
2012-02-10,104.38668060302734
2012-02-13,105.16358184814453
2012-02-14,105.03150939941406
2012-02-15,104.54206848144531
2012-02-16,105.69965362548828
2012-02-17,105.9793930053711
2012-02-21,106.02594757080078
2012-02-22,105.68413543701172
2012-02-23,106.15026092529297
2012-02-24,106.3833236694336
2012-02-27,106.56202697753906
2012-02-28,106.8728256225586
2012-02-29,106.45329284667969
2012-03-01,107.00489044189453
2012-03-02,106.67855072021484
2012-03-05,106.24348449707031
2012-03-06,104.68966674804688
2012-03-07,105.41996765136719
2012-03-08,106.46881103515625
2012-03-09,106.88058471679688
2012-03-12,106.88831329345703
2012-03-13,108.81507873535156
2012-03-14,108.69854736328125
2012-03-15,109.3278579711914
2012-03-16,109.47925567626953
2012-03-19,109.9084243774414
2012-03-20,109.5885238647461
2012-03-21,109.40902709960938
2012-03-22,108.62091827392578
2012-03-23,108.97200775146484
2012-03-26,110.50149536132812
2012-03-27,110.15815734863281
2012-03-28,109.61192321777344
2012-03-29,109.4246597290039
2012-03-30,109.87720489501953
2012-04-02,110.68092346191406
2012-04-03,110.22837829589844
2012-04-04,109.13587188720703
2012-04-05,109.08126068115234
2012-04-09,107.85618591308594
2012-04-10,106.04582214355469
2012-04-11,106.9041748046875
2012-04-12,108.30094909667969
2012-04-13,107.01342010498047
2012-04-16,106.94318389892578
2012-04-17,108.5272445678711
2012-04-18,108.16048431396484
2012-04-19,107.46602630615234
2012-04-20,107.64549255371094
2012-04-23,106.74029541015625
2012-04-24,107.14608764648438
2012-04-25,108.61309814453125
2012-04-26,109.3699722290039
2012-04-27,109.54949951171875
2012-04-30,109.14368438720703
2012-05-01,109.82260131835938
2012-05-02,109.49483489990234
2012-05-03,108.65992736816406
2012-05-04,106.9041748046875
2012-05-07,106.98224639892578
2012-05-08,106.55303192138672
2012-05-09,105.92100524902344
2012-05-10,106.13946533203125
2012-05-11,105.81951904296875
2012-05-14,104.64903259277344
2012-05-15,104.04817199707031
2012-05-16,103.65023040771484
2012-05-17,102.11305236816406
2012-05-18,101.23902130126953
2012-05-21,102.97917938232422
2012-05-22,103.15859985351562
2012-05-23,103.2132568359375
2012-05-24,103.41610717773438
2012-05-25,103.08061218261719
2012-05-29,104.32910919189453
2012-05-30,102.81526184082031
2012-05-31,102.58900451660156
2012-06-01,100.0061264038086
2012-06-04,99.95931243896484
2012-06-05,100.71622467041016
2012-06-06,102.97917938232422
2012-06-07,103.04156494140625
2012-06-08,103.8609390258789
2012-06-11,102.54219818115234
2012-06-12,103.72045135498047
2012-06-13,103.05718231201172
2012-06-14,104.14966583251953
2012-06-15,105.21482849121094
2012-06-18,105.41874694824219
2012-06-19,106.43843078613281
2012-06-20,106.2658920288086
2012-06-21,103.88140106201172
2012-06-22,104.68144989013672
2012-06-25,103.0029067993164
2012-06-26,103.52058410644531
2012-06-27,104.4539794921875
2012-06-28,104.15589904785156
2012-06-29,106.75216674804688
2012-07-02,107.0737533569336
2012-07-03,107.7796859741211
2012-07-05,107.29336547851562
2012-07-06,106.27367401123047
2012-07-09,106.14036560058594
2012-07-10,105.21482849121094
2012-07-11,105.23048400878906
2012-07-12,104.72067260742188
2012-07-13,106.4776611328125
2012-07-16,106.2266616821289
2012-07-17,106.95612335205078
2012-07-18,107.748291015625
2012-07-19,108.03069305419922
2012-07-20,107.04237365722656
2012-07-23,105.9599380493164
2012-07-24,105.05011749267578
2012-07-25,105.07363891601562
2012-07-26,106.80706787109375
2012-07-27,108.77584075927734
2012-07-30,108.77584075927734
2012-07-31,108.0150375366211
2012-08-01,107.9208755493164
2012-08-02,107.17573547363281
2012-08-03,109.30139923095703
2012-08-06,109.51313018798828
2012-08-07,110.06217193603516
2012-08-08,110.19549560546875
2012-08-09,110.28964233398438
2012-08-10,110.47004699707031
2012-08-13,110.41516876220703
2012-08-14,110.43081665039062
2012-08-15,110.55632781982422
2012-08-16,111.37207794189453
2012-08-17,111.52110290527344
2012-08-20,111.52894592285156
2012-08-21,111.19171905517578
2012-08-22,111.23875427246094
2012-08-23,110.32894134521484
2012-08-24,110.99555206298828
2012-08-27,111.01914978027344
2012-08-28,110.90933227539062
2012-08-29,110.99555206298828
2012-08-30,110.19549560546875
2012-08-31,110.7210693359375
2012-09-04,110.6191177368164
2012-09-05,110.52497100830078
2012-09-06,112.76827239990234
2012-09-07,113.20750427246094
2012-09-10,112.56432342529297
2012-09-11,112.87804412841797
2012-09-12,113.2545166015625
2012-09-13,114.98017120361328
2012-09-14,115.4900131225586
2012-09-17,115.09783172607422
2012-09-18,115.003662109375
2012-09-19,115.06641387939453
2012-09-20,115.07433319091797
2012-09-21,115.02620697021484
2012-09-24,114.85273742675781
2012-09-25,113.6304931640625
2012-09-26,112.99172973632812
2012-09-27,114.05623626708984
2012-09-28,113.5279541015625
2012-10-01,113.82759857177734
2012-10-02,113.94588470458984
2012-10-03,114.41112518310547
2012-10-04,115.23126220703125
2012-10-05,115.2391357421875
2012-10-08,114.84481048583984
2012-10-09,113.70932006835938
2012-10-10,112.98384857177734
2012-10-11,113.04692077636719
2012-10-12,112.67630767822266
2012-10-15,113.61467742919922
2012-10-16,114.7659683227539
2012-10-17,115.28640747070312
2012-10-18,114.9867935180664
2012-10-19,113.0705795288086
2012-10-22,113.08638763427734
2012-10-23,111.51709747314453
2012-10-24,111.20169830322266
2012-10-25,111.52500915527344
2012-10-26,111.46194458007812
2012-10-31,111.46194458007812
2012-11-01,112.62899780273438
2012-11-02,111.62748718261719
2012-11-05,111.85623168945312
2012-11-06,112.73151397705078
2012-11-07,110.1766128540039
2012-11-08,108.851806640625
2012-11-09,108.94649505615234
2012-11-12,109.0331802368164
2012-11-13,108.65469360351562
2012-11-14,107.18798828125
2012-11-15,107.00660705566406
2012-11-16,107.53495788574219
2012-11-19,109.71133422851562
2012-11-20,109.75865173339844
2012-11-21,109.96369171142578
2012-11-23,111.46194458007812
2012-11-26,111.22537994384766
2012-11-27,110.65763854980469
2012-11-28,111.54869842529297
2012-11-29,112.06907653808594
2012-11-30,112.09278869628906
2012-12-03,111.54075622558594
2012-12-04,111.38304901123047
2012-12-05,111.5801773071289
2012-12-06,111.95873260498047
2012-12-07,112.29777526855469
2012-12-10,112.34510803222656
2012-12-11,113.1099853515625
2012-12-12,113.16524505615234
2012-12-13,112.4713134765625
2012-12-14,112.0533218383789
2012-12-17,113.3702392578125
2012-12-18,114.63188934326172
2012-12-19,113.78028869628906
2012-12-20,114.43476867675781
2012-12-21,113.39605712890625
2012-12-24,113.04662322998047
2012-12-26,112.57011413574219
2012-12-27,112.41919708251953
2012-12-28,111.20418548583984
2012-12-31,113.09423828125
2013-01-02,115.99288177490234
2013-01-03,115.7308349609375
2013-01-04,116.23906707763672
2013-01-07,115.92141723632812
2013-01-08,115.58785247802734
2013-01-09,115.88170623779297
2013-01-10,116.80294799804688
2013-01-11,116.79501342773438
2013-01-14,116.715576171875
2013-01-15,116.79501342773438
2013-01-16,116.77911376953125
2013-01-17,117.53352355957031
2013-01-18,117.79559326171875
2013-01-22,118.430908203125
2013-01-23,118.62150573730469
2013-01-24,118.65328216552734
2013-01-25,119.32032012939453
2013-01-28,119.17737579345703
2013-01-29,119.64598083496094
2013-01-30,119.17737579345703
2013-01-31,118.88360595703125
2013-02-01,120.10655212402344
2013-02-04,118.75653076171875
2013-02-05,119.95565032958984
2013-02-06,120.04306030273438
2013-02-07,119.88423919677734
2013-02-08,120.55125427246094
2013-02-11,120.52750396728516
2013-02-12,120.72601318359375
2013-02-13,120.82921600341797
2013-02-14,120.94042205810547
2013-02-15,120.7974853515625
2013-02-19,121.70277404785156
2013-02-20,120.18598175048828
2013-02-21,119.45535278320312
2013-02-22,120.62278747558594
2013-02-25,118.32765197753906
2013-02-26,119.13772583007812
2013-02-27,120.6386489868164
2013-02-28,120.40045166015625
2013-03-01,120.7974853515625
2013-03-04,121.44075775146484
2013-03-05,122.52865600585938
2013-03-06,122.69546508789062
2013-03-07,122.91786193847656
2013-03-08,123.4419937133789
2013-03-11,123.91055297851562
2013-03-12,123.6325454711914
2013-03-13,123.80723571777344
2013-03-14,124.4664077758789
2013-03-15,124.30207061767578
2013-03-18,123.61605072021484
2013-03-19,123.3288803100586
2013-03-20,124.19042205810547
2013-03-21,123.12944793701172
2013-03-22,124.11865234375
2013-03-25,123.60015106201172
2013-03-26,124.58924865722656
2013-03-27,124.58924865722656
2013-03-28,124.97212982177734
2013-04-01,124.47757720947266
2013-04-02,125.0917739868164
2013-04-03,123.82350158691406
2013-04-04,124.32604217529297
2013-04-05,123.76769256591797
2013-04-08,124.60521697998047
2013-04-09,125.03595733642578
2013-04-10,126.5675277709961
2013-04-11,126.98228454589844
2013-04-12,126.67117309570312
2013-04-15,123.7357177734375
2013-04-16,125.56244659423828
2013-04-17,123.72774505615234
2013-04-18,122.95402526855469
2013-04-19,124.02291870117188
2013-04-22,124.57330322265625
2013-04-23,125.85759735107422
2013-04-24,125.93733978271484
2013-04-25,126.44783782958984
2013-04-26,126.2244873046875
2013-04-29,127.0700912475586
2013-04-30,127.37318420410156
2013-05-01,126.2564697265625
2013-05-02,127.42901611328125
2013-05-03,128.72122192382812
2013-05-06,129.0482635498047
2013-05-07,129.702392578125
2013-05-08,130.29263305664062
2013-05-09,129.92575073242188
2013-05-10,130.34852600097656
2013-05-13,130.4522247314453
2013-05-14,131.8003387451172
2013-05-15,132.51019287109375
2013-05-16,131.88800048828125
2013-05-17,133.16427612304688
2013-05-20,133.1563262939453
2013-05-21,133.34776306152344
2013-05-22,132.358642578125
2013-05-23,131.97573852539062
2013-05-24,131.86412048339844
2013-05-28,132.65380859375
2013-05-29,131.79226684570312
2013-05-30,132.27883911132812
2013-05-31,130.38037109375
2013-06-03,131.0983123779297
2013-06-04,130.4681396484375
2013-06-05,128.64146423339844
2013-06-06,129.80604553222656
2013-06-07,131.45730590820312
2013-06-10,131.45730590820312
2013-06-11,130.10125732421875
2013-06-12,129.02430725097656
2013-06-13,130.98667907714844
2013-06-14,130.1650390625
2013-06-17,131.17010498046875
2013-06-18,132.2070770263672
2013-06-19,130.38037109375
2013-06-20,127.14982604980469
2013-06-21,127.5579605102539
2013-06-24,125.9461898803711
2013-06-25,127.15696716308594
2013-06-26,128.41600036621094
2013-06-27,129.16973876953125
2013-06-28,128.64053344726562
2013-07-01,129.39430236816406
2013-07-02,129.2740478515625
2013-07-03,129.3301544189453
2013-07-05,130.72547912597656
2013-07-08,131.4712371826172
2013-07-09,132.41748046875
2013-07-10,132.46554565429688
2013-07-11,134.26988220214844
2013-07-12,134.3260040283203
2013-07-15,134.83926391601562
2013-07-16,134.33401489257812
2013-07-17,134.67881774902344
2013-07-18,135.4165802001953
2013-07-19,135.65719604492188
2013-07-22,135.92172241210938
2013-07-23,135.63311767578125
2013-07-24,135.1359100341797
2013-07-25,135.46473693847656
2013-07-26,135.60902404785156
2013-07-29,135.19203186035156
2013-07-30,135.19203186035156
2013-07-31,135.2882080078125
2013-08-01,136.85203552246094
2013-08-02,137.0845184326172
2013-08-05,136.88406372070312
2013-08-06,136.10618591308594
2013-08-07,135.66517639160156
2013-08-08,136.162353515625
2013-08-09,135.76943969726562
2013-08-12,135.60902404785156
2013-08-13,136.00994873046875
2013-08-14,135.31231689453125
2013-08-15,133.41989135742188
2013-08-16,132.97877502441406
2013-08-19,132.12879943847656
2013-08-20,132.77835083007812
2013-08-21,131.96034240722656
2013-08-22,133.1632080078125
2013-08-23,133.6123809814453
2013-08-26,133.11512756347656
2013-08-27,130.97406005859375
2013-08-28,131.43914794921875
2013-08-29,131.64764404296875
2013-08-30,131.23069763183594
2013-09-03,131.82412719726562
2013-09-04,132.91468811035156
2013-09-05,133.08309936523438
2013-09-06,133.14720153808594
2013-09-09,134.42227172851562
2013-09-10,135.4165802001953
2013-09-11,135.84158325195312
2013-09-12,135.48077392578125
2013-09-13,135.78549194335938
2013-09-16,136.57131958007812
2013-09-17,137.1807861328125
2013-09-18,138.7685546875
2013-09-19,138.5359344482422
2013-09-20,137.56739807128906
2013-09-23,136.9307861328125
2013-09-24,136.6084747314453
2013-09-25,136.21360778808594
2013-09-26,136.7374267578125
2013-09-27,136.1089324951172
2013-09-30,135.38368225097656
2013-10-01,136.45535278320312
2013-10-02,136.32644653320312
2013-10-03,135.0693817138672
2013-10-04,136.09275817871094
2013-10-07,134.91629028320312
2013-10-08,133.34495544433594
2013-10-09,133.44168090820312
2013-10-10,136.31842041015625
2013-10-11,137.19674682617188
2013-10-14,137.74468994140625
2013-10-15,136.7454376220703
2013-10-16,138.65524291992188
2013-10-17,139.58192443847656
2013-10-18,140.52471923828125
2013-10-21,140.53274536132812
2013-10-22,141.3466339111328
2013-10-23,140.66976928710938
2013-10-24,141.13710021972656
2013-10-25,141.78170776367188
2013-10-28,142.00738525390625
2013-10-29,142.7648162841797
2013-10-30,142.05572509765625
2013-10-31,141.65286254882812
2013-11-01,141.99127197265625
2013-11-04,142.49087524414062
2013-11-05,142.03964233398438
2013-11-06,142.7648162841797
2013-11-07,140.95982360839844
2013-11-08,142.86155700683594
2013-11-11,142.88572692871094
2013-11-12,142.59564208984375
2013-11-13,143.73988342285156
2013-11-14,144.45704650878906
2013-11-15,145.08560180664062
2013-11-18,144.5779571533203
2013-11-19,144.26364135742188
2013-11-20,143.81231689453125
2013-11-21,144.97274780273438
2013-11-22,145.697998046875
2013-11-25,145.55294799804688
2013-11-26,145.59324645996094
2013-11-27,145.9477996826172
2013-11-29,145.8511505126953
2013-12-02,145.47239685058594
2013-12-03,144.8437957763672
2013-12-04,144.8277130126953
2013-12-05,144.19113159179688
2013-12-06,145.80271911621094
2013-12-09,146.17340087890625
2013-12-10,145.64964294433594
2013-12-11,144.01385498046875
2013-12-12,143.53846740722656
2013-12-13,143.52235412597656
2013-12-16,144.41671752929688
2013-12-17,143.95741271972656
2013-12-18,146.4151611328125
2013-12-19,146.24594116210938
2013-12-20,147.09666442871094
2013-12-23,147.88247680664062
2013-12-24,148.20660400390625
2013-12-26,148.96006774902344
2013-12-27,148.95191955566406
2013-12-30,148.92770385742188
2013-12-31,149.63247680664062
2014-01-02,148.19851684570312
2014-01-03,148.1741485595703
2014-01-06,147.74478149414062
2014-01-07,148.65213012695312
2014-01-08,148.6845703125
2014-01-09,148.78184509277344
2014-01-10,149.18687438964844
2014-01-13,147.2019500732422
2014-01-14,148.8060760498047
2014-01-15,149.6082000732422
2014-01-16,149.4137420654297
2014-01-17,148.78184509277344
2014-01-21,149.21929931640625
2014-01-22,149.3165283203125
2014-01-23,148.09312438964844
2014-01-24,144.9333953857422
2014-01-27,144.2205352783203
2014-01-28,145.07928466796875
2014-01-29,143.68569946289062
2014-01-30,145.20889282226562
2014-01-31,144.35824584960938
2014-02-03,141.10935974121094
2014-02-04,142.0978240966797
2014-02-05,141.91954040527344
2014-02-06,143.79107666015625
2014-02-07,145.57347106933594
2014-02-10,145.8408203125
2014-02-11,147.4368438720703
2014-02-12,147.50990295410156
2014-02-13,148.27139282226562
2014-02-14,149.08970642089844
2014-02-18,149.2678680419922
2014-02-19,148.2794647216797
2014-02-20,149.15447998046875
2014-02-21,148.9843292236328
2014-02-24,149.81072998046875
2014-02-25,149.75396728515625
2014-02-26,149.76210021972656
2014-02-27,150.5480194091797
2014-02-28,150.92874145507812
2014-03-03,149.86741638183594
2014-03-04,151.9739532470703
2014-03-05,152.1116180419922
2014-03-06,152.4600372314453
2014-03-07,152.52481079101562
2014-03-10,152.44381713867188
2014-03-11,151.69033813476562
2014-03-12,151.7308807373047
2014-03-13,150.02951049804688
2014-03-14,149.6082000732422
2014-03-17,150.96121215820312
2014-03-18,152.03871154785156
2014-03-19,151.228515625
2014-03-20,152.1116180419922
2014-03-21,151.5216522216797
2014-03-24,150.89505004882812
2014-03-25,151.6111602783203
2014-03-26,150.5207977294922
2014-03-27,150.20338439941406
2014-03-28,150.94387817382812
2014-03-31,152.18081665039062
2014-04-01,153.18991088867188
2014-04-02,153.7025146484375
2014-04-03,153.4990997314453
2014-04-04,151.68435668945312
2014-04-07,150.00807189941406
2014-04-08,150.6265106201172
2014-04-09,152.24591064453125
2014-04-10,149.04786682128906
2014-04-11,147.70513916015625
2014-04-14,148.8688507080078
2014-04-15,149.8941650390625
2014-04-16,151.46473693847656
2014-04-17,151.67633056640625
2014-04-21,152.20518493652344
2014-04-22,152.8969268798828
2014-04-23,152.53887939453125
2014-04-24,152.84812927246094
2014-04-25,151.59494018554688
2014-04-28,152.0750274658203
2014-04-29,152.78298950195312
2014-04-30,153.2387237548828
2014-05-01,153.25497436523438
2014-05-02,153.03526306152344
2014-05-05,153.32823181152344
2014-05-06,151.99363708496094
2014-05-07,152.88882446289062
2014-05-08,152.72605895996094
2014-05-09,152.95388793945312
2014-05-12,154.44305419921875
2014-05-13,154.58135986328125
2014-05-14,153.8490447998047
2014-05-15,152.49819946289062
2014-05-16,153.0271453857422
2014-05-19,153.58860778808594
2014-05-20,152.62026977539062
2014-05-21,153.90602111816406
2014-05-22,154.28030395507812
2014-05-23,154.89877319335938
2014-05-27,155.85092163085938
2014-05-28,155.7369384765625
2014-05-29,156.5425567626953
2014-05-30,156.79483032226562
2014-06-02,156.97390747070312
2014-06-03,156.89244079589844
2014-06-04,157.20980834960938
2014-06-05,158.2351837158203
2014-06-06,158.99195861816406
2014-06-09,159.1547088623047
2014-06-10,159.17098999023438
2014-06-11,158.6176300048828
2014-06-12,157.49464416503906
2014-06-13,157.9748077392578
2014-06-16,158.10498046875
2014-06-17,158.54441833496094
2014-06-18,159.7080841064453
2014-06-19,159.88710021972656
2014-06-20,160.21168518066406
2014-06-23,160.1626434326172
2014-06-24,159.19778442382812
2014-06-25,159.91734313964844
2014-06-26,159.80288696289062
2014-06-27,160.11363220214844
2014-06-30,160.0317840576172
2014-07-01,161.10296630859375
2014-07-02,161.26646423339844
2014-07-03,162.05963134765625
2014-07-07,161.4954071044922
2014-07-08,160.45701599121094
2014-07-09,161.17652893066406
2014-07-10,160.53878784179688
2014-07-11,160.759521484375
2014-07-14,161.5689697265625
2014-07-15,161.26646423339844
2014-07-16,161.8633575439453
2014-07-17,160.023681640625
2014-07-18,161.6589813232422
2014-07-21,161.35643005371094
2014-07-22,162.05963134765625
2014-07-23,162.41940307617188
2014-07-24,162.42758178710938
2014-07-25,161.66714477539062
2014-07-28,161.7325439453125
2014-07-29,161.0375518798828
2014-07-30,161.06207275390625
2014-07-31,157.88137817382812
2014-08-01,157.39895629882812
2014-08-04,158.53553771972656
2014-08-05,156.99830627441406
2014-08-06,157.04737854003906
2014-08-07,156.19700622558594
2014-08-08,158.00401306152344
2014-08-11,158.4619140625
2014-08-12,158.24118041992188
2014-08-13,159.31227111816406
2014-08-14,160.0645294189453
2014-08-15,160.0317840576172
2014-08-18,161.37277221679688
2014-08-19,162.21493530273438
2014-08-20,162.64830017089844
2014-08-21,163.1226043701172
2014-08-22,162.8690948486328
2014-08-25,163.69497680664062
2014-08-26,163.8011932373047
2014-08-27,163.73580932617188
2014-08-28,163.64584350585938
2014-08-29,164.11196899414062
2014-09-02,164.03012084960938
2014-09-03,163.940185546875
2014-09-04,163.703125
2014-09-05,164.43894958496094
2014-09-08,164.01380920410156
2014-09-09,162.97535705566406
2014-09-10,163.588623046875
2014-09-11,163.7766876220703
2014-09-12,162.8199920654297
2014-09-15,162.69737243652344
2014-09-16,163.92385864257812
2014-09-17,164.1446075439453
2014-09-18,165.01954650878906
2014-09-19,164.870849609375
2014-09-22,163.59756469726562
2014-09-23,162.66110229492188
2014-09-24,163.93435668945312
2014-09-25,161.28919982910156
2014-09-26,162.5706787109375
2014-09-29,162.27500915527344
2014-09-30,161.8478240966797
2014-10-01,159.65440368652344
2014-10-02,159.67913818359375
2014-10-03,161.4370880126953
2014-10-06,161.24810791015625
2014-10-07,158.759033203125
2014-10-08,161.53565979003906
2014-10-09,158.33181762695312
2014-10-10,156.5245819091797
2014-10-13,153.9534149169922
2014-10-14,154.19161987304688
2014-10-15,153.14833068847656
2014-10-16,153.01690673828125
2014-10-17,154.8241729736328
2014-10-20,156.3274383544922
2014-10-21,159.42445373535156
2014-10-22,158.290771484375
2014-10-23,160.130859375
2014-10-24,161.36309814453125
2014-10-27,161.141357421875
2014-10-28,162.9896240234375
2014-10-29,162.7431640625
2014-10-30,163.78651428222656
2014-10-31,165.6594696044922
2014-11-03,165.7498016357422
2014-11-04,165.17481994628906
2014-11-05,166.21810913085938
2014-11-06,166.88348388671875
2014-11-07,167.03952026367188
2014-11-10,167.56527709960938
2014-11-11,167.72962951660156
2014-11-12,167.5488739013672
2014-11-13,167.7378387451172
2014-11-14,167.7788543701172
2014-11-17,167.88571166992188
2014-11-18,168.85494995117188
2014-11-19,168.5839385986328
2014-11-20,168.87966918945312
2014-11-21,169.78329467773438
2014-11-24,170.259765625
2014-11-25,170.1365509033203
2014-11-26,170.57192993164062
2014-11-28,170.21044921875
2014-12-01,169.0275421142578
2014-12-02,170.1201171875
2014-12-03,170.77731323242188
2014-12-04,170.5883331298828
2014-12-05,170.86767578125
2014-12-08,169.72576904296875
2014-12-09,169.6107635498047
2014-12-10,166.89169311523438
2014-12-11,167.7378387451172
2014-12-12,165.02691650390625
2014-12-15,163.893310546875
2014-12-16,162.57891845703125
2014-12-17,165.7662353515625
2014-12-18,169.86544799804688
2014-12-19,170.58819580078125
2014-12-22,171.37294006347656
2014-12-23,171.6042022705078
2014-12-24,171.62074279785156
2014-12-26,172.1741485595703
2014-12-29,172.4054718017578
2014-12-30,171.48031616210938
2014-12-31,169.77867126464844
2015-01-02,169.6877899169922
2015-01-05,166.62332153320312
2015-01-06,165.0539093017578
2015-01-07,167.1106719970703
2015-01-08,170.07608032226562
2015-01-09,168.7131805419922
2015-01-12,167.3915557861328
2015-01-13,166.920654296875
2015-01-14,165.9130096435547
2015-01-15,164.39309692382812
2015-01-16,166.54898071289062
2015-01-20,166.90415954589844
2015-01-21,167.7467041015625
2015-01-22,170.24130249023438
2015-01-23,169.3079071044922
2015-01-26,169.70437622070312
2015-01-27,167.4658966064453
2015-01-28,165.31822204589844
2015-01-29,166.84632873535156
2015-01-30,164.748291015625
2015-02-02,166.78854370117188
2015-02-03,169.20053100585938
2015-02-04,168.5562286376953
2015-02-05,170.2578125
2015-02-06,169.7869110107422
2015-02-09,169.02703857421875
2015-02-10,170.8277587890625
2015-02-11,170.9268341064453
2015-02-12,172.5706024169922
2015-02-13,173.28097534179688
2015-02-17,173.55360412597656
2015-02-18,173.5701141357422
2015-02-19,173.44615173339844
2015-02-20,174.48699951171875
2015-02-23,174.4622039794922
2015-02-24,174.95782470703125
2015-02-25,174.80914306640625
2015-02-26,174.60260009765625
2015-02-27,174.00790405273438
2015-03-02,175.10647583007812
2015-03-03,174.3878173828125
2015-03-04,173.65272521972656
2015-03-05,173.84271240234375
2015-03-06,171.39768981933594
2015-03-09,172.1081085205078
2015-03-10,169.3161163330078
2015-03-11,168.91961669921875
2015-03-12,171.0673065185547
2015-03-13,170.01821899414062
2015-03-16,172.28977966308594
2015-03-17,171.77769470214844
2015-03-18,173.84271240234375
2015-03-19,173.04966735839844
2015-03-20,174.57720947265625
2015-03-23,174.237060546875
2015-03-24,173.25802612304688
2015-03-25,170.7191162109375
2015-03-26,170.31253051757812
2015-03-27,170.70254516601562
2015-03-30,172.78501892089844
2015-03-31,171.27499389648438
2015-04-01,170.6693115234375
2015-04-02,171.28330993652344
2015-04-06,172.43655395507812
2015-04-07,171.9802703857422
2015-04-08,172.56103515625
2015-04-09,173.32431030273438
2015-04-10,174.2701873779297
2015-04-13,173.48196411132812
2015-04-14,173.81387329101562
2015-04-15,174.59376525878906
2015-04-16,174.5440216064453
2015-04-17,172.53611755371094
2015-04-20,174.11256408691406
2015-04-21,173.90513610839844
2015-04-22,174.75973510742188
2015-04-23,175.19949340820312
2015-04-24,175.6060333251953
2015-04-27,174.87591552734375
2015-04-28,175.43182373046875
2015-04-29,174.70997619628906
2015-04-30,172.9593048095703
2015-05-01,174.83438110351562
2015-05-04,175.33226013183594
2015-05-05,173.32431030273438
2015-05-06,172.61087036132812
2015-05-07,173.2994842529297
2015-05-08,175.5811767578125
2015-05-11,174.7431182861328
2015-05-12,174.22044372558594
2015-05-13,174.25360107421875
2015-05-14,176.0706329345703
2015-05-15,176.2615509033203
2015-05-18,176.8090362548828
2015-05-19,176.75099182128906
2015-05-20,176.62657165527344
2015-05-21,177.1409912109375
2015-05-22,176.71786499023438
2015-05-26,174.8178253173828
2015-05-27,176.4772491455078
2015-05-28,176.27806091308594
2015-05-29,175.18289184570312
2015-06-01,175.53968811035156
2015-06-02,175.3654327392578
2015-06-03,175.83006286621094
2015-06-04,174.34490966796875
2015-06-05,174.0461883544922
2015-06-08,172.9759063720703
2015-06-09,172.95095825195312
2015-06-10,175.0252227783203
2015-06-11,175.58944702148438
2015-06-12,174.245361328125
2015-06-15,173.49856567382812
2015-06-16,174.44447326660156
2015-06-17,174.7266082763672
2015-06-18,176.54360961914062
2015-06-19,175.75985717773438
2015-06-22,176.6602783203125
2015-06-23,176.78538513183594
2015-06-24,175.5013885498047
2015-06-25,174.96786499023438
2015-06-26,174.9344940185547
2015-06-29,171.2660675048828
2015-06-30,171.62457275390625
2015-07-01,173.00025939941406
2015-07-02,172.84181213378906
2015-07-06,172.34991455078125
2015-07-07,173.4337158203125
2015-07-08,170.52406311035156
2015-07-09,170.83250427246094
2015-07-10,172.98348999023438
2015-07-13,174.892822265625
2015-07-14,175.6514892578125
2015-07-15,175.5930938720703
2015-07-16,177.00213623046875
2015-07-17,177.1522216796875
2015-07-20,177.24392700195312
2015-07-21,176.5435791015625
2015-07-22,176.226806640625
2015-07-23,175.2345733642578
2015-07-24,173.4170684814453
2015-07-27,172.40821838378906
2015-07-28,174.52587890625
2015-07-29,175.7265625
2015-07-30,175.76820373535156
2015-07-31,175.5013885498047
2015-08-03,174.90945434570312
2015-08-04,174.56765747070312
2015-08-05,175.14295959472656
2015-08-06,173.70889282226562
2015-08-07,173.37542724609375
2015-08-10,175.55979919433594
2015-08-11,173.9756622314453
2015-08-12,174.18411254882812
2015-08-13,173.9673309326172
2015-08-14,174.6009979248047
2015-08-17,175.57647705078125
2015-08-18,175.06784057617188
2015-08-19,173.68389892578125
2015-08-20,170.05715942382812
2015-08-21,164.93800354003906
2015-08-24,157.992919921875
2015-08-25,156.1337127685547
2015-08-26,162.12828063964844
2015-08-27,166.13856506347656
2015-08-28,166.14694213867188
2015-08-31,164.80462646484375
2015-09-01,159.8855438232422
2015-09-02,162.92037963867188
2015-09-03,163.03704833984375
2015-09-04,160.5692138671875
2015-09-08,164.6044921875
2015-09-09,162.40342712402344
2015-09-10,163.2871856689453
2015-09-11,164.0292510986328
2015-09-14,163.42054748535156
2015-09-15,165.46322631835938
2015-09-16,166.89727783203125
2015-09-17,166.5221405029297
2015-09-18,163.80084228515625
2015-09-21,164.6473388671875
2015-09-22,162.5102996826172
2015-09-23,162.2504425048828
2015-09-24,161.66378784179688
2015-09-25,161.62193298339844
2015-09-28,157.5656280517578
2015-09-29,157.65782165527344
2015-09-30,160.5994415283203
2015-10-01,161.01852416992188
2015-10-02,163.42372131347656
2015-10-05,166.33180236816406
2015-10-06,165.761962890625
2015-10-07,167.11962890625
2015-10-08,168.6281280517578
2015-10-09,168.72869873046875
2015-10-12,168.88796997070312
2015-10-13,167.82357788085938
2015-10-14,167.01904296875
2015-10-15,169.5835723876953
2015-10-16,170.35459899902344
2015-10-19,170.43841552734375
2015-10-20,170.220458984375
2015-10-21,169.1645050048828
2015-10-22,172.0223388671875
2015-10-23,173.9080352783203
2015-10-26,173.48060607910156
2015-10-27,173.1453399658203
2015-10-28,175.11480712890625
2015-10-29,175.01422119140625
2015-10-30,174.25999450683594
2015-11-02,176.32167053222656
2015-11-03,176.83285522460938
2015-11-04,176.29647827148438
2015-11-05,176.12049865722656
2015-11-06,176.02830505371094
2015-11-09,174.3856658935547
2015-11-10,174.78797912597656
2015-11-11,174.10073852539062
2015-11-12,171.6703643798828
2015-11-13,169.7427978515625
2015-11-16,172.3240966796875
2015-11-17,172.19833374023438
2015-11-18,174.930419921875
2015-11-19,174.7795867919922
2015-11-20,175.41651916503906
2015-11-23,175.21539306640625
2015-11-24,175.45008850097656
2015-11-25,175.42489624023438
2015-11-27,175.62608337402344
2015-11-30,174.8969268798828
2015-12-01,176.56468200683594
2015-12-02,174.76284790039062
2015-12-03,172.31561279296875
2015-12-04,175.6763458251953
2015-12-07,174.61196899414062
2015-12-08,173.43875122070312
2015-12-09,172.08937072753906
2015-12-10,172.53350830078125
2015-12-11,169.18963623046875
2015-12-14,170.04446411132812
2015-12-15,171.82958984375
2015-12-16,174.34376525878906
2015-12-17,171.6871337890625
2015-12-18,168.6284942626953
2015-12-21,170.0195770263672
2015-12-22,171.5623779296875
2015-12-23,173.68692016601562
2015-12-24,173.40017700195312
2015-12-28,173.0039520263672
2015-12-29,174.8502655029297
2015-12-30,173.61097717285156
2015-12-31,171.874267578125
2016-01-04,169.47157287597656
2016-01-05,169.7581787109375
2016-01-06,167.6168212890625
2016-01-07,163.5954132080078
2016-01-08,161.79971313476562
2016-01-11,161.9599151611328
2016-01-12,163.2666015625
2016-01-13,159.19467163085938
2016-01-14,161.80810546875
2016-01-15,158.3347625732422
2016-01-19,158.54550170898438
2016-01-20,156.5137481689453
2016-01-21,157.39053344726562
2016-01-22,160.6194305419922
2016-01-25,158.19139099121094
2016-01-26,160.34962463378906
2016-01-27,158.60447692871094
2016-01-28,159.4307403564453
2016-01-29,163.31724548339844
2016-02-01,163.2582244873047
2016-02-02,160.3159637451172
2016-02-03,161.2770538330078
2016-02-04,161.5299835205078
2016-02-05,158.45277404785156
2016-02-08,156.31982421875
2016-02-09,156.32823181152344
2016-02-10,156.1934356689453
2016-02-11,154.16162109375
2016-02-12,157.33995056152344
2016-02-16,159.99559020996094
2016-02-17,162.6090545654297
2016-02-18,161.94305419921875
2016-02-19,161.86717224121094
2016-02-22,164.2108612060547
2016-02-23,162.13690185546875
2016-02-24,162.87884521484375
2016-02-25,164.8516082763672
2016-02-26,164.47222900390625
2016-02-29,163.18234252929688
2016-03-01,167.0182342529297
2016-03-02,167.76861572265625
2016-03-03,168.42617797851562
2016-03-04,168.97413635253906
2016-03-07,169.1090545654297
2016-03-08,167.2627716064453
2016-03-09,168.08897399902344
2016-03-10,168.22384643554688
2016-03-11,170.93849182128906
2016-03-14,170.71934509277344
2016-03-15,170.4410858154297
2016-03-16,171.42745971679688
2016-03-17,172.5149688720703
2016-03-18,173.1929168701172
2016-03-21,173.4386749267578
2016-03-22,173.34542846679688
2016-03-23,172.20147705078125
2016-03-24,172.125244140625
2016-03-28,172.2268524169922
2016-03-29,173.8199920654297
2016-03-30,174.5826873779297
2016-03-31,174.1589813232422
2016-04-01,175.34532165527344
2016-04-04,174.77755737304688
2016-04-05,173.03195190429688
2016-04-06,174.9215850830078
2016-04-07,172.8285369873047
2016-04-08,173.2946014404297
2016-04-11,172.88783264160156
2016-04-12,174.4979248046875
2016-04-13,176.26048278808594
2016-04-14,176.26898193359375
2016-04-15,176.0740509033203
2016-04-18,177.31130981445312
2016-04-19,177.87063598632812
2016-04-20,178.04006958007812
2016-04-21,177.08255004882812
2016-04-22,177.08255004882812
2016-04-25,176.7774658203125
2016-04-26,177.0400848388672
2016-04-27,177.40452575683594
2016-04-28,175.79444885253906
2016-04-29,174.8454132080078
2016-05-02,176.23507690429688
2016-05-03,174.7012481689453
2016-05-04,173.7267608642578
2016-05-05,173.69290161132812
2016-05-06,174.32846069335938
2016-05-09,174.4724884033203
2016-05-10,176.64187622070312
2016-05-11,174.98944091796875
2016-05-12,175.04026794433594
2016-05-13,173.51492309570312
2016-05-16,175.2267303466797
2016-05-17,173.59121704101562
2016-05-18,173.64199829101562
2016-05-19,173.04037475585938
2016-05-20,174.13356018066406
2016-05-23,173.89630126953125
2016-05-24,176.15036010742188
2016-05-25,177.34518432617188
2016-05-26,177.39605712890625
2016-05-27,178.15870666503906
2016-05-31,177.8197784423828
2016-06-01,178.1841583251953
2016-06-02,178.72645568847656
2016-06-03,178.19264221191406
2016-06-06,179.09934997558594
2016-06-07,179.37896728515625
2016-06-08,179.9636993408203
2016-06-09,179.71795654296875
2016-06-10,178.0146942138672
2016-06-13,176.64187622070312
2016-06-14,176.29441833496094
2016-06-15,176.04867553710938
2016-06-16,176.5740509033203
2016-06-17,175.9164276123047
2016-06-20,177.04940795898438
2016-06-21,177.55198669433594
2016-06-22,177.2623291015625
2016-06-23,179.5707550048828
2016-06-24,173.12246704101562
2016-06-27,170.0219268798828
2016-06-28,173.08847045898438
2016-06-29,176.03570556640625
2016-06-30,178.43780517578125
2016-07-01,178.8126678466797
2016-07-05,177.52638244628906
2016-07-06,178.59115600585938
2016-07-07,178.4804229736328
2016-07-08,181.1381072998047
2016-07-11,181.7769317626953
2016-07-12,183.09725952148438
2016-07-13,183.0717010498047
2016-07-14,184.0938720703125
2016-07-15,183.84683227539062
2016-07-18,184.34092712402344
2016-07-19,184.1535186767578
2016-07-20,184.9201202392578
2016-07-21,184.22174072265625
2016-07-22,185.04791259765625
2016-07-25,184.5453338623047
2016-07-26,184.6305389404297
2016-07-27,184.4346160888672
2016-07-28,184.64755249023438
2016-07-29,184.94569396972656
2016-08-01,184.79238891601562
2016-08-02,183.60836791992188
2016-08-03,184.1449737548828
2016-08-04,184.34092712402344
2016-08-05,185.84861755371094
2016-08-08,185.73785400390625
2016-08-09,185.84861755371094
2016-08-10,185.38865661621094
2016-08-11,186.2489776611328
2016-08-12,186.0871124267578
2016-08-15,186.62380981445312
2016-08-16,185.66122436523438
2016-08-17,186.0104522705078
2016-08-18,186.4278564453125
2016-08-19,186.15530395507812
2016-08-22,186.146728515625
2016-08-23,186.5215606689453
2016-08-24,185.5675048828125
2016-08-25,185.4397430419922
2016-08-26,185.09043884277344
2016-08-29,186.00192260742188
2016-08-30,185.6952362060547
2016-08-31,185.16717529296875
2016-09-01,185.17567443847656
2016-09-02,186.0104522705078
2016-09-06,186.57266235351562
2016-09-07,186.55557250976562
2016-09-08,186.12973022460938
2016-09-09,181.6747283935547
2016-09-12,184.28125
2016-09-13,181.63218688964844
2016-09-14,181.56399536132812
2016-09-15,183.3783416748047
2016-09-16,182.66949462890625
2016-09-19,182.7036895751953
2016-09-20,182.71231079101562
2016-09-21,184.7670135498047
2016-09-22,185.93128967285156
2016-09-23,184.91250610351562
2016-09-26,183.41433715820312
2016-09-27,184.55296325683594
2016-09-28,185.468994140625
2016-09-29,183.79100036621094
2016-09-30,185.17788696289062
2016-10-03,184.7327117919922
2016-10-04,183.79100036621094
2016-10-05,184.6043243408203
2016-10-06,184.7327117919922
2016-10-07,184.0991668701172
2016-10-10,185.05804443359375
2016-10-11,182.72085571289062
2016-10-12,182.9605712890625
2016-10-13,182.36126708984375
2016-10-14,182.45545959472656
2016-10-17,181.8219451904297
2016-10-18,182.9605712890625
2016-10-19,183.44851684570312
2016-10-20,183.10610961914062
2016-10-21,183.19171142578125
2016-10-24,183.9707794189453
2016-10-25,183.35435485839844
2016-10-26,182.98623657226562
2016-10-27,182.4982452392578
2016-10-28,181.95889282226562
2016-10-31,181.967529296875
2016-11-01,180.64903259277344
2016-11-02,179.561767578125
2016-11-03,178.73989868164062
2016-11-04,178.54298400878906
2016-11-07,182.48114013671875
2016-11-08,183.3030242919922
2016-11-09,185.2464141845703
2016-11-10,185.7086944580078
2016-11-11,185.2806396484375
2016-11-14,185.4261474609375
2016-11-15,186.873046875
2016-11-16,186.52197265625
2016-11-17,187.4808349609375
2016-11-18,187.06137084960938
2016-11-21,188.4739227294922
2016-11-22,188.84202575683594
2016-11-23,188.94482421875
2016-11-25,189.6468048095703
2016-11-28,188.75648498535156
2016-11-29,189.12454223632812
2016-11-30,188.67086791992188
2016-12-01,187.97740173339844
2016-12-02,188.0715789794922
2016-12-05,189.20166015625
2016-12-06,189.80088806152344
2016-12-07,192.2836151123047
2016-12-08,192.75454711914062
2016-12-09,193.91883850097656
2016-12-12,193.69625854492188
2016-12-13,194.9889678955078
2016-12-14,193.3794403076172
2016-12-15,194.17567443847656
2016-12-16,193.79595947265625
2016-12-19,194.2178955078125
2016-12-20,194.96714782714844
2016-12-21,194.42457580566406
2016-12-22,194.0887451171875
2016-12-23,194.37283325195312
2016-12-27,194.85519409179688
2016-12-28,193.2447967529297
2016-12-29,193.2017364501953
2016-12-30,192.49557495117188
2017-01-03,193.9681396484375
2017-01-04,195.1220703125
2017-01-05,194.96714782714844
2017-01-06,195.66464233398438
2017-01-09,195.01878356933594
2017-01-10,195.01878356933594
2017-01-11,195.5699462890625
2017-01-12,195.07904052734375
2017-01-13,195.52684020996094
2017-01-17,194.83792114257812
2017-01-18,195.2685089111328
2017-01-19,194.54515075683594
2017-01-20,195.25987243652344
2017-01-23,194.75180053710938
2017-01-24,196.00050354003906
2017-01-25,197.69699096679688
2017-01-26,197.4903564453125
2017-01-27,197.18028259277344
2017-01-30,195.9574737548828
2017-01-31,195.94020080566406
2017-02-01,196.01771545410156
2017-02-02,196.14691162109375
2017-02-03,197.49891662597656
2017-02-06,197.1457977294922
2017-02-07,197.15444946289062
2017-02-08,197.41281127929688
2017-02-09,198.58396911621094
2017-02-10,199.36761474609375
2017-02-13,200.4527587890625
2017-02-14,201.25357055664062
2017-02-15,202.30418395996094
2017-02-16,202.1319580078125
2017-02-17,202.4506072998047
2017-02-21,203.65621948242188
2017-02-22,203.47535705566406
2017-02-23,203.6131591796875
2017-02-24,203.8715057373047
2017-02-27,204.19009399414062
2017-02-28,203.63897705078125
2017-03-01,206.48944091796875
2017-03-02,205.18910217285156
2017-03-03,205.31826782226562
2017-03-06,204.70680236816406
2017-03-07,204.09539794921875
2017-03-08,203.7164764404297
2017-03-09,203.974853515625
2017-03-10,204.68960571289062
2017-03-13,204.79296875
2017-03-14,204.00930786132812
2017-03-15,205.774658203125
2017-03-16,205.36990356445312
2017-03-17,205.00926208496094
2017-03-20,204.7843780517578
2017-03-21,202.15509033203125
2017-03-22,202.6307373046875
2017-03-23,202.41455078125
2017-03-24,202.26748657226562
2017-03-27,202.05987548828125
2017-03-28,203.53025817871094
2017-03-29,203.72052001953125
2017-03-30,204.3692169189453
2017-03-31,203.8935546875
2017-04-03,203.53887939453125
2017-04-04,203.6686248779297
2017-04-05,203.06321716308594
2017-04-06,203.6341094970703
2017-04-07,203.42648315429688
2017-04-10,203.54759216308594
2017-04-11,203.30538940429688
2017-04-12,202.41455078125
2017-04-13,201.09988403320312
2017-04-17,202.88160705566406
2017-04-18,202.27613830566406
2017-04-19,201.90423583984375
2017-04-20,203.54759216308594
2017-04-21,202.89891052246094
2017-04-24,205.1303253173828
2017-04-25,206.32394409179688
2017-04-26,206.1941680908203
2017-04-27,206.3671417236328
2017-04-28,205.9174346923828
2017-05-01,206.4363555908203
2017-05-02,206.51419067382812
2017-05-03,206.26333618164062
2017-05-04,206.5055694580078
2017-05-05,207.3185577392578
2017-05-08,207.28399658203125
2017-05-09,207.09365844726562
2017-05-10,207.46559143066406
2017-05-11,207.0418243408203
2017-05-12,206.69589233398438
2017-05-15,207.83753967285156
2017-05-16,207.647216796875
2017-05-17,203.96275329589844
2017-05-18,204.7843780517578
2017-05-19,206.11631774902344
2017-05-22,207.1628875732422
2017-05-23,207.62135314941406
2017-05-24,208.1056365966797
2017-05-25,209.10028076171875
2017-05-26,209.0570068359375
2017-05-30,208.87539672851562
2017-05-31,208.82350158691406
2017-06-01,210.484130859375
2017-06-02,211.18467712402344
2017-06-05,211.029052734375
2017-06-06,210.35440063476562
2017-06-07,210.74362182617188
2017-06-08,210.84738159179688
2017-06-09,210.52734375
2017-06-12,210.484130859375
2017-06-13,211.51336669921875
2017-06-14,211.24526977539062
2017-06-15,210.83868408203125
2017-06-16,210.88482666015625
2017-06-19,212.64044189453125
2017-06-20,211.20635986328125
2017-06-21,211.15426635742188
2017-06-22,211.0586700439453
2017-06-23,211.3106689453125
2017-06-26,211.4497528076172
2017-06-27,209.74627685546875
2017-06-28,211.62356567382812
2017-06-29,209.763671875
2017-06-30,210.1547393798828
2017-07-03,210.51107788085938
2017-07-05,210.99778747558594
2017-07-06,209.06834411621094
2017-07-07,210.42416381835938
2017-07-10,210.65013122558594
2017-07-11,210.49368286132812
2017-07-12,212.0755157470703
2017-07-13,212.43182373046875
2017-07-14,213.4226837158203
2017-07-17,213.39654541015625
2017-07-18,213.50958251953125
2017-07-19,214.66549682617188
2017-07-20,214.76112365722656
2017-07-21,214.5699005126953
2017-07-24,214.51776123046875
2017-07-25,215.03924560546875
2017-07-26,215.04794311523438
2017-07-27,214.84800720214844
2017-07-28,214.59600830078125
2017-07-31,214.47433471679688
2017-08-01,214.9523468017578
2017-08-02,215.056640625
2017-08-03,214.63943481445312
2017-08-04,215.03050231933594
2017-08-07,215.4303436279297
2017-08-08,214.90011596679688
2017-08-09,214.89146423339844
2017-08-10,211.8582305908203
2017-08-11,212.171142578125
2017-08-14,214.2744140625
2017-08-15,214.24832153320312
2017-08-16,214.62200927734375
2017-08-17,211.2759552001953
2017-08-18,210.94564819335938
2017-08-21,211.1107940673828
2017-08-22,213.31834411621094
2017-08-23,212.5535430908203
2017-08-24,212.05812072753906
2017-08-25,212.5535430908203
2017-08-28,212.56224060058594
2017-08-29,212.80557250976562
2017-08-30,213.81378173828125
2017-08-31,215.10008239746094
2017-09-01,215.40426635742188
2017-09-05,213.85719299316406
2017-09-06,214.58731079101562
2017-09-07,214.56121826171875
2017-09-08,214.3091583251953
2017-09-11,216.59498596191406
2017-09-12,217.32501220703125
2017-09-13,217.4293975830078
2017-09-14,217.3598175048828
2017-09-15,217.6523895263672
2017-09-18,218.1153564453125
2017-09-19,218.33367919921875
2017-09-20,218.4122772216797
2017-09-21,217.82711791992188
2017-09-22,217.87075805664062
2017-09-25,217.4253692626953
2017-09-26,217.5563507080078
2017-09-27,218.40357971191406
2017-09-28,218.66563415527344
2017-09-29,219.43417358398438
2017-10-02,220.3863067626953
2017-10-03,220.85794067382812
2017-10-04,221.11997985839844
2017-10-05,222.43014526367188
2017-10-06,222.1768035888672
2017-10-09,221.80996704101562
2017-10-10,222.3951873779297
2017-10-11,222.74459838867188
2017-10-12,222.4126739501953
2017-10-13,222.68344116210938
2017-10-16,222.98037719726562
2017-10-17,223.1376190185547
2017-10-18,223.35595703125
2017-10-19,223.41712951660156
2017-10-20,224.57000732421875
2017-10-23,223.69659423828125
2017-10-24,224.08969116210938
2017-10-25,222.98037719726562
2017-10-26,223.2686004638672
2017-10-27,225.09413146972656
2017-10-30,224.255615234375
2017-10-31,224.60498046875
2017-11-01,224.90196228027344
2017-11-02,224.9893341064453
2017-11-03,225.74049377441406
2017-11-06,226.08984375
2017-11-07,225.9326171875
2017-11-08,226.3169403076172
2017-11-09,225.49588012695312
2017-11-10,225.42599487304688
2017-11-13,225.6356964111328
2017-11-14,225.11160278320312
2017-11-15,223.98486328125
2017-11-16,225.88893127441406
2017-11-17,225.22509765625
2017-11-20,225.6094512939453
2017-11-21,227.0855712890625
2017-11-22,226.88470458984375
2017-11-24,227.40872192382812
2017-11-27,227.295166015625
2017-11-28,229.60107421875
2017-11-29,229.46124267578125
2017-11-30,231.4701690673828
2017-12-01,230.9898223876953
2017-12-04,230.71034240722656
2017-12-05,229.8805694580078
2017-12-06,229.92420959472656
2017-12-07,230.6492156982422
2017-12-08,231.906982421875
2017-12-11,232.60568237304688
2017-12-12,233.0161590576172
2017-12-13,232.98997497558594
2017-12-14,232.0379180908203
2017-12-15,233.97023010253906
2017-12-18,235.4539031982422
2017-12-19,234.5496826171875
2017-12-20,234.4267120361328
2017-12-21,234.9095458984375
2017-12-22,234.84811401367188
2017-12-26,234.56719970703125
2017-12-27,234.68125915527344
2017-12-28,235.16415405273438
2017-12-29,234.2775115966797
2018-01-02,235.95431518554688
2018-01-03,237.44671630859375
2018-01-04,238.44747924804688
2018-01-05,240.03656005859375
2018-01-08,240.47549438476562
2018-01-09,241.01980590820312
2018-01-10,240.65109252929688
2018-01-11,242.4068145751953
2018-01-12,243.9871368408203
2018-01-16,243.15310668945312
2018-01-17,245.47084045410156
2018-01-18,245.05821228027344
2018-01-19,246.17312622070312
2018-01-22,248.17471313476562
2018-01-23,248.70144653320312
2018-01-24,248.60482788085938
2018-01-25,248.7102508544922
2018-01-26,251.58981323242188
2018-01-29,249.92172241210938
2018-01-30,247.35826110839844
2018-01-31,247.48114013671875
2018-02-01,247.2001953125
2018-02-02,241.81869506835938
2018-02-05,231.70521545410156
2018-02-06,236.27037048339844
2018-02-07,234.9886016845703
2018-02-08,226.17445373535156
2018-02-09,229.5718994140625
2018-02-12,232.9430694580078
2018-02-13,233.5225067138672
2018-02-14,236.67422485351562
2018-02-15,239.6941375732422
2018-02-16,239.76434326171875
2018-02-20,238.26321411132812
2018-02-21,237.0780029296875
2018-02-22,237.3853302001953
2018-02-23,241.1690673828125
2018-02-26,243.96951293945312
2018-02-27,240.9232940673828
2018-02-28,238.48263549804688
2018-03-01,235.0149688720703
2018-03-02,236.22645568847656
2018-03-05,238.95668029785156
2018-03-06,239.5625
2018-03-07,239.47470092773438
2018-03-08,240.63356018066406
2018-03-09,244.82110595703125
2018-03-12,244.5138397216797
2018-03-13,242.9336395263672
2018-03-14,241.68695068359375
2018-03-15,241.423583984375
2018-03-16,241.6855010986328
2018-03-19,238.4154052734375
2018-03-20,238.8208465576172
2018-03-21,238.36248779296875
2018-03-22,232.40411376953125
2018-03-23,227.4504852294922
2018-03-26,233.67324829101562
2018-03-27,229.69813537597656
2018-03-28,229.01939392089844
2018-03-29,231.94569396972656
2018-04-02,226.93927001953125
2018-04-03,229.84796142578125
2018-04-04,232.30711364746094
2018-04-05,234.14044189453125
2018-04-06,228.9224090576172
2018-04-09,230.05072021484375
2018-04-10,233.7085723876953
2018-04-11,232.48338317871094
2018-04-12,234.39605712890625
2018-04-13,233.7085723876953
2018-04-16,235.6300506591797
2018-04-17,238.1509246826172
2018-04-18,238.3272705078125
2018-04-19,237.00511169433594
2018-04-20,234.9954376220703
2018-04-23,234.9601593017578
2018-04-24,231.79588317871094
2018-04-25,232.3688201904297
2018-04-26,234.73104858398438
2018-04-27,234.95138549804688
2018-04-30,233.14447021484375
2018-05-01,233.55874633789062
2018-05-02,231.98985290527344
2018-05-03,231.4785919189453
2018-05-04,234.47532653808594
2018-05-07,235.2687225341797
2018-05-08,235.2687225341797
2018-05-09,237.54278564453125
2018-05-10,239.7639617919922
2018-05-11,240.4954833984375
2018-05-14,240.61012268066406
2018-05-15,238.95301818847656
2018-05-16,239.95787048339844
2018-05-17,239.75509643554688
2018-05-18,239.1557159423828
2018-05-21,240.95379638671875
2018-05-22,240.28395080566406
2018-05-23,240.9449920654297
2018-05-24,240.45144653320312
2018-05-25,239.8785400390625
2018-05-29,237.11964416503906
2018-05-30,240.28395080566406
2018-05-31,238.81199645996094
2018-06-01,241.15660095214844
2018-06-04,242.30242919921875
2018-06-05,242.47869873046875
2018-06-06,244.50596618652344
2018-06-07,244.47955322265625
2018-06-08,245.2023468017578
2018-06-11,245.52842712402344
2018-06-12,245.8457489013672
2018-06-13,245.06124877929688
2018-06-14,245.6782684326172
2018-06-15,245.36480712890625
2018-06-18,244.86024475097656
2018-06-19,243.92166137695312
2018-06-20,244.33770751953125
2018-06-21,242.80616760253906
2018-06-22,243.2488250732422
2018-06-25,239.9375
2018-06-26,240.46868896484375
2018-06-27,238.47659301757812
2018-06-28,239.84010314941406
2018-06-29,240.18536376953125
2018-07-02,240.69888305664062
2018-07-03,239.84886169433594
2018-07-05,241.80555725097656
2018-07-06,243.85086059570312
2018-07-09,246.04647827148438
2018-07-10,246.93202209472656
2018-07-11,245.12574768066406
2018-07-12,247.34808349609375
2018-07-13,247.54293823242188
2018-07-16,247.321533203125
2018-07-17,248.32199096679688
2018-07-18,248.84445190429688
2018-07-19,247.90582275390625
2018-07-20,247.62257385253906
2018-07-23,248.08299255371094
2018-07-24,249.33132934570312
2018-07-25,251.45616149902344
2018-07-26,250.8629913330078
2018-07-27,249.1632080078125
2018-07-30,247.86167907714844
2018-07-31,249.08343505859375
2018-08-01,248.66732788085938
2018-08-02,250.0218963623047
2018-08-03,251.0932159423828
2018-08-06,252.01400756835938
2018-08-07,252.8463592529297
2018-08-08,252.74008178710938
2018-08-09,252.39471435546875
2018-08-10,250.70364379882812
2018-08-13,249.7652130126953
2018-08-14,251.3588409423828
2018-08-15,249.4818572998047
2018-08-16,251.5006103515625
2018-08-17,252.38587951660156
2018-08-20,252.92593383789062
2018-08-21,253.51913452148438
2018-08-22,253.36874389648438
2018-08-23,253.03221130371094
2018-08-24,254.55496215820312
2018-08-27,256.5648498535156
2018-08-28,256.6888732910156
2018-08-29,258.0699157714844
2018-08-30,257.02520751953125
2018-08-31,257.0340576171875
2018-09-04,256.5914306640625
2018-09-05,255.9008026123047
2018-09-06,255.13052368164062
2018-09-07,254.6346893310547
2018-09-10,255.07742309570312
2018-09-11,255.91851806640625
2018-09-12,255.98049926757812
2018-09-13,257.4945373535156
2018-09-14,257.538818359375
2018-09-17,256.17535400390625
2018-09-18,257.5653381347656
2018-09-19,257.8398132324219
2018-09-20,259.9292297363281
2018-09-21,259.69183349609375
2018-09-24,258.82916259765625
2018-09-25,258.5889587402344
2018-09-26,257.8152160644531
2018-09-27,258.53564453125
2018-09-28,258.5623474121094
2018-10-01,259.4606628417969
2018-10-02,259.3093566894531
2018-10-03,259.4517517089844
2018-10-04,257.423828125
2018-10-05,255.98304748535156
2018-10-08,255.98304748535156
2018-10-09,255.60960388183594
2018-10-10,247.5161590576172
2018-10-11,242.06423950195312
2018-10-12,245.42613220214844
2018-10-15,244.04759216308594
2018-10-16,249.38389587402344
2018-10-17,249.4282989501953
2018-10-18,245.8262939453125
2018-10-19,245.69288635253906
2018-10-22,244.59007263183594
2018-10-23,243.34487915039062
2018-10-24,235.971923828125
2018-10-25,240.20533752441406
2018-10-26,235.98080444335938
2018-10-29,234.6734161376953
2018-10-30,238.1509246826172
2018-10-31,240.69454956054688
2018-11-01,243.256103515625
2018-11-02,241.8151397705078
2018-11-05,243.14927673339844
2018-11-06,244.6878662109375
2018-11-07,249.92636108398438
2018-11-08,249.47280883789062
2018-11-09,247.03587341308594
2018-11-12,242.41998291015625
2018-11-13,241.96641540527344
2018-11-14,240.3121337890625
2018-11-15,242.82012939453125
2018-11-16,243.45167541503906
2018-11-19,239.33380126953125
2018-11-20,234.90467834472656
2018-11-21,235.70509338378906
2018-11-23,234.13092041015625
2018-11-26,237.91073608398438
2018-11-27,238.71115112304688
2018-11-28,244.2075653076172
2018-11-29,243.6739959716797
2018-11-30,245.15927124023438
2018-12-03,248.40550231933594
2018-12-04,240.3566131591797
2018-12-06,239.9918670654297
2018-12-07,234.41549682617188
2018-12-10,234.86016845703125
2018-12-11,234.91355895996094
2018-12-12,236.09642028808594
2018-12-13,236.01634216308594
2018-12-14,231.65841674804688
2018-12-17,227.1136474609375
2018-12-18,226.86460876464844
2018-12-19,223.4671173095703
2018-12-20,219.82957458496094
2018-12-21,215.32534790039062
2018-12-24,209.63583374023438
2018-12-26,220.22760009765625
2018-12-27,221.9183807373047
2018-12-28,221.63211059570312
2018-12-31,223.57334899902344
2019-01-02,223.80593872070312
2019-01-03,218.46534729003906
2019-01-04,225.78297424316406
2019-01-07,227.56317138671875
2019-01-08,229.7012481689453
2019-01-09,230.77476501464844
2019-01-10,231.58877563476562
2019-01-11,231.6782684326172
2019-01-14,230.26483154296875
2019-01-15,232.90386962890625
2019-01-16,233.4674072265625
2019-01-17,235.23867797851562
2019-01-18,238.3697509765625
2019-01-22,235.1492156982422
2019-01-23,235.6413116455078
2019-01-24,235.76644897460938
2019-01-25,237.7613983154297
2019-01-28,235.95437622070312
2019-01-29,235.6413116455078
2019-01-30,239.37164306640625
2019-01-31,241.47393798828125
2019-02-01,241.5902862548828
2019-02-04,243.28988647460938
2019-02-05,244.30972290039062
2019-02-06,243.98765563964844
2019-02-07,241.66180419921875
2019-02-08,241.95700073242188
2019-02-11,242.0911865234375
2019-02-12,245.2042694091797
2019-02-13,246.00042724609375
2019-02-14,245.45480346679688
2019-02-15,248.1295166015625
2019-02-19,248.55899047851562
2019-02-20,249.0599822998047
2019-02-21,248.17437744140625
2019-02-22,249.71298217773438
2019-02-25,250.0529327392578
2019-02-26,249.8740692138672
2019-02-27,249.76663208007812
2019-02-28,249.30145263671875
2019-03-01,250.85801696777344
2019-03-04,249.945556640625
2019-03-05,249.60560607910156
2019-03-06,248.09378051757812
2019-03-07,246.01832580566406
2019-03-08,245.52630615234375
2019-03-11,249.08677673339844
2019-03-12,250.02609252929688
2019-03-13,251.6809539794922
2019-03-14,251.52000427246094
2019-03-15,252.7626495361328
2019-03-18,253.67910766601562
2019-03-19,253.74200439453125
2019-03-20,252.978271484375
2019-03-21,255.83563232421875
2019-03-22,250.91171264648438
2019-03-25,250.72311401367188
2019-03-26,252.59193420410156
2019-03-27,251.2711639404297
2019-03-28,252.22354125976562
2019-03-29,253.8139190673828
2019-04-01,256.82391357421875
2019-04-02,256.9498291015625
2019-04-03,257.3541564941406
2019-04-04,258.0369873046875
2019-04-05,259.28594970703125
2019-04-08,259.48358154296875
2019-04-09,258.1537780761719
2019-04-10,259.0343017578125
2019-04-11,258.9625549316406
2019-04-12,260.71453857421875
2019-04-15,260.54388427734375
2019-04-16,260.71453857421875
2019-04-17,260.0766296386719
2019-04-18,260.5887451171875
2019-04-22,260.8134765625
2019-04-23,263.1585693359375
2019-04-24,262.574462890625
2019-04-25,262.4128112792969
2019-04-26,263.6348571777344
2019-04-29,264.048095703125
2019-04-30,264.182861328125
2019-05-01,262.1971740722656
2019-05-02,261.6310119628906
2019-05-03,264.19183349609375
2019-05-06,263.104736328125
2019-05-07,258.7108459472656
2019-05-08,258.35150146484375
2019-05-09,257.5697937011719
2019-05-10,258.8636779785156
2019-05-13,252.35836791992188
2019-05-14,254.6405487060547
2019-05-15,256.1322021484375
2019-05-16,258.50421142578125
2019-05-17,256.8330078125
2019-05-20,255.13485717773438
2019-05-21,257.4350891113281
2019-05-22,256.6442565917969
2019-05-23,253.50845336914062
2019-05-24,254.08355712890625
2019-05-28,251.7204132080078
2019-05-29,250.03114318847656
2019-05-30,250.714111328125
2019-05-31,247.33566284179688
2019-06-03,246.7066650390625
2019-06-04,252.06187438964844
2019-06-05,254.24525451660156
2019-06-06,255.89857482910156
2019-06-07,258.45928955078125
2019-06-10,259.6453857421875
2019-06-11,259.5825500488281
2019-06-12,259.1242370605469
2019-06-13,260.1934814453125
2019-06-14,259.906005859375
2019-06-17,260.00482177734375
2019-06-18,262.727294921875
2019-06-19,263.3203125
2019-06-20,265.8362731933594
2019-06-21,265.44976806640625
2019-06-24,265.1246643066406
2019-06-25,262.5243835449219
2019-06-26,262.26251220703125
2019-06-27,263.1925048828125
2019-06-28,264.5468444824219
2019-07-01,266.94842529296875
2019-07-02,267.6437072753906
2019-07-03,269.7835693359375
2019-07-05,269.4765930175781
2019-07-08,267.9958190917969
2019-07-09,268.3299560546875
2019-07-10,269.612060546875
2019-07-11,270.2441101074219
2019-07-12,271.45391845703125
2019-07-15,271.5442199707031
2019-07-16,270.66845703125
2019-07-17,268.8265380859375
2019-07-18,269.8106994628906
2019-07-19,268.31201171875
2019-07-22,268.970947265625
2019-07-23,270.8941345214844
2019-07-24,272.167236328125
2019-07-25,270.8670654296875
2019-07-26,272.6818542480469
2019-07-29,272.1852111816406
2019-07-30,271.5171813964844
2019-07-31,268.54669189453125
2019-08-01,266.2081298828125
2019-08-02,264.2037658691406
2019-08-05,256.25830078125
2019-08-06,259.851806640625
2019-08-07,260.00531005859375
2019-08-08,265.106689453125
2019-08-09,263.30084228515625
2019-08-12,260.0955810546875
2019-08-13,264.14056396484375
2019-08-14,256.3305358886719
2019-08-15,257.0076599121094
2019-08-16,260.7998046875
2019-08-19,263.94195556640625
2019-08-20,261.91943359375
2019-08-21,264.0503234863281
2019-08-22,263.9690246582031
2019-08-23,257.1882629394531
2019-08-26,260.0323791503906
2019-08-27,259.01202392578125
2019-08-28,260.83599853515625
2019-08-29,264.1676330566406
2019-08-30,264.0503234863281
2019-09-03,262.50628662109375
2019-09-04,265.4858093261719
2019-09-05,268.8987731933594
2019-09-06,269.10650634765625
2019-09-09,269.24176025390625
2019-09-10,269.1787109375
2019-09-11,271.09283447265625
2019-09-12,272.0318603515625
2019-09-13,271.8512268066406
2019-09-16,271.0115051269531
2019-09-17,271.6976318359375
2019-09-18,271.8602600097656
2019-09-19,271.8421630859375
2019-09-20,270.5577697753906
2019-09-23,270.4943542480469
2019-09-24,268.3717956542969
2019-09-25,269.95916748046875
2019-09-26,269.3967590332031
2019-09-27,267.9454345703125
2019-09-30,269.1881408691406
2019-10-01,265.9862365722656
2019-10-02,261.2875671386719
2019-10-03,263.4283447265625
2019-10-04,266.9930725097656
2019-10-07,265.8410949707031
2019-10-08,261.7138977050781
2019-10-09,264.1993713378906
2019-10-10,265.9862365722656
2019-10-11,268.7436218261719
2019-10-14,268.4443664550781
2019-10-15,271.1020812988281
2019-10-16,270.6666259765625
2019-10-17,271.46490478515625
2019-10-18,270.27667236328125
2019-10-21,272.1087951660156
2019-10-22,271.2199401855469
2019-10-23,272.00909423828125
2019-10-24,272.4535217285156
2019-10-25,273.56927490234375
2019-10-28,275.1112976074219
2019-10-29,275.02960205078125
2019-10-30,275.87322998046875
2019-10-31,275.138427734375
2019-11-01,277.68731689453125
2019-11-04,278.8029479980469
2019-11-05,278.49456787109375
2019-11-06,278.55810546875
2019-11-07,279.53765869140625
2019-11-08,280.2270202636719
2019-11-11,279.69195556640625
2019-11-12,280.28143310546875
2019-11-13,280.3721923828125
2019-11-14,280.78033447265625
2019-11-15,282.8122253417969
2019-11-18,283.02081298828125
2019-11-19,282.9391784667969
2019-11-20,281.886962890625
2019-11-21,281.433349609375
2019-11-22,282.059326171875
2019-11-25,284.245361328125
2019-11-26,284.8893127441406
2019-11-27,286.1592712402344
2019-11-29,285.09796142578125
2019-12-02,282.6761474609375
2019-12-03,280.78033447265625
2019-12-04,282.5128479003906
2019-12-05,283.02081298828125
2019-12-06,285.60589599609375
2019-12-09,284.70794677734375
2019-12-10,284.3903503417969
2019-12-11,285.19775390625
2019-12-12,287.65582275390625
2019-12-13,287.8282775878906
2019-12-16,289.8055419921875
2019-12-17,289.86907958984375
2019-12-18,289.8871765136719
2019-12-19,291.0754699707031
2019-12-20,292.3515930175781
2019-12-23,292.7983093261719
2019-12-24,292.807373046875
2019-12-26,294.3660583496094
2019-12-27,294.2930908203125
2019-12-30,292.67059326171875
2019-12-31,293.38165283203125
2020-01-02,296.125244140625
2020-01-03,293.8830261230469
2020-01-06,295.0041198730469
2020-01-07,294.1746520996094
2020-01-08,295.742431640625
2020-01-09,297.7479248046875
2020-01-10,296.89093017578125
2020-01-13,298.9327392578125
2020-01-14,298.47698974609375
2020-01-15,299.151611328125
2020-01-16,301.6400146484375
2020-01-17,302.57891845703125
2020-01-21,301.986328125
2020-01-22,302.0227966308594
2020-01-23,302.3691711425781
2020-01-24,299.6802978515625
2020-01-27,294.8764953613281
2020-01-28,297.9664611816406
2020-01-29,297.72039794921875
2020-01-30,298.6866760253906
2020-01-31,293.2630920410156
2020-02-03,295.441650390625
2020-02-04,299.9445495605469
2020-02-05,303.4083251953125
2020-02-06,304.42919921875
2020-02-07,302.8067626953125
2020-02-10,305.0672607421875
2020-02-11,305.595947265625
2020-02-12,307.5649108886719
2020-02-13,307.23675537109375
2020-02-14,307.72894287109375
2020-02-18,306.93597412109375
2020-02-19,308.4034423828125
2020-02-20,307.1363830566406
2020-02-21,303.9735107421875
2020-02-24,293.89208984375
2020-02-25,284.98651123046875
2020-02-26,283.93829345703125
2020-02-27,271.1861572265625
2020-02-28,270.0467834472656
2020-03-02,281.74151611328125
2020-03-03,273.674560546875
2020-03-04,285.1779479980469
2020-03-05,275.6981506347656
2020-03-06,271.1405029296875
2020-03-09,249.96591186523438
2020-03-10,262.90045166015625
2020-03-11,250.08436584472656
2020-03-12,226.1570587158203
2020-03-13,245.49032592773438
2020-03-16,218.62789916992188
2020-03-17,230.43209838867188
2020-03-18,218.76466369628906
2020-03-19,219.22955322265625
2020-03-20,209.78207397460938
2020-03-23,204.41824340820312
2020-03-24,222.93919372558594
2020-03-25,226.2766571044922
2020-03-26,239.48892211914062
2020-03-27,232.3555450439453
2020-03-30,239.90147399902344
2020-03-31,236.32566833496094
2020-04-01,225.6898651123047
2020-04-02,230.89768981933594
2020-04-03,227.56028747558594
2020-04-06,242.84466552734375
2020-04-07,243.09222412109375
2020-04-08,251.2524871826172
2020-04-09,255.0758056640625
2020-04-13,252.74691772460938
2020-04-14,260.20123291015625
2020-04-15,254.67237854003906
2020-04-16,255.9009552001953
2020-04-17,262.8143310546875
2020-04-20,258.1840515136719
2020-04-21,250.34474182128906
2020-04-22,255.9009552001953
2020-04-23,255.88267517089844
2020-04-24,259.4493408203125
2020-04-27,263.19024658203125
2020-04-28,261.97991943359375
2020-04-29,268.83819580078125
2020-04-30,266.33514404296875
2020-05-01,259.28436279296875
2020-05-04,259.99945068359375
2020-05-05,262.4017333984375
2020-05-06,260.6229553222656
2020-05-07,263.76776123046875
2020-05-08,268.1322021484375
2020-05-11,268.18719482421875
2020-05-12,262.84185791015625
2020-05-13,258.19317626953125
2020-05-14,261.28314208984375
2020-05-15,262.4842834472656
2020-05-18,270.47943115234375
2020-05-19,267.70123291015625
2020-05-20,272.24896240234375
2020-05-21,270.3693542480469
2020-05-22,270.8828430175781
2020-05-26,274.2203063964844
2020-05-27,278.3004150390625
2020-05-28,277.78692626953125
2020-05-29,279.02471923828125
2020-06-01,280.1524963378906
2020-06-02,282.4721984863281
2020-06-03,286.2313537597656
2020-06-04,285.4794921875
2020-06-05,292.7962951660156
2020-06-08,296.3354187011719
2020-06-09,294.1257019042969
2020-06-10,292.4845275878906
2020-06-11,275.623046875
2020-06-12,278.9237365722656
2020-06-15,281.5277404785156
2020-06-16,286.9465637207031
2020-06-17,285.7546691894531
2020-06-18,285.8646545410156
2020-06-19,284.23095703125
2020-06-22,286.0543212890625
2020-06-23,287.3712463378906
2020-06-24,280.0408020019531
2020-06-25,283.0429382324219
2020-06-26,276.3202819824219
2020-06-29,280.381591796875
2020-06-30,283.9730529785156
2020-07-01,285.9623107910156
2020-07-02,287.53704833984375
2020-07-06,291.97589111328125
2020-07-07,288.9644775390625
2020-07-08,291.174560546875
2020-07-09,289.5169982910156
2020-07-10,292.4731140136719
2020-07-13,289.9405822753906
2020-07-14,293.6979064941406
2020-07-15,296.3962097167969
2020-07-16,295.4200439453125
2020-07-17,296.2764587402344
2020-07-20,298.6708984375
2020-07-21,299.3063049316406
2020-07-22,301.0099792480469
2020-07-23,297.4184265136719
2020-07-24,295.5029602050781
2020-07-27,297.6578063964844
2020-07-28,295.7699890136719
2020-07-29,299.4075927734375
2020-07-30,298.3394470214844
2020-07-31,300.6968688964844
2020-08-03,302.78741455078125
2020-08-04,303.9569091796875
2020-08-05,305.84478759765625
2020-08-06,307.8891906738281
2020-08-07,308.11029052734375
2020-08-10,309.03118896484375
2020-08-11,306.480224609375
2020-08-12,310.75323486328125
2020-08-13,310.1915283203125
2020-08-14,310.2007141113281
2020-08-17,311.18609619140625
2020-08-18,311.8583679199219
2020-08-19,310.5599060058594
2020-08-20,311.5268249511719
2020-08-21,312.6319274902344
2020-08-24,315.7998962402344
2020-08-25,316.90496826171875
2020-08-26,320.0821838378906
2020-08-27,320.7820739746094
2020-08-28,322.8540954589844
2020-08-31,321.68450927734375
2020-09-01,324.71441650390625
2020-09-02,329.4110107421875
2020-09-03,318.0745544433594
2020-09-04,315.4775695800781
2020-09-08,306.8577575683594
2020-09-09,312.9173583984375
2020-09-10,307.4840393066406
2020-09-11,307.6405944824219
2020-09-14,311.6925964355469
2020-09-15,313.26739501953125
2020-09-16,312.0240478515625
2020-09-17,309.2798767089844
2020-09-18,305.7192077636719
2020-09-21,302.316650390625
2020-09-22,305.3954162597656
2020-09-23,298.3131408691406
2020-09-24,299.1083068847656
2020-09-25,303.9439697265625
2020-09-28,308.9923095703125
2020-09-29,307.3094787597656
2020-09-30,309.6394348144531
2020-10-01,311.62744140625
2020-10-02,308.668701171875
2020-10-05,314.1423034667969
2020-10-06,309.6763916015625
2020-10-07,315.0669250488281
2020-10-08,317.85919189453125
2020-10-09,320.69769287109375
2020-10-12,325.85699462890625
2020-10-13,323.73046875
2020-10-14,321.6962890625
2020-10-15,321.29864501953125
2020-10-16,321.1044921875
2020-10-19,316.22265625
2020-10-20,317.4893493652344
2020-10-21,316.8883361816406
2020-10-22,318.6266174316406
2020-10-23,319.7084045410156
2020-10-26,313.8001708984375
2020-10-27,312.7184753417969
2020-10-28,302.030029296875
2020-10-29,305.0997314453125
2020-10-30,301.9191589355469
2020-11-02,305.3031005859375
2020-11-03,310.6935119628906
2020-11-04,317.6372985839844
2020-11-05,323.8321228027344
2020-11-06,323.7581481933594
2020-11-09,327.8263244628906
2020-11-10,327.3456726074219
2020-11-11,329.77734375
2020-11-12,326.578125
2020-11-13,331.0995178222656
2020-11-16,335.232421875
2020-11-17,333.4294128417969
2020-11-18,329.4166564941406
2020-11-19,330.8036193847656
2020-11-20,328.5382995605469
2020-11-23,330.5076904296875
2020-11-24,335.8334045410156
2020-11-25,335.3156433105469
2020-11-27,336.24951171875
2020-11-30,334.7608947753906
2020-12-01,338.42230224609375
2020-12-02,339.1342468261719
2020-12-03,339.04180908203125
2020-12-04,341.9635009765625
2020-12-07,341.2608337402344
2020-12-08,342.25933837890625
2020-12-09,339.1898193359375
2020-12-10,339.0787658691406
2020-12-11,338.68121337890625
2020-12-14,337.164794921875
2020-12-15,341.7231750488281
2020-12-16,342.25933837890625
2020-12-17,344.17327880859375
2020-12-18,342.79901123046875
2020-12-21,341.57342529296875
2020-12-22,340.9976806640625
2020-12-23,341.3041076660156
2020-12-24,342.63201904296875
2020-12-28,345.57537841796875
2020-12-29,344.9161071777344
2020-12-30,345.40826416015625
2020-12-31,347.1632080078125
2021-01-04,342.4369201660156
2021-01-05,344.79547119140625
2021-01-06,346.8567810058594
2021-01-07,352.0101318359375
2021-01-08,354.01593017578125
2021-01-11,351.62945556640625
2021-01-12,351.7037658691406
2021-01-13,352.65093994140625
2021-01-14,351.4158630371094
2021-01-15,348.8531494140625
2021-01-19,351.59234619140625
2021-01-20,356.4579162597656
2021-01-21,356.78289794921875
2021-01-22,355.5201110839844
2021-01-25,356.9222106933594
2021-01-26,356.3650817871094
2021-01-27,347.65521240234375
2021-01-28,350.6452331542969
2021-01-29,343.6255187988281
2021-02-01,349.34521484375
2021-02-02,354.2851257324219
2021-02-03,354.5637512207031
2021-02-04,358.5935974121094
2021-02-05,360.0049133300781
2021-02-08,362.60491943359375
2021-02-09,362.3633728027344
2021-02-10,362.20562744140625
2021-02-11,362.79052734375
2021-02-12,364.58270263671875
2021-02-16,364.26690673828125
2021-02-17,364.3505554199219
2021-02-18,362.7998352050781
2021-02-19,362.15911865234375
2021-02-22,359.3735046386719
2021-02-23,359.8099365234375
2021-02-24,363.77484130859375
2021-02-25,355.00933837890625
2021-02-26,353.18011474609375
2021-03-01,361.7413635253906
2021-03-02,358.91851806640625
2021-03-03,354.1644287109375
2021-03-04,349.7816467285156
2021-03-05,356.2164306640625
2021-03-08,354.44293212890625
2021-03-09,359.5035400390625
2021-03-10,361.7413635253906
2021-03-11,365.4090881347656
2021-03-12,365.9012145996094
2021-03-15,368.0832824707031
2021-03-16,367.6189880371094
2021-03-17,368.87255859375
2021-03-18,363.5055847167969
2021-03-19,362.8330078125
2021-03-22,365.7301330566406
2021-03-23,362.8515625
2021-03-24,361.00701904296875
2021-03-25,363.03790283203125
2021-03-26,368.8882751464844
2021-03-29,368.7019348144531
2021-03-30,367.7237854003906
2021-03-31,369.2142639160156
2021-04-01,373.201416015625
2021-04-05,378.55810546875
2021-04-06,378.3344421386719
2021-04-07,378.7723388671875
2021-04-08,380.5703125
2021-04-09,383.33709716796875
2021-04-12,383.4768371582031
2021-04-13,384.61328125
2021-04-14,383.2997741699219
2021-04-15,387.4174499511719
2021-04-16,388.7123718261719
2021-04-19,386.8026123046875
2021-04-20,383.9705810546875
2021-04-21,387.6036682128906
2021-04-22,384.0636901855469
2021-04-23,388.2278747558594
2021-04-26,389.0383605957031
2021-04-27,388.9544677734375
2021-04-28,388.8426513671875
2021-04-29,391.3206481933594
2021-04-30,388.7496032714844
2021-05-03,389.5879821777344
2021-05-04,387.1845397949219
2021-05-05,387.3056335449219
2021-05-06,390.39849853515625
2021-05-07,393.23980712890625
2021-05-10,389.3457946777344
2021-05-11,385.8709716796875
2021-05-12,377.6730651855469
2021-05-13,382.20989990234375
2021-05-14,388.0787658691406
2021-05-17,387.0914001464844
2021-05-18,383.7562255859375
2021-05-19,382.7501525878906
2021-05-20,386.8678283691406
2021-05-21,386.551025390625
2021-05-24,390.49163818359375
2021-05-25,389.6253356933594
2021-05-26,390.39849853515625
2021-05-27,390.60345458984375
2021-05-28,391.3021240234375
2021-06-01,390.9574279785156
2021-06-02,391.5722961425781
2021-06-03,390.11895751953125
2021-06-04,393.68701171875
2021-06-07,393.3050842285156
2021-06-08,393.3888854980469
2021-06-09,392.8020324707031
2021-06-10,394.6278991699219
2021-06-11,395.2799072265625
2021-06-14,396.1650390625
2021-06-15,395.4383239746094
2021-06-16,393.2304992675781
2021-06-17,393.10009765625
2021-06-18,387.7969665527344
2021-06-21,393.3486633300781
2021-06-22,395.4516296386719
2021-06-23,394.9750061035156
2021-06-24,397.3116149902344
2021-06-25,398.7227478027344
2021-06-28,399.52655029296875
2021-06-29,399.7415771484375
2021-06-30,400.0780944824219
2021-07-01,402.2930908203125
2021-07-02,405.3680419921875
2021-07-06,404.6296691894531
2021-07-07,406.0595703125
2021-07-08,402.75103759765625
2021-07-09,407.05035400390625
2021-07-12,408.5083923339844
2021-07-13,407.1158142089844
2021-07-14,407.7232360839844
2021-07-15,406.33074951171875
2021-07-16,403.1436767578125
2021-07-19,397.1900939941406
2021-07-20,402.8818664550781
2021-07-21,406.14373779296875
2021-07-22,406.9942932128906
2021-07-23,411.1814880371094
2021-07-26,412.19085693359375
2021-07-27,410.312255859375
2021-07-28,410.14398193359375
2021-07-29,411.8450622558594
2021-07-30,409.8450012207031
2021-08-02,408.9850769042969
2021-08-03,412.3123779296875
2021-08-04,410.2841796875
2021-08-05,412.8824462890625
2021-08-06,413.5647277832031
2021-08-09,413.228271484375
2021-08-10,413.7422790527344
2021-08-11,414.77044677734375
2021-08-12,416.0135498046875
2021-08-13,416.7705383300781
2021-08-16,417.7519226074219
2021-08-17,415.013427734375
2021-08-18,410.4710998535156
2021-08-19,411.1066589355469
2021-08-20,414.3779602050781
2021-08-23,418.0229187011719
2021-08-24,418.6865234375
2021-08-25,419.5650939941406
2021-08-26,417.0882873535156
2021-08-27,420.8175048828125
2021-08-30,422.6680908203125
2021-08-31,422.0418701171875
2021-09-01,422.26611328125
2021-09-02,423.5652770996094
2021-09-03,423.4625244140625
2021-09-07,421.9483947753906
2021-09-08,421.4343566894531
2021-09-09,419.6305236816406
2021-09-10,416.3218994140625
2021-09-13,417.3874206542969
2021-09-14,415.1348876953125
2021-09-15,418.6023864746094
2021-09-16,417.9388732910156
2021-09-17,413.86767578125
2021-09-20,406.9667053222656
2021-09-21,406.582275390625
2021-09-22,410.5484924316406
2021-09-23,415.5366516113281
2021-09-24,416.22119140625
2021-09-27,415.0303649902344
2021-09-28,406.666748046875
2021-09-29,407.3512268066406
2021-09-30,402.3724060058594
2021-10-01,407.15423583984375
2021-10-04,401.90362548828125
2021-10-05,406.08544921875
2021-10-06,407.7730407714844
2021-10-07,411.29852294921875
2021-10-08,410.5484924316406
2021-10-11,407.57623291015625
2021-10-12,406.5729064941406
2021-10-13,408.03558349609375
2021-10-14,414.8990478515625
2021-10-15,418.0588684082031
2021-10-18,419.29656982421875
2021-10-19,422.5313720703125
2021-10-20,424.19091796875
2021-10-21,425.29736328125
2021-10-22,424.8566589355469
2021-10-25,427.1350402832031
2021-10-26,427.51953125
2021-10-27,425.62548828125
2021-10-28,429.7322998046875
2021-10-29,430.6042175292969
2021-11-01,431.3450012207031
2021-11-02,433.08892822265625
2021-11-03,435.7331237792969
2021-11-04,437.7864990234375
2021-11-05,439.305419921875
2021-11-08,439.6805114746094
2021-11-09,438.22723388671875
2021-11-10,434.70172119140625
2021-11-11,434.8423156738281
2021-11-12,438.1239929199219
2021-11-15,438.2740783691406
2021-11-16,440.0086364746094
2021-11-17,438.9397888183594
2021-11-18,440.43060302734375
2021-11-19,439.6429748535156
2021-11-22,438.4053039550781
2021-11-23,438.9867248535156
2021-11-24,440.1585998535156
2021-11-26,430.34173583984375
2021-11-29,435.6205749511719
2021-11-30,427.1444091796875
2021-12-01,422.3999938964844
2021-12-02,428.8696594238281
2021-12-03,425.1379089355469
2021-12-06,430.1730041503906
2021-12-07,439.07110595703125
2021-12-08,440.23370361328125
2021-12-09,437.26141357421875
2021-12-10,441.3775939941406
2021-12-13,437.4676513671875
2021-12-14,434.45794677734375
2021-12-15,441.2463684082031
2021-12-16,437.35516357421875
2021-12-17,432.70050048828125
2021-12-20,428.09942626953125
2021-12-21,435.7019958496094
2021-12-22,440.0584716796875
2021-12-23,442.7966003417969
2021-12-27,449.0630187988281
2021-12-28,448.69610595703125
2021-12-29,449.2701110839844
2021-12-30,448.028076171875
2021-12-31,446.8989562988281
2022-01-03,449.4864807128906
2022-01-04,449.33587646484375
2022-01-05,440.70770263671875
2022-01-06,440.2936706542969
2022-01-07,438.5530090332031
2022-01-10,438.00726318359375
2022-01-11,441.9967041015625
2022-01-12,443.191650390625
2022-01-13,437.0850830078125
2022-01-14,437.263916015625
2022-01-18,429.5201721191406
2022-01-19,425.0601501464844
2022-01-20,420.3555908203125
2022-01-21,412.1037902832031
2022-01-24,413.85382080078125
2022-01-25,408.80108642578125
2022-01-26,407.7755432128906
2022-01-27,405.761962890625
2022-01-28,415.8392639160156
2022-01-31,423.32891845703125
2022-02-01,426.1892395019531
2022-02-02,430.32928466796875
2022-02-03,420.2144470214844
2022-02-04,422.1903991699219
2022-02-07,420.8354187011719
2022-02-08,424.2980041503906
2022-02-09,430.5080871582031
2022-02-10,422.7737731933594
2022-02-11,414.437255859375
2022-02-14,413.0822448730469
2022-02-15,419.7440185546875
2022-02-16,420.2144470214844
2022-02-17,411.238037109375
2022-02-18,408.57525634765625
2022-02-22,404.1905822753906
2022-02-23,397.0207824707031
2022-02-24,402.9956970214844
2022-02-25,411.88739013671875
2022-02-28,410.83349609375
2022-03-01,404.5764465332031
2022-03-02,412.0190734863281
2022-03-03,409.96783447265625
2022-03-04,406.6369323730469
2022-03-07,394.64971923828125
2022-03-08,391.6575622558594
2022-03-09,402.1581726074219
2022-03-10,400.3421936035156
2022-03-11,395.251953125
2022-03-14,392.36322021484375
2022-03-15,400.9914855957031
2022-03-16,409.8832092285156
2022-03-17,415.0111999511719
2022-03-18,419.55670166015625
2022-03-21,419.4341125488281
2022-03-22,424.3420104980469
2022-03-23,418.87713623046875
2022-03-24,425.1914367675781
2022-03-25,427.2679138183594
2022-03-28,430.3070983886719
2022-03-29,435.6303405761719
2022-03-30,432.9403381347656
2022-03-31,426.27685546875
2022-04-01,427.48492431640625
2022-04-04,431.1470642089844
2022-04-05,425.7011413574219
2022-04-06,421.4443664550781
2022-04-07,423.5680847167969
2022-04-08,422.4354553222656
2022-04-11,415.21502685546875
2022-04-12,413.6766052246094
2022-04-13,418.41473388671875
2022-04-14,413.20465087890625
2022-04-18,413.3745422363281
2022-04-19,420.0475158691406
2022-04-20,419.73602294921875
2022-04-21,413.4595031738281
2022-04-22,402.1145324707031
2022-04-25,404.4458312988281
2022-04-26,392.73272705078125
2022-04-27,393.83697509765625
2022-04-28,403.7851257324219
2022-04-29,388.8629455566406
2022-05-02,391.2037048339844
2022-05-03,392.9969787597656
2022-05-04,404.9649658203125
2022-05-05,390.5713806152344
2022-05-06,388.2400817871094
2022-05-09,375.80963134765625
2022-05-10,376.6779479980469
2022-05-11,370.69403076171875
2022-05-12,370.3070068359375
2022-05-13,379.1602478027344
2022-05-16,377.6217956542969
2022-05-17,385.3896484375
2022-05-18,369.85394287109375
2022-05-19,367.5887145996094
2022-05-20,367.74920654296875
2022-05-23,374.6297912597656
2022-05-24,371.77001953125
2022-05-25,375.0545654296875
2022-05-26,382.5486755371094
2022-05-27,391.93994140625
2022-05-31,389.7407531738281
2022-06-01,386.58831787109375
2022-06-02,393.95025634765625
2022-06-03,387.4849853515625
2022-06-06,388.6648254394531
2022-06-07,392.3929138183594
2022-06-08,388.126708984375
2022-06-09,378.89599609375
2022-06-10,367.90960693359375
2022-06-13,353.9407653808594
2022-06-14,352.8742370605469
2022-06-15,357.9049377441406
2022-06-16,346.0597839355469
2022-06-17,346.8057556152344
2022-06-21,355.5361328125
2022-06-22,354.8915100097656
2022-06-23,358.370361328125
2022-06-24,369.76434326171875
2022-06-27,368.35198974609375
2022-06-28,360.825439453125
2022-06-29,360.5316162109375
2022-06-30,357.6025390625
2022-07-01,361.3847351074219
2022-07-05,362.06719970703125
2022-07-06,363.2901611328125
2022-07-07,368.7310791015625
2022-07-08,368.4278259277344
2022-07-11,364.218994140625
2022-07-12,360.9961242675781
2022-07-13,359.1001892089844
2022-07-14,358.2281799316406
2022-07-15,365.0722351074219
2022-07-18,362.0577087402344
2022-07-19,371.84027099609375
2022-07-20,374.21002197265625
2022-07-21,378.0207214355469
2022-07-22,374.513427734375
2022-07-25,374.96844482421875
2022-07-26,370.5321960449219
2022-07-27,380.153564453125
2022-07-28,384.9216003417969
2022-07-29,390.53326416015625
2022-08-01,389.37677001953125
2022-08-02,386.8079528808594
2022-08-03,392.8651428222656
2022-08-04,392.5997314453125
2022-08-05,391.9361572265625
2022-08-08,391.481201171875
2022-08-09,389.9266052246094
2022-08-10,398.1166076660156
2022-08-11,398.1166076660156
2022-08-12,404.8563537597656
2022-08-15,406.5246276855469
2022-08-16,407.3209228515625
2022-08-17,404.4298095703125
2022-08-18,405.6051940917969
2022-08-19,400.1546325683594
2022-08-22,391.8224792480469
2022-08-23,390.87457275390625
2022-08-24,392.1258239746094
2022-08-25,397.66162109375
2022-08-26,384.201171875
2022-08-29,381.66082763671875
2022-08-30,377.470947265625
2022-08-31,374.59869384765625
2022-09-01,375.774169921875
2022-09-02,371.8118896484375
2022-09-06,370.4090270996094
2022-09-07,377.0633239746094
2022-09-08,379.5279541015625
2022-09-09,385.4239501953125
2022-09-12,389.5663757324219
2022-09-13,372.6270751953125
2022-09-14,374.0489501953125
2022-09-15,369.8023376464844
2022-09-16,366.9810791015625
2022-09-19,369.82696533203125
2022-09-20,365.58197021484375
2022-09-21,359.2047424316406
2022-09-22,356.18756103515625
2022-09-23,350.21966552734375
2022-09-26,346.7550354003906
2022-09-27,345.8698425292969
2022-09-28,352.6753234863281
2022-09-29,345.308349609375
2022-09-30,339.96868896484375
2022-10-03,348.9441833496094
2022-10-04,359.7568359375
2022-10-05,358.919189453125
2022-10-06,355.2166748046875
2022-10-07,345.308349609375
2022-10-10,342.6717529296875
2022-10-11,340.50164794921875
2022-10-12,339.3785095214844
2022-10-13,348.3351135253906
2022-10-14,340.3969421386719
2022-10-17,349.14410400390625
2022-10-18,353.2463684082031
2022-10-19,350.7431335449219
2022-10-20,347.80206298828125
2022-10-21,356.25421142578125
2022-10-24,360.61346435546875
2022-10-25,366.3719177246094
2022-10-26,363.61163330078125
2022-10-27,361.66998291015625
2022-10-28,370.27435302734375
2022-10-31,367.5997619628906
2022-11-01,365.9911804199219
2022-11-02,356.80621337890625
2022-11-03,353.1322021484375
2022-11-04,358.21490478515625
2022-11-07,361.6414489746094
2022-11-08,363.5926513671875
2022-11-09,356.1018981933594
2022-11-10,375.6711730957031
2022-11-11,379.30706787109375
2022-11-14,376.0804138183594
2022-11-15,379.2879638671875
2022-11-16,376.3945007324219
2022-11-17,375.2427978515625
2022-11-18,376.9465637207031
2022-11-21,375.5759582519531
2022-11-22,380.6300964355469
2022-11-23,383.0286865234375
2022-11-25,382.9429931640625
2022-11-28,376.8323669433594
2022-11-29,376.18511962890625
2022-11-30,388.0351867675781
2022-12-01,387.7496032714844
2022-12-02,387.3023376464844
2022-12-05,380.33502197265625
2022-12-06,374.8525085449219
2022-12-07,374.2148742675781
2022-12-08,377.14642333984375
2022-12-09,374.3290710449219
2022-12-12,379.72589111328125
2022-12-13,382.60040283203125
2022-12-14,380.1541442871094
2022-12-15,370.85498046875
2022-12-16,366.4765930175781
2022-12-19,363.3689880371094
2022-12-20,363.86627197265625
2022-12-21,369.3069763183594
2022-12-22,364.038330078125
2022-12-23,366.13232421875
2022-12-27,364.6885681152344
2022-12-28,360.1562805175781
2022-12-29,366.6391906738281
2022-12-30,365.67340087890625
2023-01-03,364.13397216796875
2023-01-04,366.94512939453125
2023-01-05,362.75701904296875
2023-01-06,371.07586669921875
2023-01-09,370.86553955078125
2023-01-10,373.46630859375
2023-01-11,378.1898498535156
2023-01-12,379.5668029785156
2023-01-13,381.03924560546875
2023-01-17,380.34124755859375
2023-01-18,374.33636474609375
2023-01-19,371.6112976074219
2023-01-20,378.5340576171875
2023-01-23,383.07598876953125
2023-01-24,382.6648254394531
2023-01-25,382.8082275390625
2023-01-26,387.0154113769531
2023-01-27,387.9046936035156
2023-01-30,383.0377502441406
2023-01-31,388.6696472167969
2023-02-01,392.80029296875
2023-02-02,398.5183410644531
2023-02-03,394.2824401855469
2023-02-06,391.8728942871094
2023-02-07,396.9980163574219
2023-02-08,392.65692138671875
2023-02-09,389.2528991699219
2023-02-10,390.16131591796875
2023-02-13,394.7413330078125
2023-02-14,394.55975341796875
2023-02-15,395.8409729003906
2023-02-16,390.3907775878906
2023-02-17,389.41546630859375
2023-02-21,381.6033935546875
2023-02-22,381.0775146484375
2023-02-23,383.1046142578125
2023-02-24,379.0121765136719
2023-02-27,380.3030090332031
2023-02-28,378.8974609375
2023-03-01,377.4440002441406
2023-03-02,380.37957763671875
2023-03-03,386.4800109863281
2023-03-06,386.7477111816406
2023-03-07,380.8193359375
2023-03-08,381.44085693359375
2023-03-09,374.40338134765625
2023-03-10,369.0010070800781
2023-03-13,368.47503662109375
2023-03-14,374.56591796875
2023-03-15,372.22320556640625
2023-03-16,378.7540283203125
2023-03-17,374.3253479003906
2023-03-20,377.92474365234375
2023-03-21,382.8870849609375
2023-03-22,376.3602294921875
2023-03-23,377.3777160644531
2023-03-24,379.8539733886719
2023-03-27,380.56427001953125
2023-03-28,379.71002197265625
2023-03-29,385.22906494140625
2023-03-30,387.48468017578125
2023-03-31,392.9461364746094
2023-04-03,394.4434814453125
2023-04-04,392.25506591796875
2023-04-05,391.22802734375
2023-04-06,392.754150390625
2023-04-10,393.1572570800781
2023-04-11,393.2628479003906
2023-04-12,391.6599426269531
2023-04-13,396.86224365234375
2023-04-14,395.8927917480469
2023-04-17,397.3133239746094
2023-04-18,397.572509765625
2023-04-19,397.50531005859375
2023-04-20,395.3360900878906
2023-04-21,395.64324951171875
2023-04-24,396.05596923828125
2023-04-25,389.76904296875
2023-04-26,388.1181640625
2023-04-27,395.84478759765625
2023-04-28,399.2234191894531
2023-05-01,398.8202819824219
2023-05-02,394.3378601074219
2023-05-03,391.6311340332031
2023-05-04,388.85723876953125
2023-05-05,396.05596923828125
2023-05-08,396.1615295410156
2023-05-09,394.4242248535156
2023-05-10,396.2671203613281
2023-05-11,395.5760192871094
2023-05-12,395.0577392578125
2023-05-15,396.4206848144531
2023-05-16,393.7715759277344
2023-05-17,398.551513671875
2023-05-18,402.3908996582031
2023-05-19,401.80535888671875
2023-05-22,401.968505859375
2023-05-23,397.45733642578125
2023-05-24,394.5777893066406
2023-05-25,397.99481201171875
2023-05-26,403.1491394042969
2023-05-30,403.30267333984375
2023-05-31,401.0662841796875
2023-06-01,404.8768005371094
2023-06-02,410.73187255859375
2023-06-05,409.94476318359375
2023-06-06,410.8373718261719
2023-06-07,409.4168395996094
2023-06-08,411.89324951171875
2023-06-09,412.6322937011719
2023-06-12,416.3756103515625
2023-06-13,419.1207580566406
2023-06-14,419.6199035644531
2023-06-15,424.82220458984375
2023-06-16,423.3751525878906
2023-06-20,421.1786193847656
2023-06-21,419.0205993652344
2023-06-22,420.5331115722656
2023-06-23,417.3538513183594
2023-06-26,415.6486511230469
2023-06-27,420.2055969238281
2023-06-28,420.4175109863281
2023-06-29,422.0745544433594
2023-06-30,427.0553283691406
2023-07-03,427.546630859375
2023-07-05,426.91082763671875
2023-07-06,423.5678405761719
2023-07-07,422.4985046386719
2023-07-10,423.5678405761719
2023-07-11,426.2652893066406
2023-07-12,429.695068359375
2023-07-13,433.1054992675781
2023-07-14,432.83575439453125
2023-07-17,434.338623046875
2023-07-18,437.5660400390625
2023-07-19,438.5390625
2023-07-20,435.62957763671875
2023-07-21,435.62957763671875
2023-07-24,437.5756530761719
2023-07-25,438.770263671875
2023-07-26,438.8376770019531
2023-07-27,435.92822265625
2023-07-28,440.1961364746094
2023-07-31,441.0342712402344
2023-08-01,439.7722473144531
2023-08-02,433.6546325683594
2023-08-03,432.4118347167969
2023-08-04,430.4560852050781
2023-08-07,434.2134094238281
2023-08-08,432.32513427734375
2023-08-09,429.43487548828125
2023-08-10,429.5890808105469
2023-08-11,429.3385314941406
2023-08-14,431.70849609375
2023-08-15,426.67962646484375
2023-08-16,423.548583984375
2023-08-17,420.3211975097656
2023-08-18,420.52349853515625
2023-08-21,423.2595520019531
2023-08-22,422.113037109375
2023-08-23,426.814453125
2023-08-24,420.8992614746094
2023-08-25,423.8664855957031
2023-08-28,426.5543518066406
2023-08-29,432.7201232910156
2023-08-30,434.50238037109375
2023-08-31,433.8665771484375
2023-09-01,434.67578125
2023-09-05,432.7971496582031
2023-09-06,429.8877258300781
2023-09-07,428.5678405761719
2023-09-08,429.2132873535156
2023-09-11,432.0361022949219
2023-09-12,429.6661376953125
2023-09-13,430.1671447753906
2023-09-14,433.876220703125
2023-09-15,428.6487731933594
2023-09-18,428.90008544921875
2023-09-19,428.0106201171875
2023-09-20,424.0757751464844
2023-09-21,417.0664978027344
2023-09-22,416.12872314453125
2023-09-25,417.87860107421875
2023-09-26,411.7394714355469
2023-09-27,411.9037780761719
2023-09-28,414.29180908203125
2023-09-29,413.28631591796875
2023-10-02,413.1219787597656
2023-10-03,407.5919189453125
2023-10-04,410.5599365234375
2023-10-05,410.4052734375
2023-10-06,415.2778625488281
2023-10-09,417.9366149902344
2023-10-10,420.1119079589844
2023-10-11,421.832763671875
2023-10-12,419.26116943359375
2023-10-13,417.17279052734375
2023-10-16,421.56207275390625
2023-10-17,421.5427551269531
2023-10-18,415.9256896972656
2023-10-19,412.2711181640625
2023-10-20,407.2051086425781
2023-10-23,406.4994201660156
2023-10-24,409.5641174316406
2023-10-25,403.6860046386719
2023-10-26,398.8520202636719
2023-10-27,397.04412841796875
2023-10-30,401.7911376953125
2023-10-31,404.3144226074219
2023-11-01,408.6263732910156
2023-11-02,416.4574890136719
2023-11-03,420.2569274902344
2023-11-06,421.2237243652344
2023-11-07,422.42254638671875
2023-11-08,422.7319030761719
2023-11-09,419.4350891113281
2023-11-10,425.9803466796875
2023-11-13,425.57427978515625
2023-11-14,433.8307189941406
2023-11-15,434.7491760253906
2023-11-16,435.28094482421875
2023-11-17,435.82232666015625
2023-11-20,439.17718505859375
2023-11-21,438.219970703125
2023-11-22,439.91192626953125
2023-11-24,440.1825866699219
2023-11-27,439.38983154296875
2023-11-28,439.8248291015625
2023-11-29,439.51544189453125
2023-11-30,441.24609375
2023-12-01,443.8564453125
2023-12-04,441.5264587402344
2023-12-05,441.4394836425781
2023-12-06,439.6605529785156
2023-12-07,443.01531982421875
2023-12-08,444.9199523925781
2023-12-11,446.6504821777344
2023-12-12,448.6903991699219
2023-12-13,454.87786865234375
2023-12-14,456.3377685546875
2023-12-15,455.58642578125
2023-12-18,458.149169921875
2023-12-19,460.9350891113281
2023-12-20,454.5477294921875
2023-12-21,458.8577575683594
2023-12-22,459.77996826171875
2023-12-26,461.7213439941406
2023-12-27,462.55615234375
2023-12-28,462.7309265136719
2023-12-29,461.39129638671875
2024-01-02,458.8092041015625
2024-01-03,455.062255859375
2024-01-04,453.596435546875
2024-01-05,454.2177429199219
2024-01-08,460.70208740234375
2024-01-09,460.0032653808594
2024-01-10,462.6047058105469
2024-01-11,462.40087890625
2024-01-12,462.72119140625
2024-01-16,461.0224304199219
2024-01-17,458.45977783203125
2024-01-18,462.5367126464844
2024-01-19,468.30279541015625
2024-01-22,469.2929382324219
2024-01-23,470.6616516113281
2024-01-24,471.1761169433594
2024-01-25,473.7388000488281
2024-01-26,473.13702392578125
2024-01-29,476.8839111328125
2024-01-30,476.51507568359375
2024-01-31,468.7396240234375
2024-02-01,474.87457275390625
2024-02-02,479.873779296875
2024-02-05,478.1264343261719
2024-02-06,479.5146179199219
2024-02-07,483.513916015625
2024-02-08,483.7275085449219
2024-02-09,486.523193359375
2024-02-12,486.3095703125
2024-02-13,479.61163330078125
2024-02-14,483.9701843261719
2024-02-15,487.3094787597656
2024-02-16,484.8827209472656
2024-02-20,482.2132263183594
2024-02-21,482.64996337890625
2024-02-22,492.638671875
2024-02-23,492.9784240722656
2024-02-26,491.17291259765625
2024-02-27,492.0853271484375
2024-02-28,491.43499755859375
2024-02-29,493.20166015625
2024-03-01,497.83197021484375
2024-03-04,497.2981262207031
2024-03-05,492.3280334472656
2024-03-06,494.8227844238281
2024-03-07,499.7345886230469
2024-03-08,496.7351379394531
2024-03-11,496.3079833984375
2024-03-12,501.64697265625
2024-03-13,500.86065673828125
2024-03-14,499.87054443359375
2024-03-15,496.4381103515625
2024-03-18,499.3885192871094
2024-03-19,502.1636962890625
2024-03-20,506.8083801269531
2024-03-21,508.4832763671875
2024-03-22,507.5193176269531
2024-03-25,506.11700439453125
2024-03-26,505.1822509765625
2024-03-27,509.42767333984375
2024-03-28,509.330322265625
2024-04-01,508.4443359375
2024-04-02,505.21148681640625
2024-04-03,505.7664489746094
2024-04-04,499.593017578125
2024-04-05,504.8122863769531
2024-04-08,505.0945739746094
2024-04-09,505.6788635253906
2024-04-10,500.61541748046875
2024-04-11,504.39349365234375
2024-04-12,497.43133544921875
2024-04-15,491.199462890625
2024-04-16,490.3036193847656
2024-04-17,487.4018859863281
2024-04-18,486.3989562988281
2024-04-19,482.1534729003906
2024-04-22,486.59368896484375
2024-04-23,492.3679504394531
2024-04-24,492.1342468261719
2024-04-25,490.2646179199219
2024-04-26,494.9093322753906
2024-04-29,496.6620788574219
2024-04-30,488.7943420410156
2024-05-01,487.2071838378906
2024-05-02,491.7641906738281
2024-05-03,497.85980224609375
2024-05-06,503.0011291503906
2024-05-07,503.55621337890625
2024-05-08,503.6047668457031
2024-05-09,506.5065002441406
2024-05-10,507.15887451171875
2024-05-13,507.2270812988281
2024-05-14,509.55426025390625
2024-05-15,515.8641967773438
2024-05-16,514.8026733398438
2024-05-17,515.542724609375
2024-05-20,516.1367797851562
2024-05-21,517.402587890625
2024-05-22,515.9127807617188
2024-05-23,512.1444091796875
2024-05-24,515.5330810546875
2024-05-28,515.893310546875
2024-05-29,512.28076171875
2024-05-30,508.8824462890625
2024-05-31,513.517333984375
2024-06-03,513.9359741210938
2024-06-04,514.5106201171875
2024-06-05,520.6256103515625
2024-06-06,520.6159057617188
2024-06-07,519.9829711914062
2024-06-10,521.5895385742188
2024-06-11,522.8457641601562
2024-06-12,527.1399536132812
2024-06-13,528.2012939453125
2024-06-14,528.522705078125
2024-06-17,532.7291259765625
2024-06-18,534.0825805664062
2024-06-20,532.6318359375
2024-06-21,531.9177856445312
2024-06-24,530.1885375976562
2024-06-25,532.230224609375
2024-06-26,532.8946533203125
2024-06-27,533.7347412109375
2024-06-28,531.6343383789062
2024-07-01,532.728515625
2024-07-02,536.3135986328125
2024-07-03,538.7069702148438
2024-07-05,541.8134155273438
2024-07-08,542.4386596679688
2024-07-09,542.9661865234375
2024-07-10,548.3389282226562
2024-07-11,543.6109008789062
2024-07-12,547.0396728515625
2024-07-15,548.5440673828125
2024-07-16,551.7970581054688
2024-07-17,544.0601196289062
2024-07-18,539.8792114257812
2024-07-19,536.2940673828125
2024-07-22,541.8231811523438
2024-07-23,540.9733276367188
2024-07-24,528.7135009765625
2024-07-25,525.958740234375
2024-07-26,531.8493041992188
2024-07-29,532.1619262695312
2024-07-30,529.4656982421875
2024-07-31,538.0719604492188
2024-08-01,530.452392578125
2024-08-02,520.5762939453125
2024-08-05,505.41510009765625
2024-08-06,510.07476806640625
2024-08-07,506.6654052734375
2024-08-08,518.3782348632812
2024-08-09,520.6640625
2024-08-12,520.9376220703125
2024-08-13,529.5048217773438
2024-08-14,531.1752319335938
2024-08-15,540.2797241210938
2024-08-16,541.490966796875
2024-08-19,546.66845703125
2024-08-20,545.779541015625
2024-08-21,547.6551513671875
2024-08-22,543.3568115234375
2024-08-23,549.1301879882812
2024-08-26,547.8211059570312
2024-08-27,548.5734252929688
2024-08-28,545.3887939453125
2024-08-29,545.4375
2024-08-30,550.6444091796875
2024-09-03,539.3126831054688
2024-09-04,538.2088623046875
2024-09-05,536.8997802734375
2024-09-06,527.86376953125
2024-09-09,533.7737426757812
2024-09-10,536.0987548828125
2024-09-11,541.5984497070312
2024-09-12,546.1605224609375
2024-09-13,549.012939453125
2024-09-16,549.8237915039062
2024-09-17,550.0484619140625
2024-09-18,548.4171142578125
2024-09-19,557.7755126953125
2024-09-20,556.811279296875
2024-09-23,558.2027587890625
2024-09-24,559.7999877929688
2024-09-25,558.5653076171875
2024-09-26,560.7798461914062
2024-09-27,559.9664916992188
2024-09-30,562.2103881835938
2024-10-01,557.1739501953125
2024-10-02,557.4089965820312
2024-10-03,556.3899536132812
2024-10-04,561.4461059570312
2024-10-07,556.370361328125
2024-10-08,561.63232421875
2024-10-09,565.5224609375
2024-10-10,564.53271484375
2024-10-11,567.9132690429688
2024-10-14,572.557861328125
2024-10-15,568.1093139648438
2024-10-16,570.5785522460938
2024-10-17,570.6275024414062
2024-10-18,572.8223876953125
2024-10-21,571.8817138671875
2024-10-22,571.5779418945312
2024-10-23,566.3552856445312
2024-10-24,567.5801391601562
2024-10-25,567.3840942382812
2024-10-28,569.13818359375
2024-10-29,570.0592041015625
2024-10-30,568.3346557617188
2024-10-31,557.1935424804688
2024-11-01,559.545166015625
2024-11-04,558.3399047851562
2024-11-05,565.0912475585938
2024-11-06,579.1426391601562
2024-11-07,583.6205444335938
2024-11-08,586.1486206054688
2024-11-11,586.7072143554688
2024-11-12,584.8846435546875
2024-11-13,585.1688232421875
2024-11-14,581.4061279296875
2024-11-15,573.9591064453125
2024-11-18,576.3109130859375
2024-11-19,578.41748046875
2024-11-20,578.613525390625
2024-11-21,581.7196044921875
2024-11-22,583.5226440429688
2024-11-25,585.5020141601562
2024-11-26,588.5591430664062
2024-11-27,586.7758178710938
2024-11-29,590.4208374023438
2024-12-02,591.4791259765625
2024-12-03,591.7534790039062
2024-12-04,595.427978515625
2024-12-05,594.4480590820312
2024-12-06,595.5750122070312
2024-12-09,592.5079956054688
2024-12-10,590.6658935546875
2024-12-11,595.2320556640625
2024-12-12,592.1651000976562
2024-12-13,592.0474243164062
2024-12-16,594.5755004882812
2024-12-17,592.1258544921875
2024-12-18,574.4784545898438
2024-12-19,574.3019409179688
2024-12-20,581.199951171875
2024-12-23,584.6803588867188
2024-12-24,591.1791381835938
2024-12-26,591.218505859375
2024-12-27,584.9949340820312
2024-12-30,578.3192749023438
2024-12-31,576.2152709960938
2025-01-02,574.7994995117188
2025-01-03,581.986572265625
2025-01-06,585.339111328125
2025-01-07,578.7222900390625
2025-01-08,579.5678100585938
2025-01-10,570.7193603515625
2025-01-13,571.6041870117188
2025-01-14,572.3906860351562
2025-01-15,582.8026123046875
2025-01-16,581.6817626953125
2025-01-17,587.5217895507812
2025-01-21,592.8995971679688
2025-01-22,596.2326049804688
2025-01-23,599.4868774414062
2025-01-24,597.73681640625
2025-01-27,589.2815551757812
2025-01-28,594.3447875976562
2025-01-29,591.6804809570312
2025-01-30,594.8560791015625
2025-01-31,591.6903076171875
2025-02-03,587.70849609375
2025-02-04,591.6510009765625
2025-02-05,594.0499877929688
2025-02-06,596.1146850585938
2025-02-07,590.657958984375
2025-02-10,594.6693725585938
2025-02-11,595.12158203125
2025-02-12,593.2044677734375
2025-02-13,599.4672241210938
2025-02-14,599.4376831054688
2025-02-18,601.1975708007812
2025-02-19,602.6133422851562
2025-02-20,600.106201171875
2025-02-21,589.842041015625
2025-02-24,587.157958984375
2025-02-25,584.2378540039062
2025-02-26,584.5328979492188
2025-02-27,575.2025756835938
2025-02-28,584.178955078125
2025-03-03,573.9442749023438
2025-03-04,567.1504516601562
2025-03-05,573.24609375
2025-03-06,563.0703125
2025-03-07,566.2261962890625
2025-03-10,551.14453125
2025-03-11,546.5628662109375
2025-03-12,549.4631958007812
2025-03-13,542.1386108398438
2025-03-14,553.3369140625
2025-03-17,557.6039428710938
2025-03-18,551.5770874023438
2025-03-19,557.584228515625
2025-03-20,555.9718627929688
2025-03-21,556.1552124023438
2025-03-24,566.1151733398438
2025-03-25,567.4760131835938
2025-03-26,560.7012939453125
2025-03-27,559.2122802734375
2025-03-28,547.95068359375
2025-03-31,551.6288452148438
2025-04-01,553.18701171875
2025-04-02,556.6876831054688
2025-04-03,529.2538452148438
2025-04-04,498.2696838378906
2025-04-07,497.3822021484375
2025-04-08,489.591796875
2025-04-09,541.0084228515625
2025-04-10,517.3019409179688
2025-04-11,526.5321044921875
2025-04-14,531.6401977539062
2025-04-15,530.151123046875
2025-04-16,518.3668823242188
2025-04-17,519.1065063476562
2025-04-21,506.7503356933594
2025-04-22,519.9348754882812
2025-04-23,527.991455078125
2025-04-24,539.1051635742188
2025-04-25,543.0004272460938
2025-04-28,543.2073974609375
2025-04-29,546.6293334960938
2025-04-30,546.8462524414062
2025-05-01,550.7216796875
2025-05-02,558.8966674804688
2025-05-05,555.6918334960938
2025-05-06,551.0471801757812
2025-05-07,553.3645629882812
2025-05-08,557.2203369140625
2025-05-09,556.51025390625
2025-05-12,574.9014892578125
2025-05-13,578.6981811523438
2025-05-14,579.437744140625
2025-05-15,582.267822265625
2025-05-16,585.9559936523438
2025-05-19,586.596923828125
2025-05-20,584.6246948242188
2025-05-21,574.7732543945312
2025-05-22,575.0001831054688
2025-05-23,571.0753784179688
2025-05-27,582.9483032226562
2025-05-28,579.5757446289062
2025-05-29,581.8635864257812
2025-05-30,581.2127685546875
2025-06-02,584.4866943359375
2025-06-03,587.8197631835938
2025-06-04,587.6619262695312
2025-06-05,584.8219604492188
2025-06-06,590.8275146484375
2025-06-09,591.3599243164062
2025-06-10,594.7128295898438
2025-06-11,593.0166625976562
2025-06-12,595.37353515625
2025-06-13,588.7171630859375
2025-06-16,594.318359375
2025-06-17,589.2398681640625
2025-06-18,589.1510009765625
2025-06-20,587.7673950195312
2025-06-23,593.5730590820312
2025-06-24,600.1304321289062
2025-06-25,600.4666137695312
2025-06-26,605.1646118164062
2025-06-27,608.1712036132812
2025-06-30,611.0790405273438
2025-07-01,610.8812866210938
2025-07-02,613.650634765625
2025-07-03,618.4869995117188
2025-07-07,613.8779907226562
2025-07-08,613.5418090820312
2025-07-09,617.2210083007812
2025-07-10,618.9617919921875
2025-07-11,616.7858276367188
2025-07-14,617.9627685546875
2025-07-15,615.3220825195312
2025-07-16,617.3792114257812
2025-07-17,621.1573486328125
2025-07-18,620.7025146484375
2025-07-21,621.87939453125
2025-07-22,621.9684448242188
2025-07-23,627.259765625
2025-07-24,627.4674682617188
2025-07-25,630.1181030273438
2025-07-28,629.9598999023438
2025-07-29,628.2982788085938
2025-07-30,627.507080078125
2025-07-31,625.1531982421875
2025-08-01,614.9066162109375
2025-08-04,624.2530517578125
2025-08-05,621.0880737304688
2025-08-06,625.8455200195312
2025-08-07,625.3212280273438
2025-08-08,630.1972045898438
2025-08-11,628.9510498046875
2025-08-12,635.6468505859375
2025-08-13,637.8228149414062
2025-08-14,637.882080078125
2025-08-15,636.388671875
2025-08-18,636.2501220703125
2025-08-19,632.7984008789062
2025-08-20,631.1170043945312
2025-08-21,628.5851440429688
2025-08-22,638.2381591796875
2025-08-25,635.4292602539062
2025-08-26,638.0897827148438
2025-08-27,639.5436401367188
2025-08-28,641.8085327148438
2025-08-29,637.9810180664062
2025-09-02,633.2533569335938
2025-09-03,636.6853637695312
2025-09-04,642.00634765625
2025-09-05,640.1470336914062
2025-09-08,641.7195434570312
2025-09-09,643.2031860351562
2025-09-10,645.0625610351562
2025-09-11,650.423095703125
2025-09-12,650.20556640625
2025-09-15,653.6671752929688
2025-09-16,652.7671508789062
2025-09-17,651.9561157226562
2025-09-18,655.0023803710938
2025-09-19,658.2465209960938
2025-09-22,661.3607177734375
2025-09-23,657.7605590820312
2025-09-24,655.6677856445312
2025-09-25,652.6429443359375
2025-09-26,656.3819580078125
2025-09-29,658.2266845703125
2025-09-30,660.7061157226562
2025-10-01,662.9574584960938
2025-10-02,663.7210693359375
2025-10-03,663.7112426757812
2025-10-06,666.0914916992188
2025-10-07,663.6219482421875
2025-10-08,667.5791625976562
2025-10-09,665.6452026367188
2025-10-10,647.6542358398438
2025-10-13,657.5919189453125
2025-10-14,656.78857421875
2025-10-15,659.7044067382812
2025-10-16,655.2117309570312
2025-10-17,658.9308471679688
2025-10-20,665.7840576171875
2025-10-21,665.7741088867188
2025-10-22,662.3128051757812
2025-10-23,666.2402954101562
2025-10-24,671.6851806640625
2025-10-27,679.6094970703125
2025-10-28,681.4144897460938
2025-10-29,681.7418823242188
2025-10-30,674.2440185546875
2025-10-31,676.4556274414062
2025-11-03,677.7251586914062
2025-11-04,669.6917114257812
2025-11-05,672.012451171875
2025-11-06,664.8021850585938
2025-11-07,665.4567260742188
2025-11-10,675.8407592773438
2025-11-11,677.3878784179688
2025-11-12,677.7647705078125
2025-11-13,666.5180053710938
2025-11-14,666.4088745117188
2025-11-17,660.2002563476562
2025-11-18,654.6561889648438
2025-11-19,657.185302734375
2025-11-20,647.1683349609375
2025-11-21,653.6148681640625
2025-11-24,663.2351684570312
2025-11-25,669.4734497070312
2025-11-26,674.09521484375
2025-11-28,677.7747192382812
2025-12-01,674.6802978515625
2025-12-02,675.9300537109375
2025-12-03,678.2706298828125
2025-12-04,678.7665405273438
2025-12-05,680.0557861328125
2025-12-08,678.0127563476562
2025-12-09,677.4276123046875
2025-12-10,681.92041015625
2025-12-11,683.5072631835938
2025-12-12,676.1581420898438
2025-12-15,675.1365356445312
2025-12-16,673.2918701171875
2025-12-17,665.8832397460938
2025-12-18,670.9114990234375
2025-12-19,676.9923095703125
2025-12-22,681.2098388671875
2025-12-23,684.3233032226562
2025-12-24,686.7305297851562
2025-12-26,686.660888671875
2025-12-29,684.2138671875
2025-12-30,683.3782958984375
2025-12-31,678.3152465820312
2026-01-02,679.55859375
2026-01-05,684.0845947265625
2026-01-06,688.1529541015625
2026-01-07,685.9347534179688
2026-01-08,685.8651123046875
2026-01-09,690.4010009765625
2026-01-12,691.4852294921875
2026-01-13,690.1026000976562
2026-01-14,686.7105712890625
2026-01-15,688.5806884765625
2026-01-16,688.0037231445312
2026-01-20,673.9981689453125
2026-01-21,681.77685546875
2026-01-22,685.3379516601562
2026-01-23,685.5865478515625
2026-01-26,689.068115234375
2026-01-27,691.8134765625
2026-01-28,691.7438354492188
2026-01-29,690.3711547851562
2026-01-30,688.3121337890625
2026-02-02,691.73388671875
2026-02-03,685.885009765625
2026-02-04,682.5626831054688
2026-02-05,674.0379638671875
2026-02-06,686.96923828125
2026-02-09,690.2816162109375
2026-02-10,688.4613037109375
2026-02-11,688.3021850585938
2026-02-12,677.668701171875
2026-02-13,678.1461181640625
2026-02-17,679.2402954101562
2026-02-18,682.662109375
2026-02-19,680.8616943359375
2026-02-20,685.7855834960938
2026-02-23,678.7827758789062
2026-02-24,683.7164916992188
2026-02-25,689.4859008789062
2026-02-26,685.6561889648438
2026-02-27,682.3637084960938
2026-03-02,682.7516479492188
2026-03-03,676.7337036132812
2026-03-04,681.50830078125
2026-03-05,677.7084350585938
2026-03-06,668.8256225585938
2026-03-09,674.6845092773438
2026-03-10,673.6002807617188
2026-03-11,672.7548217773438
2026-03-12,662.5390625
2026-03-13,658.7890014648438
2026-03-16,665.493408203125
2026-03-17,667.2440185546875
2026-03-18,657.9335327148438
2026-03-19,656.3121337890625
2026-03-20,646.9034423828125
2026-03-23,653.6959228515625
2026-03-24,651.5015869140625
2026-03-25,655.1322021484375
2026-03-26,643.432373046875
2026-03-27,632.4606323242188
2026-03-30,630.3460693359375
2026-03-31,648.6688842773438
2026-04-01,653.5562744140625
2026-04-02,654.144775390625
2026-04-06,657.23681640625
2026-04-07,657.5260009765625
2026-04-08,674.27294921875
2026-04-09,678.162841796875
2026-04-10,677.7140502929688
2026-04-13,684.3369750976562
2026-04-14,692.675537109375
2026-04-15,698.1414184570312
2026-04-16,699.8569946289062
2026-04-17,708.3152465820312
2026-04-20,706.8988037109375
2026-04-21,702.2708129882812
2026-04-22,709.3825073242188
2026-04-23,706.6295776367188
2026-04-24,712.10546875
2026-04-27,713.332275390625
2026-04-28,709.8612060546875
2026-04-29,709.7515258789062
2026-04-30,716.8132934570312
2026-05-01,718.7982177734375
2026-05-04,716.1649780273438
2026-05-05,721.9102172851562
2026-05-06,731.9443359375
2026-05-07,729.7001342773438
2026-05-08,735.724609375
2026-05-11,737.4002685546875
2026-05-12,736.2831420898438
2026-05-13,740.4025268554688
2026-05-14,746.2474975585938
2026-05-15,737.2706298828125
2026-05-18,736.751953125
2026-05-19,731.8446044921875
2026-05-20,739.3452758789062
2026-05-21,740.8114624023438
2026-05-22,743.7239990234375
2026-05-26,748.6613159179688
2026-05-27,748.5316162109375
2026-05-28,752.6609497070312
2026-05-29,754.5361328125
2026-06-01,756.5908203125
2026-06-02,757.6182250976562
2026-06-03,752.3018798828125
2026-06-04,755.1445922851562
2026-06-05,735.65478515625
2026-06-08,737.3204345703125
2026-06-09,735.1560668945312
2026-06-10,723.56591796875
2026-06-11,735.8642578125
2026-06-12,739.843994140625
2026-06-15,752.890380859375
2026-06-16,748.4019775390625
2026-06-17,739.0560302734375
2026-06-18,746.739990234375
2026-06-22,744.3900146484375
2026-06-23,733.5800170898438
2026-06-24,733.239990234375
2026-06-25,734.2999877929688
2026-06-26,728.989990234375
2026-06-29,741.0
2026-06-30,746.77001953125
2026-07-01,745.760009765625
2026-07-02,744.780029296875
2026-07-06,751.280029296875
2026-07-07,747.7100219726562
2026-07-08,745.4000244140625
2026-07-09,751.7100219726562
2026-07-10,754.9500122070312
2026-07-13,749.1699829101562
2026-07-14,751.8300170898438
2026-07-15,754.8099975585938
2026-07-16,750.719970703125
2026-07-17,743.2899780273438
2026-07-20,742.0900268554688
2026-07-21,748.280029296875
2026-07-22,747.4099731445312
2026-07-23,738.1799926757812
2026-07-24,738.9299926757812
2026-07-27,739.0900268554688
2026-07-28,740.8599853515625
2026-07-29,729.4600219726562
2026-07-30,741.6900024414062
2026-07-31,747.030029296875
2026-08-03,757.6699829101562
2026-08-04,771.22998046875
