Date,Close
2011-01-03,96.67908477783203
2011-01-04,96.6258316040039
2011-01-05,97.12808990478516
2011-01-06,96.93785095214844
2011-01-07,96.74758911132812
2011-01-10,96.6258316040039
2011-01-11,96.96824645996094
2011-01-12,97.84335327148438
2011-01-13,97.68354034423828
2011-01-14,98.39128112792969
2011-01-18,98.55867004394531
2011-01-19,97.59224700927734
2011-01-20,97.462890625
2011-01-21,97.68354034423828
2011-01-24,98.23905181884766
2011-01-25,98.29235076904297
2011-01-26,98.67279052734375
2011-01-27,98.91629791259766
2011-01-28,97.18893432617188
2011-01-31,97.9194564819336
2011-02-01,99.48701477050781
2011-02-02,99.29680633544922
2011-02-03,99.51747131347656
2011-02-04,99.79902648925781
2011-02-07,100.42298126220703
2011-02-08,100.87953186035156
2011-02-09,100.6512680053711
2011-02-10,100.6893539428711
2011-02-11,101.29047393798828
2011-02-14,101.53399658203125
2011-02-15,101.21439361572266
2011-02-16,101.85360717773438
2011-02-17,102.1579818725586
2011-02-18,102.37102508544922
2011-02-22,100.31645202636719
2011-02-23,99.7000732421875
2011-02-24,99.631591796875
2011-02-25,100.69696807861328
2011-02-28,101.32089233398438
2011-03-01,99.631591796875
2011-03-02,99.84465789794922
2011-03-03,101.56439208984375
2011-03-04,100.8034439086914
2011-03-07,100.01204681396484
2011-03-08,100.88715362548828
2011-03-09,100.74260711669922
2011-03-10,98.87823486328125
2011-03-11,99.56311798095703
2011-03-14,98.96195220947266
2011-03-15,97.82814025878906
2011-03-16,96.01710510253906
2011-03-17,97.28788757324219
2011-03-18,97.64171600341797
2011-03-21,99.15496063232422
2011-03-22,98.81103515625
2011-03-23,99.09381103515625
2011-03-24,100.04150390625
2011-03-25,100.34722900390625
2011-03-28,100.10261535644531
2011-03-29,100.77518463134766
2011-03-30,101.47064208984375
2011-03-31,101.33308410644531
2011-04-01,101.76103973388672
2011-04-04,101.84514617919922
2011-04-05,101.82986450195312
2011-04-06,102.15084838867188
2011-04-07,101.89099884033203
2011-04-08,101.53939819335938
2011-04-11,101.23373413085938
2011-04-12,100.47711181640625
2011-04-13,100.46947479248047
2011-04-14,100.54589080810547
2011-04-15,100.91272735595703
2011-04-18,99.78164672851562
2011-04-19,100.35482788085938
2011-04-20,101.72284698486328
2011-04-21,102.24253845214844
2011-04-25,102.13556671142578
2011-04-26,103.01445007324219
2011-04-27,103.68698120117188
2011-04-28,104.02330780029297
2011-04-29,104.26782989501953
2011-05-02,104.10730743408203
2011-05-03,103.73286437988281
2011-05-04,103.0450210571289
2011-05-05,102.11262512207031
2011-05-06,102.56356048583984
2011-05-09,102.9609603881836
2011-05-10,103.83985900878906
2011-05-11,102.74699401855469
2011-05-12,103.23612213134766
2011-05-13,102.44127655029297
2011-05-16,101.79164123535156
2011-05-17,101.77635955810547
2011-05-18,102.68582916259766
2011-05-19,102.93036651611328
2011-05-20,102.11262512207031
2011-05-23,100.92802429199219
2011-05-24,100.843994140625
2011-05-25,101.18024444580078
2011-05-26,101.64645385742188
2011-05-27,102.03622436523438
2011-05-31,103.0985107421875
2011-06-01,100.78282928466797
2011-06-02,100.6758041381836
2011-06-03,99.67465209960938
2011-06-06,98.61994171142578
2011-06-07,98.55885314941406
2011-06-08,98.14611053466797
2011-06-09,98.89509582519531
2011-06-10,97.51941680908203
2011-06-13,97.59584045410156
2011-06-14,98.83393859863281
2011-06-15,97.07615661621094
2011-06-16,97.2901611328125
2011-06-17,97.58047485351562
2011-06-20,98.07970428466797
2011-06-21,99.42381286621094
2011-06-22,98.82470703125
2011-06-23,98.54056549072266
2011-06-24,97.3961410522461
2011-06-27,98.26408386230469
2011-06-28,99.54669189453125
2011-06-29,100.39922332763672
2011-06-30,101.35929107666016
2011-07-01,102.85696411132812
2011-07-05,102.77246856689453
2011-07-06,102.89535522460938
2011-07-07,103.96295166015625
2011-07-08,103.2256088256836
2011-07-11,101.35929107666016
2011-07-12,100.92145538330078
2011-07-13,101.25943756103516
2011-07-14,100.56046295166016
2011-07-15,101.14422607421875
2011-07-18,100.31474304199219
2011-07-19,101.94300079345703
2011-07-20,101.88154602050781
2011-07-21,103.29476928710938
2011-07-22,103.3638916015625
2011-07-25,102.78783416748047
2011-07-26,102.40383911132812
2011-07-27,100.30703735351562
2011-07-28,100.01521301269531
2011-07-29,99.33165740966797
2011-08-01,98.90921783447266
2011-08-02,96.38233184814453
2011-08-03,96.90460968017578
2011-08-04,92.36543273925781
2011-08-05,92.2271728515625
2011-08-08,86.22103881835938
2011-08-09,90.23027801513672
2011-08-10,86.24411010742188
2011-08-11,90.11505889892578
2011-08-12,90.7218017578125
2011-08-15,92.64196014404297
2011-08-16,91.85084533691406
2011-08-17,91.91229248046875
2011-08-18,87.94915008544922
2011-08-19,86.51290130615234
2011-08-22,86.58204650878906
2011-08-23,89.43148803710938
2011-08-24,90.69109344482422
2011-08-25,89.30863189697266
2011-08-26,90.60658264160156
2011-08-29,93.2103042602539
2011-08-30,93.4560775756836
2011-08-31,93.87080383300781
2011-09-01,92.88770294189453
2011-09-02,90.51443481445312
2011-09-06,89.85393524169922
2011-09-07,92.38849639892578
2011-09-08,91.4284439086914
2011-09-09,89.03211975097656
2011-09-12,89.6081314086914
2011-09-13,90.42996215820312
2011-09-14,91.68189239501953
2011-09-15,93.26404571533203
2011-09-16,93.8160629272461
2011-09-19,92.88189697265625
2011-09-20,92.77381896972656
2011-09-21,90.04084014892578
2011-09-22,87.13031768798828
2011-09-23,87.65531158447266
2011-09-26,89.7397689819336
2011-09-27,90.74340057373047
2011-09-28,88.89054870605469
2011-09-29,89.59312438964844
2011-09-30,87.35421752929688
2011-10-03,84.8683090209961
2011-10-04,86.72888946533203
2011-10-05,88.33467864990234
2011-10-06,89.93277740478516
2011-10-07,89.33057403564453
2011-10-10,92.31832885742188
2011-10-11,92.41093444824219
2011-10-12,93.2215805053711
2011-10-13,93.03631591796875
2011-10-14,94.62665557861328
2011-10-17,92.82014465332031
2011-10-18,94.6343765258789
2011-10-19,93.51493072509766
2011-10-20,93.92414855957031
2011-10-21,95.70748901367188
2011-10-24,96.8809814453125
2011-10-25,94.99723052978516
2011-10-26,95.96226501464844
2011-10-27,99.30513000488281
2011-10-28,99.28196716308594
2011-10-31,96.88871002197266
2011-11-01,94.1866226196289
2011-11-02,95.72293090820312
2011-11-03,97.46771240234375
2011-11-04,96.87324523925781
2011-11-07,97.4754409790039
2011-11-08,98.72611999511719
2011-11-09,95.08216094970703
2011-11-10,95.97772216796875
2011-11-11,97.78421783447266
2011-11-14,96.8577880859375
2011-11-15,97.33648681640625
2011-11-16,95.79241180419922
2011-11-17,94.27154541015625
2011-11-18,94.17120361328125
2011-11-21,92.38008117675781
2011-11-22,92.01724243164062
2011-11-23,89.98682403564453
2011-11-25,89.8169937133789
2011-11-28,92.41868591308594
2011-11-29,92.68116760253906
2011-11-30,96.49494171142578
2011-12-01,96.47949981689453
2011-12-02,96.39459991455078
2011-12-05,97.4445571899414
2011-12-06,97.4754409790039
2011-12-07,97.8382568359375
2011-12-08,95.69206237792969
2011-12-09,97.31329345703125
2011-12-12,95.89276885986328
2011-12-13,94.99723052978516
2011-12-14,93.98589324951172
2011-12-15,94.3255844116211
2011-12-16,94.4654312133789
2011-12-19,93.45543670654297
2011-12-20,96.28340911865234
2011-12-21,96.46987915039062
2011-12-22,97.32447814941406
2011-12-23,98.19462585449219
2011-12-27,98.27233123779297
2011-12-28,96.98263549804688
2011-12-29,97.9848403930664
2011-12-30,97.503173828125
2012-01-03,99.05701446533203
2012-01-04,99.2123794555664
2012-01-05,99.4765396118164
2012-01-06,99.22018432617188
2012-01-09,99.46101379394531
2012-01-10,100.32340240478516
2012-01-11,100.37776184082031
2012-01-12,100.61861419677734
2012-01-13,100.09806823730469
2012-01-17,100.48651885986328
2012-01-18,101.59754943847656
2012-01-19,102.13360595703125
2012-01-20,102.51431274414062
2012-01-23,102.2501220703125
2012-01-24,102.13360595703125
2012-01-25,102.98823547363281
2012-01-26,102.45989990234375
2012-01-27,102.4133071899414
2012-01-30,102.0636978149414
2012-01-31,102.02482604980469
2012-02-01,102.91826629638672
2012-02-02,103.08140563964844
2012-02-03,104.5265121459961
2012-02-06,104.45659637451172
2012-02-07,104.72071838378906
2012-02-08,105.03150939941406
2012-02-09,105.16358947753906
2012-02-10,104.38663482666016
2012-02-13,105.16358947753906
2012-02-14,105.03150939941406
2012-02-15,104.54206085205078
2012-02-16,105.69965362548828
2012-02-17,105.9793930053711
2012-02-21,106.02594757080078
2012-02-22,105.6841049194336
2012-02-23,106.15025329589844
2012-02-24,106.38330841064453
2012-02-27,106.56204986572266
2012-02-28,106.87277221679688
2012-02-29,106.45325469970703
2012-03-01,107.0048599243164
2012-03-02,106.6785659790039
2012-03-05,106.24344635009766
2012-03-06,104.68965911865234
2012-03-07,105.41995239257812
2012-03-08,106.4687728881836
2012-03-09,106.8805923461914
2012-03-12,106.88835906982422
2012-03-13,108.81512451171875
2012-03-14,108.69856262207031
2012-03-15,109.32784271240234
2012-03-16,109.47923278808594
2012-03-19,109.90840911865234
2012-03-20,109.58845520019531
2012-03-21,109.40900421142578
2012-03-22,108.62089538574219
2012-03-23,108.97200012207031
2012-03-26,110.50143432617188
2012-03-27,110.15811920166016
2012-03-28,109.61190032958984
2012-03-29,109.42465209960938
2012-03-30,109.87723541259766
2012-04-02,110.68096923828125
2012-04-03,110.22838592529297
2012-04-04,109.13591003417969
2012-04-05,109.08128356933594
2012-04-09,107.85619354248047
2012-04-10,106.04582214355469
2012-04-11,106.90415954589844
2012-04-12,108.30093383789062
2012-04-13,107.013427734375
2012-04-16,106.94318389892578
2012-04-17,108.5272445678711
2012-04-18,108.16047668457031
2012-04-19,107.46599578857422
2012-04-20,107.64546966552734
2012-04-23,106.74030303955078
2012-04-24,107.14606475830078
2012-04-25,108.61308288574219
2012-04-26,109.37004089355469
2012-04-27,109.5494613647461
2012-04-30,109.14372253417969
2012-05-01,109.82255554199219
2012-05-02,109.49488830566406
2012-05-03,108.6599349975586
2012-05-04,106.90415954589844
2012-05-07,106.98223114013672
2012-05-08,106.55302429199219
2012-05-09,105.92097473144531
2012-05-10,106.13946533203125
2012-05-11,105.81954956054688
2012-05-14,104.6490707397461
2012-05-15,104.04818725585938
2012-05-16,103.65023803710938
2012-05-17,102.1130142211914
2012-05-18,101.23902130126953
2012-05-21,102.97916412353516
2012-05-22,103.15864562988281
2012-05-23,103.2132339477539
2012-05-24,103.41612243652344
2012-05-25,103.08062744140625
2012-05-29,104.32910919189453
2012-05-30,102.81526184082031
2012-05-31,102.58900451660156
2012-06-01,100.00614166259766
2012-06-04,99.9593276977539
2012-06-05,100.71624755859375
2012-06-06,102.97916412353516
2012-06-07,103.04158020019531
2012-06-08,103.86091613769531
2012-06-11,102.54217529296875
2012-06-12,103.72046661376953
2012-06-13,103.05721282958984
2012-06-14,104.14961242675781
2012-06-15,105.2148208618164
2012-06-18,105.41876220703125
2012-06-19,106.43840789794922
2012-06-20,106.26583862304688
2012-06-21,103.88142395019531
2012-06-22,104.68145751953125
2012-06-25,103.00288391113281
2012-06-26,103.52059173583984
2012-06-27,104.4539794921875
2012-06-28,104.15592193603516
2012-06-29,106.75215148925781
2012-07-02,107.07377624511719
2012-07-03,107.77970886230469
2012-07-05,107.29336547851562
2012-07-06,106.27371978759766
2012-07-09,106.1403579711914
2012-07-10,105.2148208618164
2012-07-11,105.23049926757812
2012-07-12,104.72064208984375
2012-07-13,106.47766876220703
2012-07-16,106.22663879394531
2012-07-17,106.95610046386719
2012-07-18,107.74832153320312
2012-07-19,108.03067016601562
2012-07-20,107.0423812866211
2012-07-23,105.95995330810547
2012-07-24,105.05009460449219
2012-07-25,105.07362365722656
2012-07-26,106.80705261230469
2012-07-27,108.77584838867188
2012-07-30,108.77584838867188
2012-07-31,108.0150375366211
2012-08-01,107.92086791992188
2012-08-02,107.17572784423828
2012-08-03,109.30134582519531
2012-08-06,109.51313018798828
2012-08-07,110.06222534179688
2012-08-08,110.1955337524414
2012-08-09,110.28965759277344
2012-08-10,110.47007751464844
2012-08-13,110.41515350341797
2012-08-14,110.4308090209961
2012-08-15,110.55636596679688
2012-08-16,111.37205505371094
2012-08-17,111.52111053466797
2012-08-20,111.52898406982422
2012-08-21,111.19168853759766
2012-08-22,111.23876190185547
2012-08-23,110.32884979248047
2012-08-24,110.99561309814453
2012-08-27,111.01911163330078
2012-08-28,110.90933990478516
2012-08-29,110.99561309814453
2012-08-30,110.1955337524414
2012-08-31,110.72103881835938
2012-09-04,110.61910247802734
2012-09-05,110.52494812011719
2012-09-06,112.76821899414062
2012-09-07,113.20748901367188
2012-09-10,112.56424713134766
2012-09-11,112.8780746459961
2012-09-12,113.25455474853516
2012-09-13,114.98014068603516
2012-09-14,115.49006652832031
2012-09-17,115.09784698486328
2012-09-18,115.0036849975586
2012-09-19,115.06643676757812
2012-09-20,115.07429504394531
2012-09-21,115.02615356445312
2012-09-24,114.85272979736328
2012-09-25,113.63050079345703
2012-09-26,112.99170684814453
2012-09-27,114.05626678466797
2012-09-28,113.52793884277344
2012-10-01,113.82762145996094
2012-10-02,113.9459228515625
2012-10-03,114.41114044189453
2012-10-04,115.23119354248047
2012-10-05,115.23914337158203
2012-10-08,114.84477996826172
2012-10-09,113.70932006835938
2012-10-10,112.98384857177734
2012-10-11,113.04695129394531
2012-10-12,112.67627716064453
2012-10-15,113.61463928222656
2012-10-16,114.76597595214844
2012-10-17,115.28642272949219
2012-10-18,114.98677062988281
2012-10-19,113.07056427001953
2012-10-22,113.08635711669922
2012-10-23,111.5171127319336
2012-10-24,111.20169067382812
2012-10-25,111.5250244140625
2012-10-26,111.46190643310547
2012-10-31,111.46190643310547
2012-11-01,112.62897491455078
2012-11-02,111.62751770019531
2012-11-05,111.85623931884766
2012-11-06,112.73150634765625
2012-11-07,110.17665100097656
2012-11-08,108.85183715820312
2012-11-09,108.94644927978516
2012-11-12,109.03315734863281
2012-11-13,108.65465545654297
2012-11-14,107.18799591064453
2012-11-15,107.00657653808594
2012-11-16,107.53496551513672
2012-11-19,109.71136474609375
2012-11-20,109.75868225097656
2012-11-21,109.96370697021484
2012-11-23,111.46190643310547
2012-11-26,111.22534942626953
2012-11-27,110.65756225585938
2012-11-28,111.54871368408203
2012-11-29,112.06913757324219
2012-11-30,112.0927734375
2012-12-03,111.54080200195312
2012-12-04,111.38301086425781
2012-12-05,111.58023834228516
2012-12-06,111.95868682861328
2012-12-07,112.29779815673828
2012-12-10,112.3451156616211
2012-12-11,113.1100082397461
2012-12-12,113.16516876220703
2012-12-13,112.4712905883789
2012-12-14,112.05335235595703
2012-12-17,113.37017059326172
2012-12-18,114.63188934326172
2012-12-19,113.7802505493164
2012-12-20,114.43476104736328
2012-12-21,113.39603424072266
2012-12-24,113.04663848876953
2012-12-26,112.57012176513672
2012-12-27,112.41922760009766
2012-12-28,111.20421600341797
2012-12-31,113.0942611694336
2013-01-02,115.99291229248047
2013-01-03,115.7308349609375
2013-01-04,116.23908233642578
2013-01-07,115.92138671875
2013-01-08,115.58788299560547
2013-01-09,115.88172912597656
2013-01-10,116.80294036865234
2013-01-11,116.79498291015625
2013-01-14,116.71560668945312
2013-01-15,116.79498291015625
2013-01-16,116.77910614013672
2013-01-17,117.53352355957031
2013-01-18,117.79562377929688
2013-01-22,118.43094635009766
2013-01-23,118.62152099609375
2013-01-24,118.65325164794922
2013-01-25,119.32038879394531
2013-01-28,119.17741394042969
2013-01-29,119.6459732055664
2013-01-30,119.17741394042969
2013-01-31,118.88357543945312
2013-02-01,120.10660552978516
2013-02-04,118.7564926147461
2013-02-05,119.95567321777344
2013-02-06,120.04301452636719
2013-02-07,119.88423919677734
2013-02-08,120.55128479003906
2013-02-11,120.52747344970703
2013-02-12,120.72602081298828
2013-02-13,120.8292465209961
2013-02-14,120.94043731689453
2013-02-15,120.79744720458984
2013-02-19,121.70278930664062
2013-02-20,120.18596649169922
2013-02-21,119.45535278320312
2013-02-22,120.62276458740234
2013-02-25,118.32766723632812
2013-02-26,119.13771057128906
2013-02-27,120.63865661621094
2013-02-28,120.4004135131836
2013-03-01,120.79744720458984
2013-03-04,121.44072723388672
2013-03-05,122.5286636352539
2013-03-06,122.69547271728516
2013-03-07,122.91783905029297
2013-03-08,123.4420166015625
2013-03-11,123.91049194335938
2013-03-12,123.6325454711914
2013-03-13,123.8072280883789
2013-03-14,124.46641540527344
2013-03-15,124.30213165283203
2013-03-18,123.6160659790039
2013-03-19,123.32894134521484
2013-03-20,124.19044494628906
2013-03-21,123.12957763671875
2013-03-22,124.11865234375
2013-03-25,123.60013580322266
2013-03-26,124.58929443359375
2013-03-27,124.58929443359375
2013-03-28,124.97216796875
2013-04-01,124.47759246826172
2013-04-02,125.09186553955078
2013-04-03,123.82349395751953
2013-04-04,124.32603454589844
2013-04-05,123.76769256591797
2013-04-08,124.60518646240234
2013-04-09,125.03594970703125
2013-04-10,126.56751251220703
2013-04-11,126.98223114013672
2013-04-12,126.671142578125
2013-04-15,123.73575592041016
2013-04-16,125.5623779296875
2013-04-17,123.7277603149414
2013-04-18,122.95401000976562
2013-04-19,124.02287292480469
2013-04-22,124.57332611083984
2013-04-23,125.8575439453125
2013-04-24,125.9373550415039
2013-04-25,126.44788360595703
2013-04-26,126.22449493408203
2013-04-29,127.070068359375
2013-04-30,127.37313079833984
2013-05-01,126.25641632080078
2013-05-02,127.4289779663086
2013-05-03,128.7212371826172
2013-05-06,129.0482635498047
2013-05-07,129.70237731933594
2013-05-08,130.29263305664062
2013-05-09,129.92572021484375
2013-05-10,130.34854125976562
2013-05-13,130.45211791992188
2013-05-14,131.80029296875
2013-05-15,132.51022338867188
2013-05-16,131.8880157470703
2013-05-17,133.164306640625
2013-05-20,133.1563262939453
2013-05-21,133.3477325439453
2013-05-22,132.35865783691406
2013-05-23,131.97576904296875
2013-05-24,131.86407470703125
2013-05-28,132.65374755859375
2013-05-29,131.792236328125
2013-05-30,132.2788543701172
2013-05-31,130.3804473876953
2013-06-03,131.09835815429688
2013-06-04,130.4681396484375
2013-06-05,128.6415252685547
2013-06-06,129.8061065673828
2013-06-07,131.45726013183594
2013-06-10,131.45726013183594
2013-06-11,130.1011962890625
2013-06-12,129.0243682861328
2013-06-13,130.9866485595703
2013-06-14,130.1650390625
2013-06-17,131.17007446289062
2013-06-18,132.2071075439453
2013-06-19,130.3804473876953
2013-06-20,127.14977264404297
2013-06-21,127.5579605102539
2013-06-24,125.9461669921875
2013-06-25,127.15702056884766
2013-06-26,128.41603088378906
2013-06-27,129.16981506347656
2013-06-28,128.64056396484375
2013-07-01,129.3943328857422
2013-07-02,129.2740478515625
2013-07-03,129.33021545410156
2013-07-05,130.7255096435547
2013-07-08,131.4712371826172
2013-07-09,132.41751098632812
2013-07-10,132.46560668945312
2013-07-11,134.2698516845703
2013-07-12,134.32595825195312
2013-07-15,134.83921813964844
2013-07-16,134.33401489257812
2013-07-17,134.6788330078125
2013-07-18,135.41659545898438
2013-07-19,135.65716552734375
2013-07-22,135.92176818847656
2013-07-23,135.6331024169922
2013-07-24,135.13592529296875
2013-07-25,135.4646759033203
2013-07-26,135.6090545654297
2013-07-29,135.19203186035156
2013-07-30,135.19203186035156
2013-07-31,135.28829956054688
2013-08-01,136.8519744873047
2013-08-02,137.08448791503906
2013-08-05,136.884033203125
2013-08-06,136.106201171875
2013-08-07,135.66514587402344
2013-08-08,136.16232299804688
2013-08-09,135.76937866210938
2013-08-12,135.6090545654297
2013-08-13,136.00997924804688
2013-08-14,135.3123321533203
2013-08-15,133.41989135742188
2013-08-16,132.9788055419922
2013-08-19,132.12881469726562
2013-08-20,132.77833557128906
2013-08-21,131.9604034423828
2013-08-22,133.16322326660156
2013-08-23,133.61231994628906
2013-08-26,133.1151580810547
2013-08-27,130.97401428222656
2013-08-28,131.43917846679688
2013-08-29,131.6476593017578
2013-08-30,131.23065185546875
2013-09-03,131.82406616210938
2013-09-04,132.91465759277344
2013-09-05,133.0830841064453
2013-09-06,133.147216796875
2013-09-09,134.4222412109375
2013-09-10,135.41659545898438
2013-09-11,135.841552734375
2013-09-12,135.480712890625
2013-09-13,135.7854766845703
2013-09-16,136.5713348388672
2013-09-17,137.18080139160156
2013-09-18,138.76852416992188
2013-09-19,138.53598022460938
2013-09-20,137.56735229492188
2013-09-23,136.93080139160156
2013-09-24,136.60853576660156
2013-09-25,136.21363830566406
2013-09-26,136.73736572265625
2013-09-27,136.10885620117188
2013-09-30,135.38365173339844
2013-10-01,136.4553680419922
2013-10-02,136.32644653320312
2013-10-03,135.06935119628906
2013-10-04,136.0928497314453
2013-10-07,134.91627502441406
2013-10-08,133.344970703125
2013-10-09,133.44166564941406
2013-10-10,136.31838989257812
2013-10-11,137.1967010498047
2013-10-14,137.7446746826172
2013-10-15,136.74545288085938
2013-10-16,138.6552276611328
2013-10-17,139.58193969726562
2013-10-18,140.5247039794922
2013-10-21,140.5327606201172
2013-10-22,141.3466339111328
2013-10-23,140.6697235107422
2013-10-24,141.13711547851562
2013-10-25,141.78175354003906
2013-10-28,142.00741577148438
2013-10-29,142.76486206054688
2013-10-30,142.05577087402344
2013-10-31,141.65283203125
2013-11-01,141.99131774902344
2013-11-04,142.4908447265625
2013-11-05,142.0396270751953
2013-11-06,142.76486206054688
2013-11-07,140.95985412597656
2013-11-08,142.86155700683594
2013-11-11,142.88572692871094
2013-11-12,142.59564208984375
2013-11-13,143.73985290527344
2013-11-14,144.4570770263672
2013-11-15,145.08560180664062
2013-11-18,144.57791137695312
2013-11-19,144.26361083984375
2013-11-20,143.8123779296875
2013-11-21,144.97274780273438
2013-11-22,145.69801330566406
2013-11-25,145.55300903320312
2013-11-26,145.5931854248047
2013-11-27,145.94778442382812
2013-11-29,145.85113525390625
2013-12-02,145.47235107421875
2013-12-03,144.84385681152344
2013-12-04,144.82765197753906
2013-12-05,144.19113159179688
2013-12-06,145.80270385742188
2013-12-09,146.17344665527344
2013-12-10,145.64962768554688
2013-12-11,144.0138397216797
2013-12-12,143.53843688964844
2013-12-13,143.52230834960938
2013-12-16,144.41676330566406
2013-12-17,143.95745849609375
2013-12-18,146.4151611328125
2013-12-19,146.24591064453125
2013-12-20,147.09661865234375
2013-12-23,147.88250732421875
2013-12-24,148.20654296875
2013-12-26,148.96009826660156
2013-12-27,148.9519500732422
2013-12-30,148.92764282226562
2013-12-31,149.63247680664062
2014-01-02,148.19847106933594
2014-01-03,148.17422485351562
2014-01-06,147.74484252929688
2014-01-07,148.6521759033203
2014-01-08,148.68460083007812
2014-01-09,148.7817840576172
2014-01-10,149.1868896484375
2014-01-13,147.20196533203125
2014-01-14,148.80612182617188
2014-01-15,149.6082305908203
2014-01-16,149.41375732421875
2014-01-17,148.7817840576172
2014-01-21,149.21934509277344
2014-01-22,149.31655883789062
2014-01-23,148.09310913085938
2014-01-24,144.9334259033203
2014-01-27,144.22052001953125
2014-01-28,145.07928466796875
2014-01-29,143.68577575683594
2014-01-30,145.20892333984375
2014-01-31,144.358154296875
2014-02-03,141.10939025878906
2014-02-04,142.0978546142578
2014-02-05,141.9195098876953
2014-02-06,143.79110717773438
2014-02-07,145.57351684570312
2014-02-10,145.84085083007812
2014-02-11,147.4369354248047
2014-02-12,147.50975036621094
2014-02-13,148.27142333984375
2014-02-14,149.08966064453125
2014-02-18,149.26788330078125
2014-02-19,148.27947998046875
2014-02-20,149.15447998046875
2014-02-21,148.984375
2014-02-24,149.8107147216797
2014-02-25,149.75405883789062
2014-02-26,149.76211547851562
2014-02-27,150.54800415039062
2014-02-28,150.9287872314453
2014-03-03,149.86740112304688
2014-03-04,151.97390747070312
2014-03-05,152.11166381835938
2014-03-06,152.4600372314453
2014-03-07,152.52484130859375
2014-03-10,152.44384765625
2014-03-11,151.69036865234375
2014-03-12,151.73086547851562
2014-03-13,150.02947998046875
2014-03-14,149.6082305908203
2014-03-17,150.96119689941406
2014-03-18,152.03872680664062
2014-03-19,151.22857666015625
2014-03-20,152.11166381835938
2014-03-21,151.52169799804688
2014-03-24,150.89512634277344
2014-03-25,151.6112060546875
2014-03-26,150.5207061767578
2014-03-27,150.20343017578125
2014-03-28,150.94386291503906
2014-03-31,152.1807861328125
2014-04-01,153.18991088867188
2014-04-02,153.70254516601562
2014-04-03,153.4990997314453
2014-04-04,151.68441772460938
2014-04-07,150.0081024169922
2014-04-08,150.6265106201172
2014-04-09,152.2459259033203
2014-04-10,149.04786682128906
2014-04-11,147.7051239013672
2014-04-14,148.86883544921875
2014-04-15,149.89418029785156
2014-04-16,151.46469116210938
2014-04-17,151.67630004882812
2014-04-21,152.2052459716797
2014-04-22,152.89688110351562
2014-04-23,152.5388946533203
2014-04-24,152.8480987548828
2014-04-25,151.5948944091797
2014-04-28,152.07501220703125
2014-04-29,152.78294372558594
2014-04-30,153.2387237548828
2014-05-01,153.25497436523438
2014-05-02,153.0352325439453
2014-05-05,153.32821655273438
2014-05-06,151.99363708496094
2014-05-07,152.88882446289062
2014-05-08,152.7260284423828
2014-05-09,152.95387268066406
2014-05-12,154.44309997558594
2014-05-13,154.5813751220703
2014-05-14,153.84906005859375
2014-05-15,152.4982147216797
2014-05-16,153.02713012695312
2014-05-19,153.588623046875
2014-05-20,152.62026977539062
2014-05-21,153.906005859375
2014-05-22,154.2803192138672
2014-05-23,154.89874267578125
2014-05-27,155.85089111328125
2014-05-28,155.73695373535156
2014-05-29,156.5425262451172
2014-05-30,156.7948455810547
2014-06-02,156.97384643554688
2014-06-03,156.89244079589844
2014-06-04,157.20986938476562
2014-06-05,158.23516845703125
2014-06-06,158.991943359375
2014-06-09,159.1547088623047
2014-06-10,159.17095947265625
2014-06-11,158.6176300048828
2014-06-12,157.49464416503906
2014-06-13,157.97479248046875
2014-06-16,158.10494995117188
2014-06-17,158.54440307617188
2014-06-18,159.70806884765625
2014-06-19,159.88706970214844
2014-06-20,160.21168518066406
2014-06-23,160.1626739501953
2014-06-24,159.19784545898438
2014-06-25,159.9173126220703
2014-06-26,159.8029022216797
2014-06-27,160.1135711669922
2014-06-30,160.0317840576172
2014-07-01,161.10292053222656
2014-07-02,161.2664337158203
2014-07-03,162.0596160888672
2014-07-07,161.49542236328125
2014-07-08,160.45701599121094
2014-07-09,161.17652893066406
2014-07-10,160.53878784179688
2014-07-11,160.75955200195312
2014-07-14,161.5690460205078
2014-07-15,161.2664337158203
2014-07-16,161.86338806152344
2014-07-17,160.02366638183594
2014-07-18,161.6589813232422
2014-07-21,161.3564453125
2014-07-22,162.0596160888672
2014-07-23,162.41943359375
2014-07-24,162.42752075195312
2014-07-25,161.66714477539062
2014-07-28,161.73260498046875
2014-07-29,161.0375518798828
2014-07-30,161.0620880126953
2014-07-31,157.88140869140625
2014-08-01,157.39891052246094
2014-08-04,158.53555297851562
2014-08-05,156.9983367919922
2014-08-06,157.04736328125
2014-08-07,156.19700622558594
2014-08-08,158.0039825439453
2014-08-11,158.4618682861328
2014-08-12,158.2411346435547
2014-08-13,159.31227111816406
2014-08-14,160.06454467773438
2014-08-15,160.0317840576172
2014-08-18,161.3727264404297
2014-08-19,162.2149658203125
2014-08-20,162.6483612060547
2014-08-21,163.12255859375
2014-08-22,162.86911010742188
2014-08-25,163.6949005126953
2014-08-26,163.80120849609375
2014-08-27,163.7357940673828
2014-08-28,163.64585876464844
2014-08-29,164.1119384765625
2014-09-02,164.03013610839844
2014-09-03,163.94027709960938
2014-09-04,163.70309448242188
2014-09-05,164.4390106201172
2014-09-08,164.0137939453125
2014-09-09,162.97543334960938
2014-09-10,163.588623046875
2014-09-11,163.77676391601562
2014-09-12,162.82003784179688
2014-09-15,162.69735717773438
2014-09-16,163.923828125
2014-09-17,164.14462280273438
2014-09-18,165.01953125
2014-09-19,164.870849609375
2014-09-22,163.59751892089844
2014-09-23,162.6610870361328
2014-09-24,163.93438720703125
2014-09-25,161.28921508789062
2014-09-26,162.57066345214844
2014-09-29,162.2749786376953
2014-09-30,161.84779357910156
2014-10-01,159.6544952392578
2014-10-02,159.6791229248047
2014-10-03,161.43714904785156
2014-10-06,161.2481231689453
2014-10-07,158.75897216796875
2014-10-08,161.53562927246094
2014-10-09,158.33184814453125
2014-10-10,156.5245819091797
2014-10-13,153.95338439941406
2014-10-14,154.19161987304688
2014-10-15,153.14834594726562
2014-10-16,153.01690673828125
2014-10-17,154.82412719726562
2014-10-20,156.32745361328125
2014-10-21,159.4244384765625
2014-10-22,158.29083251953125
2014-10-23,160.1309356689453
2014-10-24,161.3630828857422
2014-10-27,161.14132690429688
2014-10-28,162.98965454101562
2014-10-29,162.74325561523438
2014-10-30,163.78648376464844
2014-10-31,165.65943908691406
2014-11-03,165.74984741210938
2014-11-04,165.17481994628906
2014-11-05,166.2180633544922
2014-11-06,166.8834228515625
2014-11-07,167.03948974609375
2014-11-10,167.5652618408203
2014-11-11,167.72958374023438
2014-11-12,167.5489044189453
2014-11-13,167.73782348632812
2014-11-14,167.77891540527344
2014-11-17,167.88568115234375
2014-11-18,168.8550567626953
2014-11-19,168.58392333984375
2014-11-20,168.87969970703125
2014-11-21,169.78330993652344
2014-11-24,170.25973510742188
2014-11-25,170.13656616210938
2014-11-26,170.57191467285156
2014-11-28,170.21051025390625
2014-12-01,169.02752685546875
2014-12-02,170.1201171875
2014-12-03,170.77731323242188
2014-12-04,170.58831787109375
2014-12-05,170.8676300048828
2014-12-08,169.72584533691406
2014-12-09,169.61074829101562
2014-12-10,166.89166259765625
2014-12-11,167.73782348632812
2014-12-12,165.02691650390625
2014-12-15,163.89324951171875
2014-12-16,162.57888793945312
2014-12-17,165.7662353515625
2014-12-18,169.8654022216797
2014-12-19,170.5882110595703
2014-12-22,171.37289428710938
2014-12-23,171.6041717529297
2014-12-24,171.62069702148438
2014-12-26,172.174072265625
2014-12-29,172.4054412841797
2014-12-30,171.4802703857422
2014-12-31,169.77867126464844
2015-01-02,169.6878204345703
2015-01-05,166.62332153320312
2015-01-06,165.05392456054688
2015-01-07,167.1106719970703
2015-01-08,170.07603454589844
2015-01-09,168.71310424804688
2015-01-12,167.3915252685547
2015-01-13,166.92074584960938
2015-01-14,165.91299438476562
2015-01-15,164.3930206298828
2015-01-16,166.54898071289062
2015-01-20,166.90414428710938
2015-01-21,167.7467041015625
2015-01-22,170.24127197265625
2015-01-23,169.3079071044922
2015-01-26,169.7043914794922
2015-01-27,167.46588134765625
2015-01-28,165.3182373046875
2015-01-29,166.8463897705078
2015-01-30,164.748291015625
2015-02-02,166.78857421875
2015-02-03,169.20045471191406
2015-02-04,168.55621337890625
2015-02-05,170.25779724121094
2015-02-06,169.7869415283203
2015-02-09,169.02708435058594
2015-02-10,170.8277587890625
2015-02-11,170.92686462402344
2015-02-12,172.57061767578125
2015-02-13,173.281005859375
2015-02-17,173.5535888671875
2015-02-18,173.57009887695312
2015-02-19,173.44615173339844
2015-02-20,174.48696899414062
2015-02-23,174.46221923828125
2015-02-24,174.9578094482422
2015-02-25,174.80914306640625
2015-02-26,174.60263061523438
2015-02-27,174.00790405273438
2015-03-02,175.10647583007812
2015-03-03,174.38783264160156
2015-03-04,173.6527099609375
2015-03-05,173.84268188476562
2015-03-06,171.39772033691406
2015-03-09,172.10801696777344
2015-03-10,169.31614685058594
2015-03-11,168.91969299316406
2015-03-12,171.06727600097656
2015-03-13,170.01821899414062
2015-03-16,172.28982543945312
2015-03-17,171.7776641845703
2015-03-18,173.84268188476562
2015-03-19,173.04971313476562
2015-03-20,174.57723999023438
2015-03-23,174.23699951171875
2015-03-24,173.25802612304688
2015-03-25,170.71910095214844
2015-03-26,170.31253051757812
2015-03-27,170.70252990722656
2015-03-30,172.78509521484375
2015-03-31,171.27496337890625
2015-04-01,170.6693115234375
2015-04-02,171.2832794189453
2015-04-06,172.43663024902344
2015-04-07,171.98025512695312
2015-04-08,172.56100463867188
2015-04-09,173.32431030273438
2015-04-10,174.27020263671875
2015-04-13,173.48204040527344
2015-04-14,173.8138885498047
2015-04-15,174.5937957763672
2015-04-16,174.54397583007812
2015-04-17,172.5361328125
2015-04-20,174.1125946044922
2015-04-21,173.90513610839844
2015-04-22,174.75973510742188
2015-04-23,175.19944763183594
2015-04-24,175.60598754882812
2015-04-27,174.8759002685547
2015-04-28,175.43179321289062
2015-04-29,174.70999145507812
2015-04-30,172.95925903320312
2015-05-01,174.83441162109375
2015-05-04,175.33230590820312
2015-05-05,173.32431030273438
2015-05-06,172.61082458496094
2015-05-07,173.2994842529297
2015-05-08,175.5811309814453
2015-05-11,174.74310302734375
2015-05-12,174.22047424316406
2015-05-13,174.25364685058594
2015-05-14,176.07066345214844
2015-05-15,176.2615203857422
2015-05-18,176.80906677246094
2015-05-19,176.75100708007812
2015-05-20,176.62652587890625
2015-05-21,177.1409149169922
2015-05-22,176.7178192138672
2015-05-26,174.81777954101562
2015-05-27,176.47723388671875
2015-05-28,176.27804565429688
2015-05-29,175.18287658691406
2015-06-01,175.53968811035156
2015-06-02,175.36541748046875
2015-06-03,175.83004760742188
2015-06-04,174.3449249267578
2015-06-05,174.04620361328125
2015-06-08,172.97589111328125
2015-06-09,172.9510040283203
2015-06-10,175.02517700195312
2015-06-11,175.58949279785156
2015-06-12,174.245361328125
2015-06-15,173.49862670898438
2015-06-16,174.4444580078125
2015-06-17,174.7265167236328
2015-06-18,176.54359436035156
2015-06-19,175.75987243652344
2015-06-22,176.6602783203125
2015-06-23,176.78533935546875
2015-06-24,175.50144958496094
2015-06-25,174.9678192138672
2015-06-26,174.9344940185547
2015-06-29,171.2660675048828
2015-06-30,171.6245880126953
2015-07-01,173.00021362304688
2015-07-02,172.84181213378906
2015-07-06,172.34988403320312
2015-07-07,173.4337615966797
2015-07-08,170.5240478515625
2015-07-09,170.83245849609375
2015-07-10,172.9835662841797
2015-07-13,174.892822265625
2015-07-14,175.6514434814453
2015-07-15,175.59310913085938
2015-07-16,177.00216674804688
2015-07-17,177.15216064453125
2015-07-20,177.2439422607422
2015-07-21,176.54359436035156
2015-07-22,176.22677612304688
2015-07-23,175.23463439941406
2015-07-24,173.41709899902344
2015-07-27,172.4082489013672
2015-07-28,174.52593994140625
2015-07-29,175.7265167236328
2015-07-30,175.76820373535156
2015-07-31,175.50144958496094
2015-08-03,174.9094696044922
2015-08-04,174.56761169433594
2015-08-05,175.14292907714844
2015-08-06,173.7089080810547
2015-08-07,173.37538146972656
2015-08-10,175.55979919433594
2015-08-11,173.97569274902344
2015-08-12,174.18418884277344
2015-08-13,173.96737670898438
2015-08-14,174.60096740722656
2015-08-17,175.576416015625
2015-08-18,175.0679168701172
2015-08-19,173.683837890625
2015-08-20,170.05712890625
2015-08-21,164.93800354003906
2015-08-24,157.9929962158203
2015-08-25,156.13377380371094
2015-08-26,162.12832641601562
2015-08-27,166.1385498046875
2015-08-28,166.14694213867188
2015-08-31,164.8046417236328
2015-09-01,159.88560485839844
2015-09-02,162.9203643798828
2015-09-03,163.03707885742188
2015-09-04,160.56919860839844
2015-09-08,164.60452270507812
2015-09-09,162.40341186523438
2015-09-10,163.28717041015625
2015-09-11,164.02923583984375
2015-09-14,163.42059326171875
2015-09-15,165.4631805419922
2015-09-16,166.8972625732422
2015-09-17,166.5220947265625
2015-09-18,163.8009033203125
2015-09-21,164.64732360839844
2015-09-22,162.5102081298828
2015-09-23,162.25048828125
2015-09-24,161.663818359375
2015-09-25,161.62191772460938
2015-09-28,157.5656280517578
2015-09-29,157.6578369140625
2015-09-30,160.59945678710938
2015-10-01,161.0184783935547
2015-10-02,163.4237518310547
2015-10-05,166.3318328857422
2015-10-06,165.76193237304688
2015-10-07,167.11962890625
2015-10-08,168.62815856933594
2015-10-09,168.728759765625
2015-10-12,168.88796997070312
2015-10-13,167.8236083984375
2015-10-14,167.01901245117188
2015-10-15,169.5835418701172
2015-10-16,170.35455322265625
2015-10-19,170.43836975097656
2015-10-20,170.22048950195312
2015-10-21,169.16456604003906
2015-10-22,172.02235412597656
2015-10-23,173.90798950195312
2015-10-26,173.48060607910156
2015-10-27,173.14532470703125
2015-10-28,175.11480712890625
2015-10-29,175.0142364501953
2015-10-30,174.25997924804688
2015-11-02,176.32164001464844
2015-11-03,176.8328857421875
2015-11-04,176.2965087890625
2015-11-05,176.12051391601562
2015-11-06,176.02828979492188
2015-11-09,174.38577270507812
2015-11-10,174.7879638671875
2015-11-11,174.10076904296875
2015-11-12,171.67034912109375
2015-11-13,169.74278259277344
2015-11-16,172.32403564453125
2015-11-17,172.19830322265625
2015-11-18,174.93043518066406
2015-11-19,174.77960205078125
2015-11-20,175.41651916503906
2015-11-23,175.2154083251953
2015-11-24,175.4499969482422
2015-11-25,175.42486572265625
2015-11-27,175.62603759765625
2015-11-30,174.8969268798828
2015-12-01,176.56468200683594
2015-12-02,174.7628173828125
2015-12-03,172.31573486328125
2015-12-04,175.67626953125
2015-12-07,174.61195373535156
2015-12-08,173.4386444091797
2015-12-09,172.0894012451172
2015-12-10,172.53359985351562
2015-12-11,169.18971252441406
2015-12-14,170.04444885253906
2015-12-15,171.82960510253906
2015-12-16,174.3437957763672
2015-12-17,171.68710327148438
2015-12-18,168.62852478027344
2015-12-21,170.01951599121094
2015-12-22,171.56234741210938
2015-12-23,173.68685913085938
2015-12-24,173.40020751953125
2015-12-28,173.0039825439453
2015-12-29,174.85025024414062
2015-12-30,173.61094665527344
2015-12-31,171.8743133544922
2016-01-04,169.4715576171875
2016-01-05,169.75816345214844
2016-01-06,167.61680603027344
2016-01-07,163.595458984375
2016-01-08,161.79969787597656
2016-01-11,161.9598846435547
2016-01-12,163.26661682128906
2016-01-13,159.19468688964844
2016-01-14,161.8081512451172
2016-01-15,158.33477783203125
2016-01-19,158.5455322265625
2016-01-20,156.5137176513672
2016-01-21,157.39053344726562
2016-01-22,160.6194610595703
2016-01-25,158.19146728515625
2016-01-26,160.34967041015625
2016-01-27,158.6045379638672
2016-01-28,159.43072509765625
2016-01-29,163.31723022460938
2016-02-01,163.25816345214844
2016-02-02,160.31588745117188
2016-02-03,161.27703857421875
2016-02-04,161.52996826171875
2016-02-05,158.45285034179688
2016-02-08,156.31982421875
2016-02-09,156.32827758789062
2016-02-10,156.19337463378906
2016-02-11,154.16159057617188
2016-02-12,157.33995056152344
2016-02-16,159.99559020996094
2016-02-17,162.60902404785156
2016-02-18,161.9430694580078
2016-02-19,161.8671417236328
2016-02-22,164.21083068847656
2016-02-23,162.13694763183594
2016-02-24,162.87881469726562
2016-02-25,164.85154724121094
2016-02-26,164.47227478027344
2016-02-29,163.1823272705078
2016-03-01,167.01828002929688
2016-03-02,167.76856994628906
2016-03-03,168.42616271972656
2016-03-04,168.97415161132812
2016-03-07,169.10903930664062
2016-03-08,167.2627716064453
2016-03-09,168.0889892578125
2016-03-10,168.22381591796875
2016-03-11,170.9384002685547
2016-03-14,170.7192840576172
2016-03-15,170.44105529785156
2016-03-16,171.42745971679688
2016-03-17,172.5149688720703
2016-03-18,173.1929168701172
2016-03-21,173.4386444091797
2016-03-22,173.3454132080078
2016-03-23,172.20147705078125
2016-03-24,172.1251678466797
2016-03-28,172.22686767578125
2016-03-29,173.8200225830078
2016-03-30,174.58267211914062
2016-03-31,174.15895080566406
2016-04-01,175.3452911376953
2016-04-04,174.77760314941406
2016-04-05,173.03187561035156
2016-04-06,174.92166137695312
2016-04-07,172.82850646972656
2016-04-08,173.29461669921875
2016-04-11,172.88784790039062
2016-04-12,174.49794006347656
2016-04-13,176.2605438232422
2016-04-14,176.2689666748047
2016-04-15,176.0741424560547
2016-04-18,177.3113250732422
2016-04-19,177.8705596923828
2016-04-20,178.04010009765625
2016-04-21,177.0824737548828
2016-04-22,177.0824737548828
2016-04-25,176.7774200439453
2016-04-26,177.04017639160156
2016-04-27,177.40451049804688
2016-04-28,175.79446411132812
2016-04-29,174.84539794921875
2016-05-02,176.23512268066406
2016-05-03,174.70126342773438
2016-05-04,173.72679138183594
2016-05-05,173.69288635253906
2016-05-06,174.32846069335938
2016-05-09,174.47251892089844
2016-05-10,176.641845703125
2016-05-11,174.98939514160156
2016-05-12,175.04025268554688
2016-05-13,173.51490783691406
2016-05-16,175.2266845703125
2016-05-17,173.59115600585938
2016-05-18,173.64202880859375
2016-05-19,173.04037475585938
2016-05-20,174.13352966308594
2016-05-23,173.89622497558594
2016-05-24,176.1503448486328
2016-05-25,177.34515380859375
2016-05-26,177.3960723876953
2016-05-27,178.15870666503906
2016-05-31,177.81973266601562
2016-06-01,178.18411254882812
2016-06-02,178.7264404296875
2016-06-03,178.19264221191406
2016-06-06,179.0993194580078
2016-06-07,179.3789520263672
2016-06-08,179.9636993408203
2016-06-09,179.71792602539062
2016-06-10,178.0146484375
2016-06-13,176.641845703125
2016-06-14,176.29437255859375
2016-06-15,176.04869079589844
2016-06-16,176.5740509033203
2016-06-17,175.91650390625
2016-06-20,177.04937744140625
2016-06-21,177.5519256591797
2016-06-22,177.26234436035156
2016-06-23,179.57069396972656
2016-06-24,173.1225128173828
2016-06-27,170.02197265625
2016-06-28,173.0884246826172
2016-06-29,176.03575134277344
2016-06-30,178.43785095214844
2016-07-01,178.81265258789062
2016-07-05,177.52642822265625
2016-07-06,178.59115600585938
2016-07-07,178.48045349121094
2016-07-08,181.13803100585938
2016-07-11,181.7769317626953
2016-07-12,183.09722900390625
2016-07-13,183.07171630859375
2016-07-14,184.09390258789062
2016-07-15,183.84686279296875
2016-07-18,184.34091186523438
2016-07-19,184.15347290039062
2016-07-20,184.9201202392578
2016-07-21,184.22164916992188
2016-07-22,185.0479278564453
2016-07-25,184.5453338623047
2016-07-26,184.63052368164062
2016-07-27,184.4346466064453
2016-07-28,184.64755249023438
2016-07-29,184.94573974609375
2016-08-01,184.7923583984375
2016-08-02,183.6083221435547
2016-08-03,184.1449737548828
2016-08-04,184.34091186523438
2016-08-05,185.84861755371094
2016-08-08,185.7378387451172
2016-08-09,185.84861755371094
2016-08-10,185.38861083984375
2016-08-11,186.2489776611328
2016-08-12,186.08712768554688
2016-08-15,186.62374877929688
2016-08-16,185.66119384765625
2016-08-17,186.0104217529297
2016-08-18,186.42787170410156
2016-08-19,186.15530395507812
2016-08-22,186.14671325683594
2016-08-23,186.5215606689453
2016-08-24,185.56752014160156
2016-08-25,185.4397430419922
2016-08-26,185.0904998779297
2016-08-29,186.0019073486328
2016-08-30,185.69529724121094
2016-08-31,185.16720581054688
2016-09-01,185.1757354736328
2016-09-02,186.0104217529297
2016-09-06,186.5726776123047
2016-09-07,186.5556182861328
2016-09-08,186.1296844482422
2016-09-09,181.67471313476562
2016-09-12,184.2812957763672
2016-09-13,181.6321258544922
2016-09-14,181.56396484375
2016-09-15,183.3783416748047
2016-09-16,182.6695098876953
2016-09-19,182.7037353515625
2016-09-20,182.7122802734375
2016-09-21,184.76698303222656
2016-09-22,185.93128967285156
2016-09-23,184.91250610351562
2016-09-26,183.4142608642578
2016-09-27,184.55294799804688
2016-09-28,185.46897888183594
2016-09-29,183.79100036621094
2016-09-30,185.1779327392578
2016-10-03,184.73272705078125
2016-10-04,183.79100036621094
2016-10-05,184.6043243408203
2016-10-06,184.73272705078125
2016-10-07,184.0991973876953
2016-10-10,185.05807495117188
2016-10-11,182.7208709716797
2016-10-12,182.96054077148438
2016-10-13,182.36126708984375
2016-10-14,182.4554443359375
2016-10-17,181.82192993164062
2016-10-18,182.96054077148438
2016-10-19,183.4485321044922
2016-10-20,183.10606384277344
2016-10-21,183.19174194335938
2016-10-24,183.9707794189453
2016-10-25,183.35435485839844
2016-10-26,182.9862518310547
2016-10-27,182.49826049804688
2016-10-28,181.95892333984375
2016-10-31,181.9674835205078
2016-11-01,180.64906311035156
2016-11-02,179.56179809570312
2016-11-03,178.7399139404297
2016-11-04,178.54299926757812
2016-11-07,182.4810791015625
2016-11-08,183.3030242919922
2016-11-09,185.2463836669922
2016-11-10,185.7086639404297
2016-11-11,185.28062438964844
2016-11-14,185.4261474609375
2016-11-15,186.87303161621094
2016-11-16,186.52198791503906
2016-11-17,187.48085021972656
2016-11-18,187.0613250732422
2016-11-21,188.47398376464844
2016-11-22,188.84207153320312
2016-11-23,188.9447784423828
2016-11-25,189.6468505859375
2016-11-28,188.75645446777344
2016-11-29,189.1246337890625
2016-11-30,188.67088317871094
2016-12-01,187.97740173339844
2016-12-02,188.07154846191406
2016-12-05,189.20164489746094
2016-12-06,189.80093383789062
2016-12-07,192.28369140625
2016-12-08,192.75453186035156
2016-12-09,193.9188995361328
2016-12-12,193.69625854492188
2016-12-13,194.98898315429688
2016-12-14,193.37945556640625
2016-12-15,194.1757354736328
2016-12-16,193.7958984375
2016-12-19,194.2178955078125
2016-12-20,194.96710205078125
2016-12-21,194.42454528808594
2016-12-22,194.08876037597656
2016-12-23,194.3728790283203
2016-12-27,194.8551788330078
2016-12-28,193.24476623535156
2016-12-29,193.20172119140625
2016-12-30,192.4955596923828
2017-01-03,193.9681854248047
2017-01-04,195.12208557128906
2017-01-05,194.96710205078125
2017-01-06,195.66465759277344
2017-01-09,195.01876831054688
2017-01-10,195.01876831054688
2017-01-11,195.5699005126953
2017-01-12,195.07907104492188
2017-01-13,195.52687072753906
2017-01-17,194.83790588378906
2017-01-18,195.26852416992188
2017-01-19,194.54510498046875
2017-01-20,195.2599334716797
2017-01-23,194.75184631347656
2017-01-24,196.00050354003906
2017-01-25,197.69696044921875
2017-01-26,197.4902801513672
2017-01-27,197.1802978515625
2017-01-30,195.95738220214844
2017-01-31,195.94021606445312
2017-02-01,196.01771545410156
2017-02-02,196.14691162109375
2017-02-03,197.49893188476562
2017-02-06,197.14588928222656
2017-02-07,197.1544189453125
2017-02-08,197.412841796875
2017-02-09,198.583984375
2017-02-10,199.3676300048828
2017-02-13,200.45272827148438
2017-02-14,201.25352478027344
2017-02-15,202.30418395996094
2017-02-16,202.13192749023438
2017-02-17,202.45057678222656
2017-02-21,203.65625
2017-02-22,203.47535705566406
2017-02-23,203.61314392089844
2017-02-24,203.87156677246094
2017-02-27,204.1901397705078
2017-02-28,203.63897705078125
2017-03-01,206.4894256591797
2017-03-02,205.18911743164062
2017-03-03,205.3182373046875
2017-03-06,204.7068328857422
2017-03-07,204.09542846679688
2017-03-08,203.71649169921875
2017-03-09,203.974853515625
2017-03-10,204.6896209716797
2017-03-13,204.79296875
2017-03-14,204.00926208496094
2017-03-15,205.77468872070312
2017-03-16,205.3699188232422
2017-03-17,205.00929260253906
2017-03-20,204.78436279296875
2017-03-21,202.15505981445312
2017-03-22,202.6307373046875
2017-03-23,202.41452026367188
2017-03-24,202.26751708984375
2017-03-27,202.0599365234375
2017-03-28,203.5302734375
2017-03-29,203.72055053710938
2017-03-30,204.36920166015625
2017-03-31,203.8935546875
2017-04-03,203.5389404296875
2017-04-04,203.66864013671875
2017-04-05,203.06321716308594
2017-04-06,203.63404846191406
2017-04-07,203.42649841308594
2017-04-10,203.54754638671875
2017-04-11,203.3053741455078
2017-04-12,202.41452026367188
2017-04-13,201.099853515625
2017-04-17,202.88150024414062
2017-04-18,202.27613830566406
2017-04-19,201.9042510986328
2017-04-20,203.54754638671875
2017-04-21,202.89889526367188
2017-04-24,205.13035583496094
2017-04-25,206.32391357421875
2017-04-26,206.1942138671875
2017-04-27,206.36715698242188
2017-04-28,205.91744995117188
2017-05-01,206.43638610839844
2017-05-02,206.51425170898438
2017-05-03,206.26339721679688
2017-05-04,206.50552368164062
2017-05-05,207.31857299804688
2017-05-08,207.2839813232422
2017-05-09,207.09365844726562
2017-05-10,207.46560668945312
2017-05-11,207.04183959960938
2017-05-12,206.69586181640625
2017-05-15,207.83750915527344
2017-05-16,207.6472625732422
2017-05-17,203.9627227783203
2017-05-18,204.78436279296875
2017-05-19,206.1163787841797
2017-05-22,207.1628875732422
2017-05-23,207.62127685546875
2017-05-24,208.10565185546875
2017-05-25,209.10028076171875
2017-05-26,209.0570068359375
2017-05-30,208.8754119873047
2017-05-31,208.82350158691406
2017-06-01,210.48416137695312
2017-06-02,211.18470764160156
2017-06-05,211.02902221679688
2017-06-06,210.35443115234375
2017-06-07,210.74356079101562
2017-06-08,210.84742736816406
2017-06-09,210.52737426757812
2017-06-12,210.48416137695312
2017-06-13,211.5133819580078
2017-06-14,211.24522399902344
2017-06-15,210.8387908935547
2017-06-16,210.8848114013672
2017-06-19,212.6405029296875
2017-06-20,211.2063751220703
2017-06-21,211.1542205810547
2017-06-22,211.0586700439453
2017-06-23,211.3106689453125
2017-06-26,211.44972229003906
2017-06-27,209.7462615966797
2017-06-28,211.62356567382812
2017-06-29,209.76365661621094
2017-06-30,210.15476989746094
2017-07-03,210.51109313964844
2017-07-05,210.99786376953125
2017-07-06,209.068359375
2017-07-07,210.42422485351562
2017-07-10,210.65011596679688
2017-07-11,210.49378967285156
2017-07-12,212.07554626464844
2017-07-13,212.43186950683594
2017-07-14,213.4226837158203
2017-07-17,213.3966064453125
2017-07-18,213.50961303710938
2017-07-19,214.66552734375
2017-07-20,214.76112365722656
2017-07-21,214.56988525390625
2017-07-24,214.51776123046875
2017-07-25,215.0392303466797
2017-07-26,215.04791259765625
2017-07-27,214.8480682373047
2017-07-28,214.5959930419922
2017-07-31,214.4742889404297
2017-08-01,214.95236206054688
2017-08-02,215.05665588378906
2017-08-03,214.6394500732422
2017-08-04,215.03053283691406
2017-08-07,215.43032836914062
2017-08-08,214.900146484375
2017-08-09,214.89149475097656
2017-08-10,211.8582000732422
2017-08-11,212.17111206054688
2017-08-14,214.27439880371094
2017-08-15,214.24832153320312
2017-08-16,214.62205505371094
2017-08-17,211.27590942382812
2017-08-18,210.9456329345703
2017-08-21,211.1107940673828
2017-08-22,213.31834411621094
2017-08-23,212.5535430908203
2017-08-24,212.05812072753906
2017-08-25,212.5535430908203
2017-08-28,212.56219482421875
2017-08-29,212.80560302734375
2017-08-30,213.81375122070312
2017-08-31,215.10008239746094
2017-09-01,215.40428161621094
2017-09-05,213.8572235107422
2017-09-06,214.58731079101562
2017-09-07,214.5612030029297
2017-09-08,214.3091583251953
2017-09-11,216.594970703125
2017-09-12,217.3250274658203
2017-09-13,217.4293670654297
2017-09-14,217.35980224609375
2017-09-15,217.65243530273438
2017-09-18,218.11532592773438
2017-09-19,218.3336944580078
2017-09-20,218.4122772216797
2017-09-21,217.82705688476562
2017-09-22,217.8707733154297
2017-09-25,217.42530822753906
2017-09-26,217.55636596679688
2017-09-27,218.40359497070312
2017-09-28,218.66563415527344
2017-09-29,219.43423461914062
2017-10-02,220.38629150390625
2017-10-03,220.85794067382812
2017-10-04,221.11996459960938
2017-10-05,222.43017578125
2017-10-06,222.17681884765625
2017-10-09,221.80999755859375
2017-10-10,222.3952178955078
2017-10-11,222.7445068359375
2017-10-12,222.4126739501953
2017-10-13,222.68338012695312
2017-10-16,222.98037719726562
2017-10-17,223.1376190185547
2017-10-18,223.35595703125
2017-10-19,223.41714477539062
2017-10-20,224.570068359375
2017-10-23,223.69662475585938
2017-10-24,224.08963012695312
2017-10-25,222.98037719726562
2017-10-26,223.26861572265625
2017-10-27,225.0941162109375
2017-10-30,224.25564575195312
2017-10-31,224.60496520996094
2017-11-01,224.90194702148438
2017-11-02,224.98931884765625
2017-11-03,225.74049377441406
2017-11-06,226.08987426757812
2017-11-07,225.9326171875
2017-11-08,226.31690979003906
2017-11-09,225.4959259033203
2017-11-10,225.42599487304688
2017-11-13,225.63563537597656
2017-11-14,225.11160278320312
2017-11-15,223.98484802246094
2017-11-16,225.88894653320312
2017-11-17,225.22508239746094
2017-11-20,225.60943603515625
2017-11-21,227.08560180664062
2017-11-22,226.88461303710938
2017-11-24,227.40872192382812
2017-11-27,227.29518127441406
2017-11-28,229.60107421875
2017-11-29,229.46131896972656
2017-11-30,231.47030639648438
2017-12-01,230.9898681640625
2017-12-04,230.7103271484375
2017-12-05,229.88058471679688
2017-12-06,229.9241943359375
2017-12-07,230.64918518066406
2017-12-08,231.90692138671875
2017-12-11,232.60565185546875
2017-12-12,233.0161895751953
2017-12-13,232.99000549316406
2017-12-14,232.03790283203125
2017-12-15,233.97024536132812
2017-12-18,235.4539031982422
2017-12-19,234.54965209960938
2017-12-20,234.4267578125
2017-12-21,234.9095916748047
2017-12-22,234.84808349609375
2017-12-26,234.5672149658203
2017-12-27,234.68141174316406
2017-12-28,235.1641845703125
2017-12-29,234.27748107910156
2018-01-02,235.9542694091797
2018-01-03,237.4467010498047
2018-01-04,238.44754028320312
2018-01-05,240.03656005859375
2018-01-08,240.47547912597656
2018-01-09,241.01979064941406
2018-01-10,240.65109252929688
2018-01-11,242.40689086914062
2018-01-12,243.98712158203125
2018-01-16,243.1531524658203
2018-01-17,245.4707489013672
2018-01-18,245.0581512451172
2018-01-19,246.1731414794922
2018-01-22,248.1747283935547
2018-01-23,248.70144653320312
2018-01-24,248.60482788085938
2018-01-25,248.7102813720703
2018-01-26,251.5897674560547
2018-01-29,249.92172241210938
2018-01-30,247.3583221435547
2018-01-31,247.48118591308594
2018-02-01,247.20033264160156
2018-02-02,241.81869506835938
2018-02-05,231.7052459716797
2018-02-06,236.2703094482422
2018-02-07,234.98861694335938
2018-02-08,226.17445373535156
2018-02-09,229.57191467285156
2018-02-12,232.9430694580078
2018-02-13,233.5225372314453
2018-02-14,236.6741485595703
2018-02-15,239.6942138671875
2018-02-16,239.7643280029297
2018-02-20,238.26316833496094
2018-02-21,237.0780487060547
2018-02-22,237.38526916503906
2018-02-23,241.1690673828125
2018-02-26,243.96946716308594
2018-02-27,240.92320251464844
2018-02-28,238.4827117919922
2018-03-01,235.01495361328125
2018-03-02,236.22645568847656
2018-03-05,238.95672607421875
2018-03-06,239.56248474121094
2018-03-07,239.47470092773438
2018-03-08,240.63356018066406
2018-03-09,244.82110595703125
2018-03-12,244.51385498046875
2018-03-13,242.93365478515625
2018-03-14,241.68699645996094
2018-03-15,241.4236297607422
2018-03-16,241.68545532226562
2018-03-19,238.4153289794922
2018-03-20,238.8208465576172
2018-03-21,238.36251831054688
2018-03-22,232.40403747558594
2018-03-23,227.45046997070312
2018-03-26,233.6732940673828
2018-03-27,229.69810485839844
2018-03-28,229.01939392089844
2018-03-29,231.94573974609375
2018-04-02,226.9392547607422
2018-04-03,229.84796142578125
2018-04-04,232.30711364746094
2018-04-05,234.1404571533203
2018-04-06,228.92247009277344
2018-04-09,230.05064392089844
2018-04-10,233.70860290527344
2018-04-11,232.48342895507812
2018-04-12,234.39602661132812
2018-04-13,233.70860290527344
2018-04-16,235.63003540039062
2018-04-17,238.15084838867188
2018-04-18,238.32717895507812
2018-04-19,237.005126953125
2018-04-20,234.99546813964844
2018-04-23,234.960205078125
2018-04-24,231.7958984375
2018-04-25,232.36883544921875
2018-04-26,234.73098754882812
2018-04-27,234.951416015625
2018-04-30,233.14450073242188
2018-05-01,233.55873107910156
2018-05-02,231.98976135253906
2018-05-03,231.47860717773438
2018-05-04,234.47535705566406
2018-05-07,235.26869201660156
2018-05-08,235.26869201660156
2018-05-09,237.54278564453125
2018-05-10,239.76390075683594
2018-05-11,240.49546813964844
2018-05-14,240.6101531982422
2018-05-15,238.95306396484375
2018-05-16,239.95790100097656
2018-05-17,239.755126953125
2018-05-18,239.1558074951172
2018-05-21,240.95387268066406
2018-05-22,240.28392028808594
2018-05-23,240.94500732421875
2018-05-24,240.4513702392578
2018-05-25,239.8785400390625
2018-05-29,237.11965942382812
2018-05-30,240.28392028808594
2018-05-31,238.81202697753906
2018-06-01,241.15664672851562
2018-06-04,242.30238342285156
2018-06-05,242.47865295410156
2018-06-06,244.50595092773438
2018-06-07,244.47946166992188
2018-06-08,245.2023162841797
2018-06-11,245.52835083007812
2018-06-12,245.845703125
2018-06-13,245.06124877929688
2018-06-14,245.6783447265625
2018-06-15,245.36489868164062
2018-06-18,244.8601837158203
2018-06-19,243.92164611816406
2018-06-20,244.33778381347656
2018-06-21,242.80606079101562
2018-06-22,243.2488250732422
2018-06-25,239.9375
2018-06-26,240.4687042236328
2018-06-27,238.47657775878906
2018-06-28,239.84010314941406
2018-06-29,240.18544006347656
2018-07-02,240.6989288330078
2018-07-03,239.8489227294922
2018-07-05,241.80555725097656
2018-07-06,243.85084533691406
2018-07-09,246.0465087890625
2018-07-10,246.9319610595703
2018-07-11,245.1257781982422
2018-07-12,247.34808349609375
2018-07-13,247.5428924560547
2018-07-16,247.32154846191406
2018-07-17,248.32200622558594
2018-07-18,248.84432983398438
2018-07-19,247.90585327148438
2018-07-20,247.62257385253906
2018-07-23,248.08302307128906
2018-07-24,249.33135986328125
2018-07-25,251.4562225341797
2018-07-26,250.86306762695312
2018-07-27,249.16314697265625
2018-07-30,247.86163330078125
2018-07-31,249.0834197998047
2018-08-01,248.66726684570312
2018-08-02,250.02195739746094
2018-08-03,251.09324645996094
2018-08-06,252.01409912109375
2018-08-07,252.8462677001953
2018-08-08,252.739990234375
2018-08-09,252.394775390625
2018-08-10,250.7036895751953
2018-08-13,249.7652130126953
2018-08-14,251.35890197753906
2018-08-15,249.48182678222656
2018-08-16,251.50054931640625
2018-08-17,252.38584899902344
2018-08-20,252.9259033203125
2018-08-21,253.5192108154297
2018-08-22,253.3686981201172
2018-08-23,253.03225708007812
2018-08-24,254.55508422851562
2018-08-27,256.56494140625
2018-08-28,256.6888122558594
2018-08-29,258.0700988769531
2018-08-30,257.0251159667969
2018-08-31,257.0340576171875
2018-09-04,256.5915222167969
2018-09-05,255.9008331298828
2018-09-06,255.1305389404297
2018-09-07,254.63475036621094
2018-09-10,255.0774383544922
2018-09-11,255.91856384277344
2018-09-12,255.98052978515625
2018-09-13,257.4945983886719
2018-09-14,257.5386962890625
2018-09-17,256.17523193359375
2018-09-18,257.5653381347656
2018-09-19,257.83984375
2018-09-20,259.9293212890625
2018-09-21,259.6918640136719
2018-09-24,258.8291931152344
2018-09-25,258.5889892578125
2018-09-26,257.81524658203125
2018-09-27,258.53558349609375
2018-09-28,258.5623474121094
2018-10-01,259.46063232421875
2018-10-02,259.309326171875
2018-10-03,259.45166015625
2018-10-04,257.4239196777344
2018-10-05,255.98306274414062
2018-10-08,255.98306274414062
2018-10-09,255.60955810546875
2018-10-10,247.5160675048828
2018-10-11,242.0642547607422
2018-10-12,245.4261016845703
2018-10-15,244.0475311279297
2018-10-16,249.38385009765625
2018-10-17,249.42832946777344
2018-10-18,245.8263397216797
2018-10-19,245.6929168701172
2018-10-22,244.5900421142578
2018-10-23,243.3448486328125
2018-10-24,235.971923828125
2018-10-25,240.20541381835938
2018-10-26,235.98072814941406
2018-10-29,234.6734161376953
2018-10-30,238.15086364746094
2018-10-31,240.69454956054688
2018-11-01,243.2559814453125
2018-11-02,241.8151397705078
2018-11-05,243.1492156982422
2018-11-06,244.68792724609375
2018-11-07,249.9263916015625
2018-11-08,249.47280883789062
2018-11-09,247.0359344482422
2018-11-12,242.4199676513672
2018-11-13,241.9663848876953
2018-11-14,240.3121337890625
2018-11-15,242.82015991210938
2018-11-16,243.45169067382812
2018-11-19,239.33377075195312
2018-11-20,234.9046173095703
2018-11-21,235.7051239013672
2018-11-23,234.1309051513672
2018-11-26,237.9107666015625
2018-11-27,238.7112274169922
2018-11-28,244.20765686035156
2018-11-29,243.6739959716797
2018-11-30,245.15924072265625
2018-12-03,248.4055633544922
2018-12-04,240.35650634765625
2018-12-06,239.99191284179688
2018-12-07,234.41546630859375
2018-12-10,234.86013793945312
2018-12-11,234.91351318359375
2018-12-12,236.09642028808594
2018-12-13,236.01638793945312
2018-12-14,231.65835571289062
2018-12-17,227.11361694335938
2018-12-18,226.86463928222656
2018-12-19,223.46713256835938
2018-12-20,219.8295440673828
2018-12-21,215.32534790039062
2018-12-24,209.6358642578125
2018-12-26,220.22767639160156
2018-12-27,221.91844177246094
2018-12-28,221.6321258544922
2018-12-31,223.57339477539062
2019-01-02,223.80596923828125
2019-01-03,218.46531677246094
2019-01-04,225.78298950195312
2019-01-07,227.5631866455078
2019-01-08,229.7012481689453
2019-01-09,230.7747344970703
2019-01-10,231.58885192871094
2019-01-11,231.67828369140625
2019-01-14,230.2648468017578
2019-01-15,232.90383911132812
2019-01-16,233.46746826171875
2019-01-17,235.23867797851562
2019-01-18,238.36976623535156
2019-01-22,235.14923095703125
2019-01-23,235.64125061035156
2019-01-24,235.7664794921875
2019-01-25,237.76136779785156
2019-01-28,235.95431518554688
2019-01-29,235.64125061035156
2019-01-30,239.37164306640625
2019-01-31,241.47390747070312
2019-02-01,241.5902099609375
2019-02-04,243.2899169921875
2019-02-05,244.30975341796875
2019-02-06,243.98764038085938
2019-02-07,241.6618194580078
2019-02-08,241.95697021484375
2019-02-11,242.09117126464844
2019-02-12,245.20431518554688
2019-02-13,246.00047302246094
2019-02-14,245.45484924316406
2019-02-15,248.12960815429688
2019-02-19,248.55899047851562
2019-02-20,249.0599822998047
2019-02-21,248.17437744140625
2019-02-22,249.71299743652344
2019-02-25,250.05288696289062
2019-02-26,249.8739471435547
2019-02-27,249.7666778564453
2019-02-28,249.30148315429688
2019-03-01,250.85804748535156
2019-03-04,249.9456024169922
2019-03-05,249.60562133789062
2019-03-06,248.0937957763672
2019-03-07,246.01832580566406
2019-03-08,245.5264434814453
2019-03-11,249.0867919921875
2019-03-12,250.02597045898438
2019-03-13,251.68112182617188
2019-03-14,251.5201416015625
2019-03-15,252.7626495361328
2019-03-18,253.67918395996094
2019-03-19,253.74209594726562
2019-03-20,252.97848510742188
2019-03-21,255.83560180664062
2019-03-22,250.91171264648438
2019-03-25,250.72299194335938
2019-03-26,252.5919647216797
2019-03-27,251.2711944580078
2019-03-28,252.22361755371094
2019-03-29,253.81396484375
2019-04-01,256.82403564453125
2019-04-02,256.94976806640625
2019-04-03,257.354248046875
2019-04-04,258.03704833984375
2019-04-05,259.2859802246094
2019-04-08,259.483642578125
2019-04-09,258.1538391113281
2019-04-10,259.0343322753906
2019-04-11,258.9624938964844
2019-04-12,260.71466064453125
2019-04-15,260.54388427734375
2019-04-16,260.71466064453125
2019-04-17,260.07659912109375
2019-04-18,260.5888977050781
2019-04-22,260.8133544921875
2019-04-23,263.1585693359375
2019-04-24,262.5745544433594
2019-04-25,262.412841796875
2019-04-26,263.63482666015625
2019-04-29,264.048095703125
2019-04-30,264.1828918457031
2019-05-01,262.19720458984375
2019-05-02,261.631103515625
2019-05-03,264.19183349609375
2019-05-06,263.10467529296875
2019-05-07,258.7109375
2019-05-08,258.35137939453125
2019-05-09,257.56982421875
2019-05-10,258.8636779785156
2019-05-13,252.3584442138672
2019-05-14,254.6405487060547
2019-05-15,256.1321105957031
2019-05-16,258.50421142578125
2019-05-17,256.8329162597656
2019-05-20,255.13473510742188
2019-05-21,257.43499755859375
2019-05-22,256.6442565917969
2019-05-23,253.5084228515625
2019-05-24,254.08352661132812
2019-05-28,251.7204132080078
2019-05-29,250.0312042236328
2019-05-30,250.7140350341797
2019-05-31,247.3355712890625
2019-06-03,246.70672607421875
2019-06-04,252.0618438720703
2019-06-05,254.24517822265625
2019-06-06,255.89852905273438
2019-06-07,258.4593200683594
2019-06-10,259.6452941894531
2019-06-11,259.5824279785156
2019-06-12,259.1242370605469
2019-06-13,260.1934509277344
2019-06-14,259.9058837890625
2019-06-17,260.0046691894531
2019-06-18,262.727294921875
2019-06-19,263.32025146484375
2019-06-20,265.83612060546875
2019-06-21,265.4496765136719
2019-06-24,265.1247253417969
2019-06-25,262.5244140625
2019-06-26,262.2625732421875
2019-06-27,263.1924743652344
2019-06-28,264.5467834472656
2019-07-01,266.94854736328125
2019-07-02,267.64373779296875
2019-07-03,269.7835388183594
2019-07-05,269.4765930175781
2019-07-08,267.99591064453125
2019-07-09,268.3299865722656
2019-07-10,269.61212158203125
2019-07-11,270.2441101074219
2019-07-12,271.4540100097656
2019-07-15,271.5442199707031
2019-07-16,270.6684875488281
2019-07-17,268.8265380859375
2019-07-18,269.8105773925781
2019-07-19,268.3119201660156
2019-07-22,268.9710388183594
2019-07-23,270.89410400390625
2019-07-24,272.167236328125
2019-07-25,270.8670654296875
2019-07-26,272.681884765625
2019-07-29,272.185302734375
2019-07-30,271.5171203613281
2019-07-31,268.5466003417969
2019-08-01,266.2082214355469
2019-08-02,264.2037353515625
2019-08-05,256.25836181640625
2019-08-06,259.851806640625
2019-08-07,260.0052795410156
2019-08-08,265.106689453125
2019-08-09,263.3008117675781
2019-08-12,260.0955505371094
2019-08-13,264.14056396484375
2019-08-14,256.33050537109375
2019-08-15,257.0077209472656
2019-08-16,260.79986572265625
2019-08-19,263.94195556640625
2019-08-20,261.9193115234375
2019-08-21,264.05029296875
2019-08-22,263.9689636230469
2019-08-23,257.1882629394531
2019-08-26,260.0323181152344
2019-08-27,259.0120849609375
2019-08-28,260.8359069824219
2019-08-29,264.1676330566406
2019-08-30,264.05029296875
2019-09-03,262.5063781738281
2019-09-04,265.4858703613281
2019-09-05,268.89874267578125
2019-09-06,269.10638427734375
2019-09-09,269.2418212890625
2019-09-10,269.1787414550781
2019-09-11,271.0928649902344
2019-09-12,272.0318298339844
2019-09-13,271.8511657714844
2019-09-16,271.011474609375
2019-09-17,271.69781494140625
2019-09-18,271.8602600097656
2019-09-19,271.8421630859375
2019-09-20,270.55780029296875
2019-09-23,270.4943542480469
2019-09-24,268.37176513671875
2019-09-25,269.9591369628906
2019-09-26,269.39678955078125
2019-09-27,267.9454650878906
2019-09-30,269.1881408691406
2019-10-01,265.9862060546875
2019-10-02,261.28759765625
2019-10-03,263.4283142089844
2019-10-04,266.9929504394531
2019-10-07,265.8410339355469
2019-10-08,261.71392822265625
2019-10-09,264.1993408203125
2019-10-10,265.9862060546875
2019-10-11,268.7436828613281
2019-10-14,268.4443359375
2019-10-15,271.1020812988281
2019-10-16,270.66668701171875
2019-10-17,271.4648132324219
2019-10-18,270.27655029296875
2019-10-21,272.10882568359375
2019-10-22,271.21990966796875
2019-10-23,272.0090637207031
2019-10-24,272.4535217285156
2019-10-25,273.5693359375
2019-10-28,275.1112060546875
2019-10-29,275.0296325683594
2019-10-30,275.8731384277344
2019-10-31,275.138427734375
2019-11-01,277.68731689453125
2019-11-04,278.802978515625
2019-11-05,278.49456787109375
2019-11-06,278.5580139160156
2019-11-07,279.5377502441406
2019-11-08,280.22705078125
2019-11-11,279.69189453125
2019-11-12,280.2815246582031
2019-11-13,280.3721618652344
2019-11-14,280.7803649902344
2019-11-15,282.8122863769531
2019-11-18,283.0207824707031
2019-11-19,282.939208984375
2019-11-20,281.88690185546875
2019-11-21,281.4335021972656
2019-11-22,282.0592956542969
2019-11-25,284.2453308105469
2019-11-26,284.8893127441406
2019-11-27,286.15924072265625
2019-11-29,285.097900390625
2019-12-02,282.6761474609375
2019-12-03,280.7803649902344
2019-12-04,282.51287841796875
2019-12-05,283.0207824707031
2019-12-06,285.6058349609375
2019-12-09,284.7078857421875
2019-12-10,284.39044189453125
2019-12-11,285.1977844238281
2019-12-12,287.6557922363281
2019-12-13,287.82818603515625
2019-12-16,289.8055419921875
2019-12-17,289.86920166015625
2019-12-18,289.88720703125
2019-12-19,291.075439453125
2019-12-20,292.3515930175781
2019-12-23,292.7981872558594
2019-12-24,292.8073425292969
2019-12-26,294.3660888671875
2019-12-27,294.2931213378906
2019-12-30,292.6707458496094
2019-12-31,293.381591796875
2020-01-02,296.1252746582031
2020-01-03,293.8830261230469
2020-01-06,295.00408935546875
2020-01-07,294.1746826171875
2020-01-08,295.7425537109375
2020-01-09,297.7478332519531
2020-01-10,296.890869140625
2020-01-13,298.9328308105469
2020-01-14,298.4770202636719
2020-01-15,299.1515197753906
2020-01-16,301.6399230957031
2020-01-17,302.578857421875
2020-01-21,301.9864501953125
2020-01-22,302.0228576660156
2020-01-23,302.3691711425781
2020-01-24,299.68023681640625
2020-01-27,294.8765563964844
2020-01-28,297.9665832519531
2020-01-29,297.720458984375
2020-01-30,298.68658447265625
2020-01-31,293.2630920410156
2020-02-03,295.441650390625
2020-02-04,299.94451904296875
2020-02-05,303.4082946777344
2020-02-06,304.42926025390625
2020-02-07,302.8067321777344
2020-02-10,305.0672912597656
2020-02-11,305.59600830078125
2020-02-12,307.56488037109375
2020-02-13,307.23675537109375
2020-02-14,307.72900390625
2020-02-18,306.9359436035156
2020-02-19,308.40338134765625
2020-02-20,307.136474609375
2020-02-21,303.9734802246094
2020-02-24,293.8920593261719
2020-02-25,284.9864196777344
2020-02-26,283.93829345703125
2020-02-27,271.1861572265625
2020-02-28,270.04669189453125
2020-03-02,281.74151611328125
2020-03-03,273.674560546875
2020-03-04,285.1779479980469
2020-03-05,275.6981506347656
2020-03-06,271.140625
2020-03-09,249.96592712402344
2020-03-10,262.9004211425781
2020-03-11,250.08445739746094
2020-03-12,226.1570587158203
2020-03-13,245.4903106689453
2020-03-16,218.62791442871094
2020-03-17,230.43214416503906
2020-03-18,218.7646484375
2020-03-19,219.22955322265625
2020-03-20,209.7820587158203
2020-03-23,204.4182586669922
2020-03-24,222.93922424316406
2020-03-25,226.27664184570312
2020-03-26,239.4889373779297
2020-03-27,232.35552978515625
2020-03-30,239.90150451660156
2020-03-31,236.32565307617188
2020-04-01,225.6898193359375
2020-04-02,230.89776611328125
2020-04-03,227.560302734375
2020-04-06,242.84463500976562
2020-04-07,243.09225463867188
2020-04-08,251.2524871826172
2020-04-09,255.07589721679688
2020-04-13,252.7469024658203
2020-04-14,260.2012939453125
2020-04-15,254.67239379882812
2020-04-16,255.90098571777344
2020-04-17,262.8143005371094
2020-04-20,258.18408203125
2020-04-21,250.34475708007812
2020-04-22,255.90098571777344
2020-04-23,255.88265991210938
2020-04-24,259.44940185546875
2020-04-27,263.19024658203125
2020-04-28,261.97991943359375
2020-04-29,268.83819580078125
2020-04-30,266.3351135253906
2020-05-01,259.2843933105469
2020-05-04,259.99945068359375
2020-05-05,262.4017333984375
2020-05-06,260.6230163574219
2020-05-07,263.7677917480469
2020-05-08,268.13214111328125
2020-05-11,268.1871643066406
2020-05-12,262.8418273925781
2020-05-13,258.1932067871094
2020-05-14,261.2831726074219
2020-05-15,262.4842529296875
2020-05-18,270.4793701171875
2020-05-19,267.7012023925781
2020-05-20,272.24896240234375
2020-05-21,270.3694152832031
2020-05-22,270.8827819824219
2020-05-26,274.2203369140625
2020-05-27,278.30035400390625
2020-05-28,277.78692626953125
2020-05-29,279.024658203125
2020-06-01,280.1524963378906
2020-06-02,282.4721984863281
2020-06-03,286.2312927246094
2020-06-04,285.47955322265625
2020-06-05,292.7962951660156
2020-06-08,296.33544921875
2020-06-09,294.125732421875
2020-06-10,292.48455810546875
2020-06-11,275.62310791015625
2020-06-12,278.923828125
2020-06-15,281.5278625488281
2020-06-16,286.946533203125
2020-06-17,285.7546691894531
2020-06-18,285.86468505859375
2020-06-19,284.23095703125
2020-06-22,286.0542907714844
2020-06-23,287.37127685546875
2020-06-24,280.040771484375
2020-06-25,283.04296875
2020-06-26,276.32037353515625
2020-06-29,280.38153076171875
2020-06-30,283.9730224609375
2020-07-01,285.9621887207031
2020-07-02,287.53704833984375
2020-07-06,291.97576904296875
2020-07-07,288.9644775390625
2020-07-08,291.1746826171875
2020-07-09,289.5169982910156
2020-07-10,292.47308349609375
2020-07-13,289.9405517578125
2020-07-14,293.697998046875
2020-07-15,296.3962097167969
2020-07-16,295.4200744628906
2020-07-17,296.27655029296875
2020-07-20,298.6708984375
2020-07-21,299.3063049316406
2020-07-22,301.00994873046875
2020-07-23,297.41839599609375
2020-07-24,295.50299072265625
2020-07-27,297.65777587890625
2020-07-28,295.7700500488281
2020-07-29,299.4075622558594
2020-07-30,298.33941650390625
2020-07-31,300.69683837890625
2020-08-03,302.7873840332031
2020-08-04,303.9568786621094
2020-08-05,305.84478759765625
2020-08-06,307.88909912109375
2020-08-07,308.1102600097656
2020-08-10,309.0310974121094
2020-08-11,306.4803161621094
2020-08-12,310.7532958984375
2020-08-13,310.19146728515625
2020-08-14,310.20068359375
2020-08-17,311.1861572265625
2020-08-18,311.8584289550781
2020-08-19,310.55987548828125
2020-08-20,311.52685546875
2020-08-21,312.6319580078125
2020-08-24,315.7998046875
2020-08-25,316.9049987792969
2020-08-26,320.0821228027344
2020-08-27,320.781982421875
2020-08-28,322.85406494140625
2020-08-31,321.6845703125
2020-09-01,324.71429443359375
2020-09-02,329.4110412597656
2020-09-03,318.0745544433594
2020-09-04,315.4775085449219
2020-09-08,306.8577880859375
2020-09-09,312.91748046875
2020-09-10,307.4840087890625
2020-09-11,307.64056396484375
2020-09-14,311.6926574707031
2020-09-15,313.2674255371094
2020-09-16,312.02410888671875
2020-09-17,309.2798156738281
2020-09-18,305.7192077636719
2020-09-21,302.3166198730469
2020-09-22,305.3955993652344
2020-09-23,298.31304931640625
2020-09-24,299.1082763671875
2020-09-25,303.94390869140625
2020-09-28,308.99224853515625
2020-09-29,307.3094787597656
2020-09-30,309.6394958496094
2020-10-01,311.6274108886719
2020-10-02,308.6685791015625
2020-10-05,314.1422119140625
2020-10-06,309.6763916015625
2020-10-07,315.06689453125
2020-10-08,317.8592529296875
2020-10-09,320.6977233886719
2020-10-12,325.8569641113281
2020-10-13,323.7303161621094
2020-10-14,321.6962585449219
2020-10-15,321.2986755371094
2020-10-16,321.1044921875
2020-10-19,316.22259521484375
2020-10-20,317.4892883300781
2020-10-21,316.8883972167969
2020-10-22,318.6265563964844
2020-10-23,319.7083740234375
2020-10-26,313.8001403808594
2020-10-27,312.71844482421875
2020-10-28,302.0301208496094
2020-10-29,305.0997314453125
2020-10-30,301.9190979003906
2020-11-02,305.3031005859375
2020-11-03,310.69354248046875
2020-11-04,317.6372985839844
2020-11-05,323.83203125
2020-11-06,323.7581481933594
2020-11-09,327.8263854980469
2020-11-10,327.3455505371094
2020-11-11,329.7772216796875
2020-11-12,326.5782165527344
2020-11-13,331.09942626953125
2020-11-16,335.2323913574219
2020-11-17,333.42938232421875
2020-11-18,329.4166564941406
2020-11-19,330.8035888671875
2020-11-20,328.5382995605469
2020-11-23,330.5076904296875
2020-11-24,335.8334655761719
2020-11-25,335.3156433105469
2020-11-27,336.24945068359375
2020-11-30,334.76092529296875
2020-12-01,338.4222717285156
2020-12-02,339.1341857910156
2020-12-03,339.041748046875
2020-12-04,341.9635009765625
2020-12-07,341.26080322265625
2020-12-08,342.2594299316406
2020-12-09,339.1896667480469
2020-12-10,339.07867431640625
2020-12-11,338.68115234375
2020-12-14,337.1648254394531
2020-12-15,341.7231140136719
2020-12-16,342.2594299316406
2020-12-17,344.17333984375
2020-12-18,342.7990417480469
2020-12-21,341.5733642578125
2020-12-22,340.9976501464844
2020-12-23,341.3041687011719
2020-12-24,342.6319274902344
2020-12-28,345.5754089355469
2020-12-29,344.9161071777344
2020-12-30,345.4082336425781
2020-12-31,347.1632080078125
2021-01-04,342.43695068359375
2021-01-05,344.7954406738281
2021-01-06,346.8567810058594
2021-01-07,352.0102233886719
2021-01-08,354.0158386230469
2021-01-11,351.6295166015625
2021-01-12,351.7037353515625
2021-01-13,352.65087890625
2021-01-14,351.41595458984375
2021-01-15,348.8531799316406
2021-01-19,351.59234619140625
2021-01-20,356.45794677734375
2021-01-21,356.7829895019531
2021-01-22,355.52008056640625
2021-01-25,356.92218017578125
2021-01-26,356.3651123046875
2021-01-27,347.65533447265625
2021-01-28,350.6452941894531
2021-01-29,343.62548828125
2021-02-01,349.3453063964844
2021-02-02,354.2851257324219
2021-02-03,354.56365966796875
2021-02-04,358.593505859375
2021-02-05,360.0050048828125
2021-02-08,362.6048889160156
2021-02-09,362.3634338378906
2021-02-10,362.20562744140625
2021-02-11,362.7904968261719
2021-02-12,364.5826721191406
2021-02-16,364.26690673828125
2021-02-17,364.3504333496094
2021-02-18,362.7997741699219
2021-02-19,362.15911865234375
2021-02-22,359.37359619140625
2021-02-23,359.80999755859375
2021-02-24,363.7748107910156
2021-02-25,355.0093994140625
2021-02-26,353.1800842285156
2021-03-01,361.74127197265625
2021-03-02,358.91851806640625
2021-03-03,354.1644592285156
2021-03-04,349.7816467285156
2021-03-05,356.2164611816406
2021-03-08,354.4430236816406
2021-03-09,359.5035095214844
2021-03-10,361.74127197265625
2021-03-11,365.40911865234375
2021-03-12,365.90118408203125
2021-03-15,368.08331298828125
2021-03-16,367.6190185546875
2021-03-17,368.8725280761719
2021-03-18,363.5054626464844
2021-03-19,362.83294677734375
2021-03-22,365.73016357421875
2021-03-23,362.8515930175781
2021-03-24,361.00701904296875
2021-03-25,363.03790283203125
2021-03-26,368.8882141113281
2021-03-29,368.7019348144531
2021-03-30,367.72381591796875
2021-03-31,369.2142639160156
2021-04-01,373.2014465332031
2021-04-05,378.55810546875
2021-04-06,378.33447265625
2021-04-07,378.7723388671875
2021-04-08,380.5702209472656
2021-04-09,383.3371276855469
2021-04-12,383.4769287109375
2021-04-13,384.6133117675781
2021-04-14,383.2998046875
2021-04-15,387.41741943359375
2021-04-16,388.71234130859375
2021-04-19,386.8025207519531
2021-04-20,383.9706115722656
2021-04-21,387.6037902832031
2021-04-22,384.0636901855469
2021-04-23,388.2278747558594
2021-04-26,389.0383605957031
2021-04-27,388.9544677734375
2021-04-28,388.8426818847656
2021-04-29,391.32080078125
2021-04-30,388.74957275390625
2021-05-03,389.5879821777344
2021-05-04,387.1845397949219
2021-05-05,387.3056335449219
2021-05-06,390.39849853515625
2021-05-07,393.2398376464844
2021-05-10,389.3458251953125
2021-05-11,385.8709716796875
2021-05-12,377.6730651855469
2021-05-13,382.2098388671875
2021-05-14,388.078857421875
2021-05-17,387.0914001464844
2021-05-18,383.7563171386719
2021-05-19,382.75018310546875
2021-05-20,386.8677978515625
2021-05-21,386.5511169433594
2021-05-24,390.4916687011719
2021-05-25,389.625244140625
2021-05-26,390.39849853515625
2021-05-27,390.6034851074219
2021-05-28,391.30218505859375
2021-06-01,390.9573974609375
2021-06-02,391.5722351074219
2021-06-03,390.1189880371094
2021-06-04,393.6869201660156
2021-06-07,393.3050231933594
2021-06-08,393.3888854980469
2021-06-09,392.8019714355469
2021-06-10,394.6278381347656
2021-06-11,395.2799377441406
2021-06-14,396.1650390625
2021-06-15,395.4383850097656
2021-06-16,393.23046875
2021-06-17,393.10009765625
2021-06-18,387.7969665527344
2021-06-21,393.3486633300781
2021-06-22,395.4515686035156
2021-06-23,394.9748840332031
2021-06-24,397.3115234375
2021-06-25,398.72283935546875
2021-06-28,399.5266418457031
2021-06-29,399.7415466308594
2021-06-30,400.0780944824219
2021-07-01,402.2931823730469
2021-07-02,405.3680419921875
2021-07-06,404.62969970703125
2021-07-07,406.0596618652344
2021-07-08,402.7510986328125
2021-07-09,407.05035400390625
2021-07-12,408.5084228515625
2021-07-13,407.11578369140625
2021-07-14,407.7232971191406
2021-07-15,406.33062744140625
2021-07-16,403.1435852050781
2021-07-19,397.1900329589844
2021-07-20,402.8819580078125
2021-07-21,406.1438293457031
2021-07-22,406.99432373046875
2021-07-23,411.1814270019531
2021-07-26,412.1908874511719
2021-07-27,410.31231689453125
2021-07-28,410.1440124511719
2021-07-29,411.8450622558594
2021-07-30,409.844970703125
2021-08-02,408.9850769042969
2021-08-03,412.3123779296875
2021-08-04,410.2842712402344
2021-08-05,412.8825378417969
2021-08-06,413.564697265625
2021-08-09,413.2283020019531
2021-08-10,413.7423095703125
2021-08-11,414.7704162597656
2021-08-12,416.0134582519531
2021-08-13,416.77056884765625
2021-08-16,417.7519226074219
2021-08-17,415.013427734375
2021-08-18,410.4710998535156
2021-08-19,411.106689453125
2021-08-20,414.37786865234375
2021-08-23,418.0229797363281
2021-08-24,418.6866149902344
2021-08-25,419.5650939941406
2021-08-26,417.0884094238281
2021-08-27,420.8175048828125
2021-08-30,422.6680908203125
2021-08-31,422.0419616699219
2021-09-01,422.2661437988281
2021-09-02,423.5653381347656
2021-09-03,423.4624328613281
2021-09-07,421.9483642578125
2021-09-08,421.4343566894531
2021-09-09,419.6304931640625
2021-09-10,416.3219299316406
2021-09-13,417.387451171875
2021-09-14,415.135009765625
2021-09-15,418.6024169921875
2021-09-16,417.93890380859375
2021-09-17,413.8677062988281
2021-09-20,406.9667663574219
2021-09-21,406.58233642578125
2021-09-22,410.5484619140625
2021-09-23,415.53662109375
2021-09-24,416.2210693359375
2021-09-27,415.0303955078125
2021-09-28,406.6666564941406
2021-09-29,407.3511962890625
2021-09-30,402.3724365234375
2021-10-01,407.1543273925781
2021-10-04,401.90362548828125
2021-10-05,406.0853576660156
2021-10-06,407.7730712890625
2021-10-07,411.2986755371094
2021-10-08,410.5484619140625
2021-10-11,407.5762023925781
2021-10-12,406.57293701171875
2021-10-13,408.0356140136719
2021-10-14,414.89910888671875
2021-10-15,418.0588073730469
2021-10-18,419.2965087890625
2021-10-19,422.5314025878906
2021-10-20,424.1909484863281
2021-10-21,425.2973327636719
2021-10-22,424.8565673828125
2021-10-25,427.13507080078125
2021-10-26,427.51947021484375
2021-10-27,425.6254577636719
2021-10-28,429.7323303222656
2021-10-29,430.604248046875
2021-11-01,431.3449401855469
2021-11-02,433.08905029296875
2021-11-03,435.73309326171875
2021-11-04,437.78643798828125
2021-11-05,439.305419921875
2021-11-08,439.6804504394531
2021-11-09,438.2272033691406
2021-11-10,434.70166015625
2021-11-11,434.84228515625
2021-11-12,438.1239929199219
2021-11-15,438.2740478515625
2021-11-16,440.0086364746094
2021-11-17,438.9398193359375
2021-11-18,440.4305725097656
2021-11-19,439.6430358886719
2021-11-22,438.40533447265625
2021-11-23,438.98663330078125
2021-11-24,440.1586608886719
2021-11-26,430.34173583984375
2021-11-29,435.62054443359375
2021-11-30,427.1444396972656
2021-12-01,422.40008544921875
2021-12-02,428.86962890625
2021-12-03,425.1379089355469
2021-12-06,430.1730651855469
2021-12-07,439.071044921875
2021-12-08,440.2336730957031
2021-12-09,437.2613830566406
2021-12-10,441.37750244140625
2021-12-13,437.4676818847656
2021-12-14,434.4578857421875
2021-12-15,441.24639892578125
2021-12-16,437.3551940917969
2021-12-17,432.70050048828125
2021-12-20,428.099365234375
2021-12-21,435.7019958496094
2021-12-22,440.0584411621094
2021-12-23,442.7966003417969
2021-12-27,449.0631103515625
2021-12-28,448.6960144042969
2021-12-29,449.2700500488281
2021-12-30,448.0280456542969
2021-12-31,446.8989562988281
2022-01-03,449.4864196777344
2022-01-04,449.33587646484375
2022-01-05,440.7076416015625
2022-01-06,440.2936096191406
2022-01-07,438.552978515625
2022-01-10,438.00726318359375
2022-01-11,441.9967346191406
2022-01-12,443.1916809082031
2022-01-13,437.085205078125
2022-01-14,437.263916015625
2022-01-18,429.52008056640625
2022-01-19,425.06011962890625
2022-01-20,420.3555908203125
2022-01-21,412.103759765625
2022-01-24,413.8538513183594
2022-01-25,408.8011474609375
2022-01-26,407.77557373046875
2022-01-27,405.76190185546875
2022-01-28,415.8392028808594
2022-01-31,423.3289489746094
2022-02-01,426.1893005371094
2022-02-02,430.3293762207031
2022-02-03,420.2144470214844
2022-02-04,422.1903991699219
2022-02-07,420.83544921875
2022-02-08,424.29803466796875
2022-02-09,430.5081481933594
2022-02-10,422.7738037109375
2022-02-11,414.43719482421875
2022-02-14,413.08233642578125
2022-02-15,419.74395751953125
2022-02-16,420.2144470214844
2022-02-17,411.23809814453125
2022-02-18,408.57525634765625
2022-02-22,404.1905822753906
2022-02-23,397.0208435058594
2022-02-24,402.9955749511719
2022-02-25,411.8872985839844
2022-02-28,410.8334655761719
2022-03-01,404.57647705078125
2022-03-02,412.01904296875
2022-03-03,409.9678649902344
2022-03-04,406.6369934082031
2022-03-07,394.6496887207031
2022-03-08,391.6575622558594
2022-03-09,402.158203125
2022-03-10,400.3423156738281
2022-03-11,395.2519226074219
2022-03-14,392.3633117675781
2022-03-15,400.99151611328125
2022-03-16,409.8831787109375
2022-03-17,415.0111999511719
2022-03-18,419.5567321777344
2022-03-21,419.43402099609375
2022-03-22,424.342041015625
2022-03-23,418.8771667480469
2022-03-24,425.1914367675781
2022-03-25,427.26788330078125
2022-03-28,430.30706787109375
2022-03-29,435.63037109375
2022-03-30,432.9403991699219
2022-03-31,426.27691650390625
2022-04-01,427.4849548339844
2022-04-04,431.1470947265625
2022-04-05,425.7011413574219
2022-04-06,421.4443664550781
2022-04-07,423.5680236816406
2022-04-08,422.4354248046875
2022-04-11,415.21502685546875
2022-04-12,413.6765441894531
2022-04-13,418.4147033691406
2022-04-14,413.20465087890625
2022-04-18,413.3745422363281
2022-04-19,420.0475158691406
2022-04-20,419.736083984375
2022-04-21,413.45947265625
2022-04-22,402.1144714355469
2022-04-25,404.44580078125
2022-04-26,392.7327880859375
2022-04-27,393.8370056152344
2022-04-28,403.7851257324219
2022-04-29,388.86297607421875
2022-05-02,391.2037353515625
2022-05-03,392.99700927734375
2022-05-04,404.96490478515625
2022-05-05,390.5713195800781
2022-05-06,388.24005126953125
2022-05-09,375.80963134765625
2022-05-10,376.677978515625
2022-05-11,370.69403076171875
2022-05-12,370.30706787109375
2022-05-13,379.1602783203125
2022-05-16,377.6217956542969
2022-05-17,385.3896789550781
2022-05-18,369.8539123535156
2022-05-19,367.5887451171875
2022-05-20,367.749267578125
2022-05-23,374.6298522949219
2022-05-24,371.77001953125
2022-05-25,375.0545654296875
2022-05-26,382.5486755371094
2022-05-27,391.93988037109375
2022-05-31,389.7406921386719
2022-06-01,386.5882873535156
2022-06-02,393.9503173828125
2022-06-03,387.4849853515625
2022-06-06,388.66473388671875
2022-06-07,392.39288330078125
2022-06-08,388.1267395019531
2022-06-09,378.8959655761719
2022-06-10,367.9096984863281
2022-06-13,353.9407653808594
2022-06-14,352.87420654296875
2022-06-15,357.9049072265625
2022-06-16,346.0596618652344
2022-06-17,346.80572509765625
2022-06-21,355.5361022949219
2022-06-22,354.8914794921875
2022-06-23,358.37030029296875
2022-06-24,369.7643737792969
2022-06-27,368.35198974609375
2022-06-28,360.825439453125
2022-06-29,360.5316467285156
2022-06-30,357.60247802734375
2022-07-01,361.384765625
2022-07-05,362.0672302246094
2022-07-06,363.29010009765625
2022-07-07,368.73114013671875
2022-07-08,368.4278259277344
2022-07-11,364.2190246582031
2022-07-12,360.99609375
2022-07-13,359.1002197265625
2022-07-14,358.22821044921875
2022-07-15,365.07208251953125
2022-07-18,362.0577697753906
2022-07-19,371.8403015136719
2022-07-20,374.2100830078125
2022-07-21,378.02069091796875
2022-07-22,374.513427734375
2022-07-25,374.9684143066406
2022-07-26,370.5322265625
2022-07-27,380.15362548828125
2022-07-28,384.921630859375
2022-07-29,390.5332946777344
2022-08-01,389.3768310546875
2022-08-02,386.8079833984375
2022-08-03,392.8651123046875
2022-08-04,392.5997619628906
2022-08-05,391.9361877441406
2022-08-08,391.4812316894531
2022-08-09,389.9266357421875
2022-08-10,398.1165771484375
2022-08-11,398.1165771484375
2022-08-12,404.8563232421875
2022-08-15,406.5246887207031
2022-08-16,407.3209228515625
2022-08-17,404.4298095703125
2022-08-18,405.605224609375
2022-08-19,400.1546325683594
2022-08-22,391.8223571777344
2022-08-23,390.8745422363281
2022-08-24,392.12579345703125
2022-08-25,397.66168212890625
2022-08-26,384.201171875
2022-08-29,381.6607360839844
2022-08-30,377.4709777832031
2022-08-31,374.5987243652344
2022-09-01,375.77410888671875
2022-09-02,371.81182861328125
2022-09-06,370.408935546875
2022-09-07,377.06329345703125
2022-09-08,379.5279235839844
2022-09-09,385.4239501953125
2022-09-12,389.56634521484375
2022-09-13,372.6271057128906
2022-09-14,374.0489196777344
2022-09-15,369.80224609375
2022-09-16,366.9810485839844
2022-09-19,369.8270263671875
2022-09-20,365.5819091796875
2022-09-21,359.20477294921875
2022-09-22,356.1875305175781
2022-09-23,350.2196960449219
2022-09-26,346.75506591796875
2022-09-27,345.8698425292969
2022-09-28,352.6753845214844
2022-09-29,345.30828857421875
2022-09-30,339.96856689453125
2022-10-03,348.9442443847656
2022-10-04,359.75677490234375
2022-10-05,358.9192199707031
2022-10-06,355.2167053222656
2022-10-07,345.30828857421875
2022-10-10,342.6717834472656
2022-10-11,340.5015869140625
2022-10-12,339.37847900390625
2022-10-13,348.33502197265625
2022-10-14,340.3969421386719
2022-10-17,349.14410400390625
2022-10-18,353.2464294433594
2022-10-19,350.7431945800781
2022-10-20,347.80206298828125
2022-10-21,356.2541809082031
2022-10-24,360.61346435546875
2022-10-25,366.3719177246094
2022-10-26,363.6117248535156
2022-10-27,361.6700134277344
2022-10-28,370.2743835449219
2022-10-31,367.5997314453125
2022-11-01,365.9911804199219
2022-11-02,356.8061828613281
2022-11-03,353.1322326660156
2022-11-04,358.21490478515625
2022-11-07,361.6414489746094
2022-11-08,363.5926818847656
2022-11-09,356.10186767578125
2022-11-10,375.671142578125
2022-11-11,379.30706787109375
2022-11-14,376.08038330078125
2022-11-15,379.2879943847656
2022-11-16,376.3945617675781
2022-11-17,375.2428283691406
2022-11-18,376.9465637207031
2022-11-21,375.5759582519531
2022-11-22,380.63006591796875
2022-11-23,383.02874755859375
2022-11-25,382.9429931640625
2022-11-28,376.83233642578125
2022-11-29,376.18511962890625
2022-11-30,388.0351867675781
2022-12-01,387.7496643066406
2022-12-02,387.30230712890625
2022-12-05,380.3349914550781
2022-12-06,374.8525085449219
2022-12-07,374.21490478515625
2022-12-08,377.146484375
2022-12-09,374.3290710449219
2022-12-12,379.7258605957031
2022-12-13,382.600341796875
2022-12-14,380.1541748046875
2022-12-15,370.85498046875
2022-12-16,366.4765930175781
2022-12-19,363.3690185546875
2022-12-20,363.86627197265625
2022-12-21,369.3069763183594
2022-12-22,364.03839111328125
2022-12-23,366.1324157714844
2022-12-27,364.6886291503906
2022-12-28,360.15625
2022-12-29,366.63922119140625
2022-12-30,365.6733703613281
2023-01-03,364.1340026855469
2023-01-04,366.9451599121094
2023-01-05,362.757080078125
2023-01-06,371.0758056640625
2023-01-09,370.865478515625
2023-01-10,373.4663391113281
2023-01-11,378.1898498535156
2023-01-12,379.5667419433594
2023-01-13,381.0392761230469
2023-01-17,380.3412170410156
2023-01-18,374.33642578125
2023-01-19,371.6112976074219
2023-01-20,378.5340881347656
2023-01-23,383.0759582519531
2023-01-24,382.664794921875
2023-01-25,382.8082275390625
2023-01-26,387.0155334472656
2023-01-27,387.90472412109375
2023-01-30,383.0377197265625
2023-01-31,388.6697082519531
2023-02-01,392.80035400390625
2023-02-02,398.51837158203125
2023-02-03,394.28240966796875
2023-02-06,391.87286376953125
2023-02-07,396.9980163574219
2023-02-08,392.65692138671875
2023-02-09,389.2528991699219
2023-02-10,390.1612854003906
2023-02-13,394.7414245605469
2023-02-14,394.5597839355469
2023-02-15,395.8410339355469
2023-02-16,390.3907470703125
2023-02-17,389.4154968261719
2023-02-21,381.60345458984375
2023-02-22,381.0775451660156
2023-02-23,383.1046447753906
2023-02-24,379.01214599609375
2023-02-27,380.3030090332031
2023-02-28,378.8974304199219
2023-03-01,377.4440612792969
2023-03-02,380.3795166015625
2023-03-03,386.4799499511719
2023-03-06,386.74774169921875
2023-03-07,380.81939697265625
2023-03-08,381.4408264160156
2023-03-09,374.40338134765625
2023-03-10,369.00091552734375
2023-03-13,368.4750061035156
2023-03-14,374.5659484863281
2023-03-15,372.2232666015625
2023-03-16,378.7539978027344
2023-03-17,374.32537841796875
2023-03-20,377.9246826171875
2023-03-21,382.8870544433594
2023-03-22,376.3601379394531
2023-03-23,377.3776550292969
2023-03-24,379.8539733886719
2023-03-27,380.5643005371094
2023-03-28,379.7099914550781
2023-03-29,385.2290954589844
2023-03-30,387.4847412109375
2023-03-31,392.9461364746094
2023-04-03,394.4434814453125
2023-04-04,392.2550354003906
2023-04-05,391.22802734375
2023-04-06,392.75421142578125
2023-04-10,393.1572570800781
2023-04-11,393.2629699707031
2023-04-12,391.659912109375
2023-04-13,396.8622131347656
2023-04-14,395.892822265625
2023-04-17,397.3133850097656
2023-04-18,397.5724792480469
2023-04-19,397.5053405761719
2023-04-20,395.33612060546875
2023-04-21,395.6432189941406
2023-04-24,396.0560302734375
2023-04-25,389.76898193359375
2023-04-26,388.1180725097656
2023-04-27,395.8448181152344
2023-04-28,399.22344970703125
2023-05-01,398.8202819824219
2023-05-02,394.337890625
2023-05-03,391.6311340332031
2023-05-04,388.85723876953125
2023-05-05,396.0560302734375
2023-05-08,396.1615295410156
2023-05-09,394.4242858886719
2023-05-10,396.26715087890625
2023-05-11,395.576171875
2023-05-12,395.0577392578125
2023-05-15,396.4206848144531
2023-05-16,393.7715759277344
2023-05-17,398.5515441894531
2023-05-18,402.3908386230469
2023-05-19,401.80535888671875
2023-05-22,401.96856689453125
2023-05-23,397.45733642578125
2023-05-24,394.5777893066406
2023-05-25,397.99481201171875
2023-05-26,403.14910888671875
2023-05-30,403.302734375
2023-05-31,401.0663146972656
2023-06-01,404.87689208984375
2023-06-02,410.73187255859375
2023-06-05,409.9447326660156
2023-06-06,410.83740234375
2023-06-07,409.4168395996094
2023-06-08,411.8931579589844
2023-06-09,412.6322937011719
2023-06-12,416.3757019042969
2023-06-13,419.1207580566406
2023-06-14,419.6198425292969
2023-06-15,424.82220458984375
2023-06-16,423.3750915527344
2023-06-20,421.1785888671875
2023-06-21,419.0205993652344
2023-06-22,420.53314208984375
2023-06-23,417.3538818359375
2023-06-26,415.64874267578125
2023-06-27,420.20556640625
2023-06-28,420.4175720214844
2023-06-29,422.07452392578125
2023-06-30,427.0553283691406
2023-07-03,427.5466613769531
2023-07-05,426.91082763671875
2023-07-06,423.5677795410156
2023-07-07,422.4984436035156
2023-07-10,423.5677795410156
2023-07-11,426.2654113769531
2023-07-12,429.695068359375
2023-07-13,433.1054382324219
2023-07-14,432.835693359375
2023-07-17,434.3386535644531
2023-07-18,437.5660095214844
2023-07-19,438.5390625
2023-07-20,435.6295471191406
2023-07-21,435.6295471191406
2023-07-24,437.5757141113281
2023-07-25,438.7702941894531
2023-07-26,438.8376770019531
2023-07-27,435.9282531738281
2023-07-28,440.1960754394531
2023-07-31,441.03424072265625
2023-08-01,439.7721252441406
2023-08-02,433.6546325683594
2023-08-03,432.4117736816406
2023-08-04,430.4560852050781
2023-08-07,434.21331787109375
2023-08-08,432.3251037597656
2023-08-09,429.4349365234375
2023-08-10,429.589111328125
2023-08-11,429.3385925292969
2023-08-14,431.7085266113281
2023-08-15,426.67962646484375
2023-08-16,423.548583984375
2023-08-17,420.3211669921875
2023-08-18,420.52349853515625
2023-08-21,423.259521484375
2023-08-22,422.1130676269531
2023-08-23,426.8144836425781
2023-08-24,420.89923095703125
2023-08-25,423.866455078125
2023-08-28,426.55438232421875
2023-08-29,432.7201232910156
2023-08-30,434.5024108886719
2023-08-31,433.8665771484375
2023-09-01,434.6758117675781
2023-09-05,432.79718017578125
2023-09-06,429.8876953125
2023-09-07,428.56787109375
2023-09-08,429.21331787109375
2023-09-11,432.03607177734375
2023-09-12,429.6661376953125
2023-09-13,430.1671142578125
2023-09-14,433.8761901855469
2023-09-15,428.6487121582031
2023-09-18,428.90008544921875
2023-09-19,428.0106506347656
2023-09-20,424.0758056640625
2023-09-21,417.0664978027344
2023-09-22,416.1287536621094
2023-09-25,417.8786315917969
2023-09-26,411.73944091796875
2023-09-27,411.90374755859375
2023-09-28,414.2917785644531
2023-09-29,413.2863464355469
2023-10-02,413.1219787597656
2023-10-03,407.5919189453125
2023-10-04,410.5599060058594
2023-10-05,410.4051818847656
2023-10-06,415.2779541015625
2023-10-09,417.9365539550781
2023-10-10,420.1119079589844
2023-10-11,421.8328552246094
2023-10-12,419.26104736328125
2023-10-13,417.1728515625
2023-10-16,421.5621032714844
2023-10-17,421.54278564453125
2023-10-18,415.92559814453125
2023-10-19,412.271240234375
2023-10-20,407.20513916015625
2023-10-23,406.4993896484375
2023-10-24,409.56414794921875
2023-10-25,403.68603515625
2023-10-26,398.8520202636719
2023-10-27,397.0440979003906
2023-10-30,401.79107666015625
2023-10-31,404.3144836425781
2023-11-01,408.6263122558594
2023-11-02,416.45745849609375
2023-11-03,420.2569274902344
2023-11-06,421.2237548828125
2023-11-07,422.4225158691406
2023-11-08,422.73193359375
2023-11-09,419.43511962890625
2023-11-10,425.9803466796875
2023-11-13,425.5743103027344
2023-11-14,433.83074951171875
2023-11-15,434.7491760253906
2023-11-16,435.28094482421875
2023-11-17,435.82232666015625
2023-11-20,439.1771240234375
2023-11-21,438.22003173828125
2023-11-22,439.9118347167969
2023-11-24,440.1825866699219
2023-11-27,439.38983154296875
2023-11-28,439.8248596191406
2023-11-29,439.5155029296875
2023-11-30,441.24609375
2023-12-01,443.85638427734375
2023-12-04,441.5263977050781
2023-12-05,441.4394226074219
2023-12-06,439.6605529785156
2023-12-07,443.0152893066406
2023-12-08,444.919921875
2023-12-11,446.6504821777344
2023-12-12,448.6903991699219
2023-12-13,454.87786865234375
2023-12-14,456.3377990722656
2023-12-15,455.58642578125
2023-12-18,458.1491394042969
2023-12-19,460.93505859375
2023-12-20,454.5477600097656
2023-12-21,458.85772705078125
2023-12-22,459.7799377441406
2023-12-26,461.7213439941406
2023-12-27,462.5562438964844
2023-12-28,462.7309265136719
2023-12-29,461.391357421875
2024-01-02,458.8091735839844
2024-01-03,455.0622863769531
2024-01-04,453.5964660644531
2024-01-05,454.2177429199219
2024-01-08,460.70208740234375
2024-01-09,460.003173828125
2024-01-10,462.60467529296875
2024-01-11,462.4009094238281
2024-01-12,462.7212219238281
2024-01-16,461.0224609375
2024-01-17,458.459716796875
2024-01-18,462.5367736816406
2024-01-19,468.3028564453125
2024-01-22,469.29302978515625
2024-01-23,470.6616516113281
2024-01-24,471.1761474609375
2024-01-25,473.7388610839844
2024-01-26,473.1369934082031
2024-01-29,476.8839111328125
2024-01-30,476.5151062011719
2024-01-31,468.7395935058594
2024-02-01,474.8746032714844
2024-02-02,479.8738098144531
2024-02-05,478.12646484375
2024-02-06,479.51458740234375
2024-02-07,483.51397705078125
2024-02-08,483.7275085449219
2024-02-09,486.523193359375
2024-02-12,486.30963134765625
2024-02-13,479.6116943359375
2024-02-14,483.9701843261719
2024-02-15,487.3094787597656
2024-02-16,484.8825988769531
2024-02-20,482.2132263183594
2024-02-21,482.6499938964844
2024-02-22,492.638671875
2024-02-23,492.9783935546875
2024-02-26,491.1728820800781
2024-02-27,492.0853271484375
2024-02-28,491.43499755859375
2024-02-29,493.2016906738281
2024-03-01,497.83197021484375
2024-03-04,497.298095703125
2024-03-05,492.3280334472656
2024-03-06,494.82281494140625
2024-03-07,499.7345886230469
2024-03-08,496.735107421875
2024-03-11,496.3079833984375
2024-03-12,501.64697265625
2024-03-13,500.860595703125
2024-03-14,499.8705139160156
2024-03-15,496.4381408691406
2024-03-18,499.38848876953125
2024-03-19,502.16375732421875
2024-03-20,506.80841064453125
2024-03-21,508.4832763671875
2024-03-22,507.51922607421875
2024-03-25,506.1170349121094
2024-03-26,505.1822204589844
2024-03-27,509.4276428222656
2024-03-28,509.3302307128906
2024-04-01,508.4442138671875
2024-04-02,505.2114562988281
2024-04-03,505.7664489746094
2024-04-04,499.5929870605469
2024-04-05,504.812255859375
2024-04-08,505.09454345703125
2024-04-09,505.6788330078125
2024-04-10,500.6154479980469
2024-04-11,504.39349365234375
2024-04-12,497.4313049316406
2024-04-15,491.199462890625
2024-04-16,490.30364990234375
2024-04-17,487.4018859863281
2024-04-18,486.39892578125
2024-04-19,482.1534423828125
2024-04-22,486.5937194824219
2024-04-23,492.3678894042969
2024-04-24,492.13421630859375
2024-04-25,490.2646789550781
2024-04-26,494.90936279296875
2024-04-29,496.66204833984375
2024-04-30,488.7944030761719
2024-05-01,487.2071838378906
2024-05-02,491.7641906738281
2024-05-03,497.85980224609375
2024-05-06,503.0011291503906
2024-05-07,503.55609130859375
2024-05-08,503.60479736328125
2024-05-09,506.50653076171875
2024-05-10,507.15899658203125
2024-05-13,507.2270812988281
2024-05-14,509.5542907714844
2024-05-15,515.8641357421875
2024-05-16,514.8026123046875
2024-05-17,515.542724609375
2024-05-20,516.13671875
2024-05-21,517.402587890625
2024-05-22,515.9127807617188
2024-05-23,512.1444702148438
2024-05-24,515.5330810546875
2024-05-28,515.893310546875
2024-05-29,512.2807006835938
2024-05-30,508.88238525390625
2024-05-31,513.517333984375
2024-06-03,513.9361572265625
2024-06-04,514.5106201171875
2024-06-05,520.6255493164062
2024-06-06,520.615966796875
2024-06-07,519.9830322265625
2024-06-10,521.5895385742188
2024-06-11,522.8458251953125
2024-06-12,527.1399536132812
2024-06-13,528.2012329101562
2024-06-14,528.522705078125
2024-06-17,532.7291259765625
2024-06-18,534.0826416015625
2024-06-20,532.6317138671875
2024-06-21,531.917724609375
2024-06-24,530.1885986328125
2024-06-25,532.2302856445312
2024-06-26,532.89453125
2024-06-27,533.7346801757812
2024-06-28,531.63427734375
2024-07-01,532.7285766601562
2024-07-02,536.3135986328125
2024-07-03,538.7069702148438
2024-07-05,541.8134155273438
2024-07-08,542.4385986328125
2024-07-09,542.9661865234375
2024-07-10,548.3389892578125
2024-07-11,543.6109619140625
2024-07-12,547.0396728515625
2024-07-15,548.5442504882812
2024-07-16,551.7970581054688
2024-07-17,544.0602416992188
2024-07-18,539.879150390625
2024-07-19,536.2940673828125
2024-07-22,541.8231811523438
2024-07-23,540.9733276367188
2024-07-24,528.7134399414062
2024-07-25,525.958740234375
2024-07-26,531.8492431640625
2024-07-29,532.1619262695312
2024-07-30,529.4658203125
2024-07-31,538.072021484375
2024-08-01,530.452392578125
2024-08-02,520.5762329101562
2024-08-05,505.4150695800781
2024-08-06,510.0748596191406
2024-08-07,506.66546630859375
2024-08-08,518.378173828125
2024-08-09,520.6641235351562
2024-08-12,520.9376220703125
2024-08-13,529.5048217773438
2024-08-14,531.17529296875
2024-08-15,540.2797241210938
2024-08-16,541.4910278320312
2024-08-19,546.66845703125
2024-08-20,545.7794799804688
2024-08-21,547.6552124023438
2024-08-22,543.3568725585938
2024-08-23,549.1301879882812
2024-08-26,547.8212280273438
2024-08-27,548.5733032226562
2024-08-28,545.3888549804688
2024-08-29,545.4375610351562
2024-08-30,550.6443481445312
2024-09-03,539.3126220703125
2024-09-04,538.208740234375
2024-09-05,536.8997192382812
2024-09-06,527.8636474609375
2024-09-09,533.773681640625
2024-09-10,536.0986938476562
2024-09-11,541.5985107421875
2024-09-12,546.1605834960938
2024-09-13,549.0130004882812
2024-09-16,549.8237915039062
2024-09-17,550.0484619140625
2024-09-18,548.4171752929688
2024-09-19,557.7755126953125
2024-09-20,556.811279296875
2024-09-23,558.2027587890625
2024-09-24,559.7999267578125
2024-09-25,558.5652465820312
2024-09-26,560.7798461914062
2024-09-27,559.966552734375
2024-09-30,562.2105102539062
2024-10-01,557.1739501953125
2024-10-02,557.4091186523438
2024-10-03,556.3899536132812
2024-10-04,561.4461059570312
2024-10-07,556.370361328125
2024-10-08,561.63232421875
2024-10-09,565.5223388671875
2024-10-10,564.53271484375
2024-10-11,567.913330078125
2024-10-14,572.557861328125
2024-10-15,568.1092529296875
2024-10-16,570.5785522460938
2024-10-17,570.6275024414062
2024-10-18,572.8224487304688
2024-10-21,571.8818359375
2024-10-22,571.5779418945312
2024-10-23,566.3553466796875
2024-10-24,567.5801391601562
2024-10-25,567.3841552734375
2024-10-28,569.1381225585938
2024-10-29,570.0591430664062
2024-10-30,568.3346557617188
2024-10-31,557.1935424804688
2024-11-01,559.5451049804688
2024-11-04,558.3399047851562
2024-11-05,565.0912475585938
2024-11-06,579.1425170898438
2024-11-07,583.62060546875
2024-11-08,586.148681640625
2024-11-11,586.7071533203125
2024-11-12,584.8847045898438
2024-11-13,585.1688232421875
2024-11-14,581.4061889648438
2024-11-15,573.9590454101562
2024-11-18,576.310791015625
2024-11-19,578.4175415039062
2024-11-20,578.613525390625
2024-11-21,581.7196044921875
2024-11-22,583.522705078125
2024-11-25,585.5020141601562
2024-11-26,588.5591430664062
2024-11-27,586.7757568359375
2024-11-29,590.4208374023438
2024-12-02,591.4791870117188
2024-12-03,591.7534790039062
2024-12-04,595.4278564453125
2024-12-05,594.4481201171875
2024-12-06,595.5750122070312
2024-12-09,592.5079956054688
2024-12-10,590.6658935546875
2024-12-11,595.2320556640625
2024-12-12,592.1651000976562
2024-12-13,592.047607421875
2024-12-16,594.5755615234375
2024-12-17,592.1257934570312
2024-12-18,574.478515625
2024-12-19,574.302001953125
2024-12-20,581.199951171875
2024-12-23,584.6803588867188
2024-12-24,591.1790161132812
2024-12-26,591.2184448242188
2024-12-27,584.9949951171875
2024-12-30,578.3192138671875
2024-12-31,576.21533203125
2025-01-02,574.7994995117188
2025-01-03,581.9864501953125
2025-01-06,585.3390502929688
2025-01-07,578.7222900390625
2025-01-08,579.5678100585938
2025-01-10,570.7193603515625
2025-01-13,571.6041870117188
2025-01-14,572.3908081054688
2025-01-15,582.802490234375
2025-01-16,581.6817016601562
2025-01-17,587.521728515625
2025-01-21,592.8995971679688
2025-01-22,596.232666015625
2025-01-23,599.4868774414062
2025-01-24,597.73681640625
2025-01-27,589.281494140625
2025-01-28,594.3449096679688
2025-01-29,591.6805419921875
2025-01-30,594.8561401367188
2025-01-31,591.6903076171875
2025-02-03,587.7084350585938
2025-02-04,591.6510620117188
2025-02-05,594.0498657226562
2025-02-06,596.1145629882812
2025-02-07,590.6580200195312
2025-02-10,594.6693115234375
2025-02-11,595.1216430664062
2025-02-12,593.2044067382812
2025-02-13,599.4672241210938
2025-02-14,599.437744140625
2025-02-18,601.1976318359375
2025-02-19,602.6134033203125
2025-02-20,600.1062622070312
2025-02-21,589.842041015625
2025-02-24,587.1580200195312
2025-02-25,584.2378540039062
2025-02-26,584.5328979492188
2025-02-27,575.2025146484375
2025-02-28,584.1788940429688
2025-03-03,573.9441528320312
2025-03-04,567.150390625
2025-03-05,573.2460327148438
2025-03-06,563.0703735351562
2025-03-07,566.2261962890625
2025-03-10,551.1444702148438
2025-03-11,546.5629272460938
2025-03-12,549.4632568359375
2025-03-13,542.138671875
2025-03-14,553.3369750976562
2025-03-17,557.6039428710938
2025-03-18,551.5770874023438
2025-03-19,557.584228515625
2025-03-20,555.971923828125
2025-03-21,556.1552734375
2025-03-24,566.1151733398438
2025-03-25,567.47607421875
2025-03-26,560.7013549804688
2025-03-27,559.2122192382812
2025-03-28,547.95068359375
2025-03-31,551.62890625
2025-04-01,553.1869506835938
2025-04-02,556.6878051757812
2025-04-03,529.2537231445312
2025-04-04,498.2696533203125
2025-04-07,497.38214111328125
2025-04-08,489.591796875
2025-04-09,541.0083618164062
2025-04-10,517.3019409179688
2025-04-11,526.5321044921875
2025-04-14,531.6401977539062
2025-04-15,530.151123046875
2025-04-16,518.3668823242188
2025-04-17,519.1064453125
2025-04-21,506.7503356933594
2025-04-22,519.9348754882812
2025-04-23,527.9915161132812
2025-04-24,539.1051025390625
2025-04-25,543.0004272460938
2025-04-28,543.2074584960938
2025-04-29,546.6292724609375
2025-04-30,546.84619140625
2025-05-01,550.7217407226562
2025-05-02,558.8966674804688
2025-05-05,555.6917724609375
2025-05-06,551.0471801757812
2025-05-07,553.3645629882812
2025-05-08,557.2202758789062
2025-05-09,556.5103149414062
2025-05-12,574.9014892578125
2025-05-13,578.6981201171875
2025-05-14,579.437744140625
2025-05-15,582.2679443359375
2025-05-16,585.9559936523438
2025-05-19,586.5969848632812
2025-05-20,584.6246337890625
2025-05-21,574.7733154296875
2025-05-22,575.0001220703125
2025-05-23,571.0753784179688
2025-05-27,582.9483642578125
2025-05-28,579.5757446289062
2025-05-29,581.8635864257812
2025-05-30,581.2127075195312
2025-06-02,584.4866943359375
2025-06-03,587.8197631835938
2025-06-04,587.6619873046875
2025-06-05,584.8218994140625
2025-06-06,590.827392578125
2025-06-09,591.35986328125
2025-06-10,594.7128295898438
2025-06-11,593.0166625976562
2025-06-12,595.3734130859375
2025-06-13,588.7171630859375
2025-06-16,594.318359375
2025-06-17,589.2398071289062
2025-06-18,589.1510009765625
2025-06-20,587.7673950195312
2025-06-23,593.5730590820312
2025-06-24,600.13037109375
2025-06-25,600.4666748046875
2025-06-26,605.1646118164062
2025-06-27,608.1713256835938
2025-06-30,611.0791015625
2025-07-01,610.8812866210938
2025-07-02,613.6505737304688
2025-07-03,618.4869995117188
2025-07-07,613.8780517578125
2025-07-08,613.5418090820312
2025-07-09,617.2210083007812
2025-07-10,618.9617309570312
2025-07-11,616.7857666015625
2025-07-14,617.9627075195312
2025-07-15,615.322021484375
2025-07-16,617.3792114257812
2025-07-17,621.1573486328125
2025-07-18,620.7024536132812
2025-07-21,621.87939453125
2025-07-22,621.9684448242188
2025-07-23,627.2598266601562
2025-07-24,627.4674682617188
2025-07-25,630.1181030273438
2025-07-28,629.9598388671875
2025-07-29,628.2982788085938
2025-07-30,627.5070190429688
2025-07-31,625.1531372070312
2025-08-01,614.9066162109375
2025-08-04,624.2530517578125
2025-08-05,621.088134765625
2025-08-06,625.845458984375
2025-08-07,625.3212280273438
2025-08-08,630.1972045898438
2025-08-11,628.9510498046875
2025-08-12,635.6469116210938
2025-08-13,637.8228149414062
2025-08-14,637.882080078125
2025-08-15,636.3886108398438
2025-08-18,636.2501220703125
2025-08-19,632.7984008789062
2025-08-20,631.1170043945312
2025-08-21,628.5850830078125
2025-08-22,638.2381591796875
2025-08-25,635.42919921875
2025-08-26,638.0897827148438
2025-08-27,639.543701171875
2025-08-28,641.8085327148438
2025-08-29,637.98095703125
2025-09-02,633.2533569335938
2025-09-03,636.6853637695312
2025-09-04,642.0062866210938
2025-09-05,640.1469116210938
2025-09-08,641.7195434570312
2025-09-09,643.2031860351562
2025-09-10,645.0625
2025-09-11,650.4231567382812
2025-09-12,650.2055053710938
2025-09-15,653.6671752929688
2025-09-16,652.76708984375
2025-09-17,651.9561767578125
2025-09-18,655.0023803710938
2025-09-19,658.2465209960938
2025-09-22,661.3607177734375
2025-09-23,657.7606201171875
2025-09-24,655.6678466796875
2025-09-25,652.6429443359375
2025-09-26,656.3819580078125
2025-09-29,658.2266845703125
2025-09-30,660.7061157226562
2025-10-01,662.95751953125
2025-10-02,663.7210693359375
2025-10-03,663.7113037109375
2025-10-06,666.0914916992188
2025-10-07,663.6219482421875
2025-10-08,667.5791625976562
2025-10-09,665.6452026367188
2025-10-10,647.6542358398438
2025-10-13,657.5919189453125
2025-10-14,656.78857421875
2025-10-15,659.7044067382812
2025-10-16,655.2116088867188
2025-10-17,658.9308471679688
2025-10-20,665.7840576171875
2025-10-21,665.7741088867188
2025-10-22,662.3128051757812
2025-10-23,666.2402954101562
2025-10-24,671.6851806640625
2025-10-27,679.6095581054688
2025-10-28,681.41455078125
2025-10-29,681.7418823242188
2025-10-30,674.2440185546875
2025-10-31,676.4556274414062
2025-11-03,677.72509765625
2025-11-04,669.691650390625
2025-11-05,672.012451171875
2025-11-06,664.8021850585938
2025-11-07,665.4567260742188
2025-11-10,675.8406982421875
2025-11-11,677.387939453125
2025-11-12,677.7648315429688
2025-11-13,666.5180053710938
2025-11-14,666.4088134765625
2025-11-17,660.2003173828125
2025-11-18,654.65625
2025-11-19,657.185302734375
2025-11-20,647.1683349609375
2025-11-21,653.6148681640625
2025-11-24,663.2351684570312
2025-11-25,669.4735717773438
2025-11-26,674.09521484375
2025-11-28,677.7747192382812
2025-12-01,674.6803588867188
2025-12-02,675.9299926757812
2025-12-03,678.2706298828125
2025-12-04,678.7664794921875
2025-12-05,680.0557861328125
2025-12-08,678.0126953125
2025-12-09,677.4276123046875
2025-12-10,681.92041015625
2025-12-11,683.5072021484375
2025-12-12,676.1581420898438
2025-12-15,675.1365966796875
2025-12-16,673.2918701171875
2025-12-17,665.8832397460938
2025-12-18,670.9115600585938
2025-12-19,676.9923095703125
2025-12-22,681.2098999023438
2025-12-23,684.3233032226562
2025-12-24,686.7305297851562
2025-12-26,686.660888671875
2025-12-29,684.2138671875
2025-12-30,683.3783569335938
2025-12-31,678.3152465820312
2026-01-02,679.55859375
2026-01-05,684.0845336914062
2026-01-06,688.1529541015625
2026-01-07,685.9347534179688
2026-01-08,685.8651123046875
2026-01-09,690.4010009765625
2026-01-12,691.4852294921875
2026-01-13,690.1026000976562
2026-01-14,686.7106323242188
2026-01-15,688.5806884765625
2026-01-16,688.0037231445312
2026-01-20,673.9981689453125
2026-01-21,681.77685546875
2026-01-22,685.3379516601562
2026-01-23,685.5865478515625
2026-01-26,689.0680541992188
2026-01-27,691.8134765625
2026-01-28,691.7438354492188
2026-01-29,690.3711547851562
2026-01-30,688.3120727539062
2026-02-02,691.7339477539062
2026-02-03,685.885009765625
2026-02-04,682.5626831054688
2026-02-05,674.0379638671875
2026-02-06,686.96923828125
2026-02-09,690.2816772460938
2026-02-10,688.4613037109375
2026-02-11,688.3021850585938
2026-02-12,677.668701171875
2026-02-13,678.1461181640625
2026-02-17,679.2402954101562
2026-02-18,682.662109375
2026-02-19,680.8616333007812
2026-02-20,685.7855834960938
2026-02-23,678.7827758789062
2026-02-24,683.7164916992188
2026-02-25,689.4859008789062
2026-02-26,685.6561889648438
2026-02-27,682.3637084960938
2026-03-02,682.751708984375
2026-03-03,676.7337036132812
2026-03-04,681.5082397460938
2026-03-05,677.70849609375
2026-03-06,668.82568359375
2026-03-09,674.6845703125
2026-03-10,673.6002807617188
2026-03-11,672.7548217773438
2026-03-12,662.5390625
2026-03-13,658.7890014648438
2026-03-16,665.493408203125
2026-03-17,667.2440185546875
2026-03-18,657.9335327148438
2026-03-19,656.3121948242188
2026-03-20,646.9034423828125
2026-03-23,653.6959228515625
2026-03-24,651.5015869140625
2026-03-25,655.1322021484375
2026-03-26,643.432373046875
2026-03-27,632.4606323242188
2026-03-30,630.3460693359375
2026-03-31,648.6688842773438
2026-04-01,653.5562744140625
2026-04-02,654.144775390625
2026-04-06,657.23681640625
2026-04-07,657.5260009765625
2026-04-08,674.27294921875
2026-04-09,678.162841796875
2026-04-10,677.7140502929688
2026-04-13,684.3369750976562
2026-04-14,692.675537109375
2026-04-15,698.1414184570312
2026-04-16,699.8569946289062
2026-04-17,708.3152465820312
2026-04-20,706.8988037109375
2026-04-21,702.2708129882812
2026-04-22,709.3825073242188
2026-04-23,706.6295776367188
2026-04-24,712.10546875
2026-04-27,713.332275390625
2026-04-28,709.8612060546875
2026-04-29,709.7515258789062
2026-04-30,716.8132934570312
2026-05-01,718.7982177734375
2026-05-04,716.1649780273438
2026-05-05,721.9102172851562
2026-05-06,731.9443359375
2026-05-07,729.7001342773438
2026-05-08,735.724609375
2026-05-11,737.4002685546875
2026-05-12,736.2831420898438
2026-05-13,740.4025268554688
2026-05-14,746.2474975585938
2026-05-15,737.2706298828125
2026-05-18,736.751953125
2026-05-19,731.8446044921875
2026-05-20,739.3452758789062
2026-05-21,740.8114624023438
2026-05-22,743.7239990234375
2026-05-26,748.6613159179688
2026-05-27,748.5316162109375
2026-05-28,752.6609497070312
2026-05-29,754.5361328125
2026-06-01,756.5908203125
2026-06-02,757.6182250976562
2026-06-03,752.3018798828125
2026-06-04,755.1445922851562
2026-06-05,735.65478515625
2026-06-08,737.3204345703125
2026-06-09,735.1560668945312
2026-06-10,723.56591796875
2026-06-11,735.8642578125
2026-06-12,739.843994140625
2026-06-15,752.890380859375
2026-06-16,748.4019775390625
2026-06-17,739.0560302734375
2026-06-18,746.739990234375
2026-06-22,744.3900146484375
2026-06-23,733.5800170898438
2026-06-24,733.239990234375
2026-06-25,734.2999877929688
2026-06-26,728.989990234375
2026-06-29,741.0
2026-06-30,746.77001953125
2026-07-01,745.760009765625
2026-07-02,744.780029296875
2026-07-06,751.280029296875
2026-07-07,747.7100219726562
2026-07-08,745.4000244140625
2026-07-09,751.7100219726562
2026-07-10,754.9500122070312
2026-07-13,749.1699829101562
2026-07-14,751.8300170898438
2026-07-15,754.8099975585938
2026-07-16,750.719970703125
2026-07-17,743.2899780273438
2026-07-20,742.0900268554688
2026-07-21,748.280029296875
2026-07-22,747.4099731445312
2026-07-23,738.1799926757812
2026-07-24,738.9299926757812
2026-07-27,739.0900268554688
2026-07-28,740.8599853515625
2026-07-29,729.52001953125
