Date,Close
2011-01-03,96.6791000366211
2011-01-04,96.62581634521484
2011-01-05,97.1280746459961
2011-01-06,96.93782806396484
2011-01-07,96.7475814819336
2011-01-10,96.62581634521484
2011-01-11,96.9682388305664
2011-01-12,97.8433609008789
2011-01-13,97.68354034423828
2011-01-14,98.39126586914062
2011-01-18,98.55866241455078
2011-01-19,97.5922622680664
2011-01-20,97.46290588378906
2011-01-21,97.68354034423828
2011-01-24,98.23907470703125
2011-01-25,98.29230499267578
2011-01-26,98.67280578613281
2011-01-27,98.91630554199219
2011-01-28,97.1889419555664
2011-01-31,97.91946411132812
2011-02-01,99.48700714111328
2011-02-02,99.29679107666016
2011-02-03,99.5174560546875
2011-02-04,99.79899597167969
2011-02-07,100.4229736328125
2011-02-08,100.8795394897461
2011-02-09,100.65128326416016
2011-02-10,100.68933868408203
2011-02-11,101.29043579101562
2011-02-14,101.53396606445312
2011-02-15,101.21438598632812
2011-02-16,101.85357666015625
2011-02-17,102.15796661376953
2011-02-18,102.37105560302734
2011-02-22,100.31646728515625
2011-02-23,99.70010375976562
2011-02-24,99.63157653808594
2011-02-25,100.69693756103516
2011-02-28,101.32093811035156
2011-03-01,99.63157653808594
2011-03-02,99.84468078613281
2011-03-03,101.56440734863281
2011-03-04,100.803466796875
2011-03-07,100.0120849609375
2011-03-08,100.88716888427734
2011-03-09,100.74260711669922
2011-03-10,98.87825775146484
2011-03-11,99.5631103515625
2011-03-14,98.96196746826172
2011-03-15,97.82814025878906
2011-03-16,96.01705169677734
2011-03-17,97.28785705566406
2011-03-18,97.64171600341797
2011-03-21,99.15496826171875
2011-03-22,98.81099700927734
2011-03-23,99.09378814697266
2011-03-24,100.04146575927734
2011-03-25,100.34719848632812
2011-03-28,100.10261535644531
2011-03-29,100.77517700195312
2011-03-30,101.47063446044922
2011-03-31,101.33309936523438
2011-04-01,101.76107788085938
2011-04-04,101.84515380859375
2011-04-05,101.82987213134766
2011-04-06,102.1508560180664
2011-04-07,101.8910140991211
2011-04-08,101.53943634033203
2011-04-11,101.23371887207031
2011-04-12,100.47710418701172
2011-04-13,100.4695053100586
2011-04-14,100.5459213256836
2011-04-15,100.91275787353516
2011-04-18,99.78162384033203
2011-04-19,100.35479736328125
2011-04-20,101.72285461425781
2011-04-21,102.24256134033203
2011-04-25,102.13555145263672
2011-04-26,103.01448822021484
2011-04-27,103.68699645996094
2011-04-28,104.0232925415039
2011-04-29,104.26785278320312
2011-05-02,104.10731506347656
2011-05-03,103.73287200927734
2011-05-04,103.0450439453125
2011-05-05,102.11263275146484
2011-05-06,102.56352996826172
2011-05-09,102.96094512939453
2011-05-10,103.83985137939453
2011-05-11,102.74695587158203
2011-05-12,103.23606872558594
2011-05-13,102.44123077392578
2011-05-16,101.79165649414062
2011-05-17,101.77632904052734
2011-05-18,102.68580627441406
2011-05-19,102.93036651611328
2011-05-20,102.11263275146484
2011-05-23,100.92803192138672
2011-05-24,100.8439712524414
2011-05-25,101.18020629882812
2011-05-26,101.64642333984375
2011-05-27,102.03620910644531
2011-05-31,103.09851837158203
2011-06-01,100.7828140258789
2011-06-02,100.67583465576172
2011-06-03,99.67462158203125
2011-06-06,98.61995697021484
2011-06-07,98.55882263183594
2011-06-08,98.14613342285156
2011-06-09,98.89509582519531
2011-06-10,97.51940155029297
2011-06-13,97.5958480834961
2011-06-14,98.83396911621094
2011-06-15,97.07615661621094
2011-06-16,97.29017639160156
2011-06-17,97.58052062988281
2011-06-20,98.07969665527344
2011-06-21,99.42378997802734
2011-06-22,98.82470703125
2011-06-23,98.54051971435547
2011-06-24,97.39614868164062
2011-06-27,98.2640609741211
2011-06-28,99.54667663574219
2011-06-29,100.39920806884766
2011-06-30,101.3592758178711
2011-07-01,102.85697937011719
2011-07-05,102.77247619628906
2011-07-06,102.8953628540039
2011-07-07,103.96298217773438
2011-07-08,103.22563171386719
2011-07-11,101.3592758178711
2011-07-12,100.9215087890625
2011-07-13,101.2594223022461
2011-07-14,100.56047821044922
2011-07-15,101.14425659179688
2011-07-18,100.3147201538086
2011-07-19,101.9429931640625
2011-07-20,101.88153076171875
2011-07-21,103.29476165771484
2011-07-22,103.36388397216797
2011-07-25,102.7878646850586
2011-07-26,102.40383911132812
2011-07-27,100.30703735351562
2011-07-28,100.01518249511719
2011-07-29,99.33162689208984
2011-08-01,98.90921020507812
2011-08-02,96.38229370117188
2011-08-03,96.90457916259766
2011-08-04,92.36542510986328
2011-08-05,92.22716522216797
2011-08-08,86.22103118896484
2011-08-09,90.23027038574219
2011-08-10,86.24409484863281
2011-08-11,90.11505889892578
2011-08-12,90.72185516357422
2011-08-15,92.64195251464844
2011-08-16,91.85083770751953
2011-08-17,91.91230010986328
2011-08-18,87.94917297363281
2011-08-19,86.51288604736328
2011-08-22,86.58201599121094
2011-08-23,89.43147277832031
2011-08-24,90.69108581542969
2011-08-25,89.30858612060547
2011-08-26,90.6065902709961
2011-08-29,93.21027374267578
2011-08-30,93.4560775756836
2011-08-31,93.87081909179688
2011-09-01,92.88770294189453
2011-09-02,90.51445770263672
2011-09-06,89.85391998291016
2011-09-07,92.38850402832031
2011-09-08,91.42843627929688
2011-09-09,89.03211212158203
2011-09-12,89.6081314086914
2011-09-13,90.42996215820312
2011-09-14,91.68189239501953
2011-09-15,93.26405334472656
2011-09-16,93.81602478027344
2011-09-19,92.88190460205078
2011-09-20,92.77381896972656
2011-09-21,90.0408706665039
2011-09-22,87.13036346435547
2011-09-23,87.65530395507812
2011-09-26,89.73977661132812
2011-09-27,90.74342346191406
2011-09-28,88.89054107666016
2011-09-29,89.59307861328125
2011-09-30,87.35423278808594
2011-10-03,84.8683090209961
2011-10-04,86.7288818359375
2011-10-05,88.33468627929688
2011-10-06,89.93277740478516
2011-10-07,89.33059692382812
2011-10-10,92.31832885742188
2011-10-11,92.41099548339844
2011-10-12,93.22157287597656
2011-10-13,93.03630828857422
2011-10-14,94.62669372558594
2011-10-17,92.82013702392578
2011-10-18,94.63436126708984
2011-10-19,93.51496887207031
2011-10-20,93.92413330078125
2011-10-21,95.70748901367188
2011-10-24,96.88096618652344
2011-10-25,94.99723052978516
2011-10-26,95.96224975585938
2011-10-27,99.30512237548828
2011-10-28,99.28197479248047
2011-10-31,96.888671875
2011-11-01,94.18661499023438
2011-11-02,95.72293090820312
2011-11-03,97.46773529052734
2011-11-04,96.87322998046875
2011-11-07,97.47541046142578
2011-11-08,98.7260971069336
2011-11-09,95.0821533203125
2011-11-10,95.97766876220703
2011-11-11,97.78424072265625
2011-11-14,96.85781860351562
2011-11-15,97.33648681640625
2011-11-16,95.79244232177734
2011-11-17,94.27154541015625
2011-11-18,94.17121124267578
2011-11-21,92.38011169433594
2011-11-22,92.01722717285156
2011-11-23,89.98681640625
2011-11-25,89.81696319580078
2011-11-28,92.41869354248047
2011-11-29,92.68119049072266
2011-11-30,96.49496459960938
2011-12-01,96.47950744628906
2011-12-02,96.39459228515625
2011-12-05,97.44454956054688
2011-12-06,97.47541046142578
2011-12-07,97.83830261230469
2011-12-08,95.69207000732422
2011-12-09,97.3133316040039
2011-12-12,95.89277648925781
2011-12-13,94.99723052978516
2011-12-14,93.98592376708984
2011-12-15,94.32556915283203
2011-12-16,94.46542358398438
2011-12-19,93.45548248291016
2011-12-20,96.28340911865234
2011-12-21,96.4698486328125
2011-12-22,97.32447814941406
2011-12-23,98.19462585449219
2011-12-27,98.2723159790039
2011-12-28,96.9826431274414
2011-12-29,97.9848861694336
2011-12-30,97.5031509399414
2012-01-03,99.0570068359375
2012-01-04,99.21238708496094
2012-01-05,99.4765625
2012-01-06,99.22016143798828
2012-01-09,99.46101379394531
2012-01-10,100.32337951660156
2012-01-11,100.37776947021484
2012-01-12,100.6186294555664
2012-01-13,100.09809112548828
2012-01-17,100.48651885986328
2012-01-18,101.5975341796875
2012-01-19,102.13361358642578
2012-01-20,102.51429748535156
2012-01-23,102.2501449584961
2012-01-24,102.13361358642578
2012-01-25,102.98819732666016
2012-01-26,102.45991516113281
2012-01-27,102.41329956054688
2012-01-30,102.06370544433594
2012-01-31,102.02485656738281
2012-02-01,102.91826629638672
2012-02-02,103.0814437866211
2012-02-03,104.52651977539062
2012-02-06,104.45659637451172
2012-02-07,104.72075653076172
2012-02-08,105.031494140625
2012-02-09,105.1635971069336
2012-02-10,104.38663482666016
2012-02-13,105.1635971069336
2012-02-14,105.031494140625
2012-02-15,104.54206848144531
2012-02-16,105.69963073730469
2012-02-17,105.97931671142578
2012-02-21,106.02594757080078
2012-02-22,105.68411254882812
2012-02-23,106.15027618408203
2012-02-24,106.38333892822266
2012-02-27,106.56202697753906
2012-02-28,106.87284851074219
2012-02-29,106.45323181152344
2012-03-01,107.0048828125
2012-03-02,106.6785888671875
2012-03-05,106.24351501464844
2012-03-06,104.6896743774414
2012-03-07,105.41997528076172
2012-03-08,106.46881866455078
2012-03-09,106.88056945800781
2012-03-12,106.88833618164062
2012-03-13,108.81509399414062
2012-03-14,108.69856262207031
2012-03-15,109.32785034179688
2012-03-16,109.47924041748047
2012-03-19,109.90843963623047
2012-03-20,109.5885009765625
2012-03-21,109.4090347290039
2012-03-22,108.62088012695312
2012-03-23,108.9720458984375
2012-03-26,110.5014419555664
2012-03-27,110.15814208984375
2012-03-28,109.61195373535156
2012-03-29,109.42460632324219
2012-03-30,109.87720489501953
2012-04-02,110.68092346191406
2012-04-03,110.22833251953125
2012-04-04,109.13589477539062
2012-04-05,109.0812759399414
2012-04-09,107.85619354248047
2012-04-10,106.04582977294922
2012-04-11,106.9041748046875
2012-04-12,108.30093383789062
2012-04-13,107.01339721679688
2012-04-16,106.94319152832031
2012-04-17,108.52721405029297
2012-04-18,108.16051483154297
2012-04-19,107.46599578857422
2012-04-20,107.64546966552734
2012-04-23,106.74030303955078
2012-04-24,107.14610290527344
2012-04-25,108.61311340332031
2012-04-26,109.37000274658203
2012-04-27,109.54952239990234
2012-04-30,109.14373016357422
2012-05-01,109.82257080078125
2012-05-02,109.49488067626953
2012-05-03,108.6598892211914
2012-05-04,106.9041748046875
2012-05-07,106.982177734375
2012-05-08,106.55301666259766
2012-05-09,105.92098236083984
2012-05-10,106.13948059082031
2012-05-11,105.81951141357422
2012-05-14,104.64905548095703
2012-05-15,104.04820251464844
2012-05-16,103.65023803710938
2012-05-17,102.11298370361328
2012-05-18,101.23906707763672
2012-05-21,102.97915649414062
2012-05-22,103.15866088867188
2012-05-23,103.21326446533203
2012-05-24,103.41615295410156
2012-05-25,103.08060455322266
2012-05-29,104.32913970947266
2012-05-30,102.81529235839844
2012-05-31,102.58900451660156
2012-06-01,100.00613403320312
2012-06-04,99.95933532714844
2012-06-05,100.71624755859375
2012-06-06,102.97915649414062
2012-06-07,103.04161071777344
2012-06-08,103.86090850830078
2012-06-11,102.54220581054688
2012-06-12,103.72048950195312
2012-06-13,103.05718231201172
2012-06-14,104.14962005615234
2012-06-15,105.21483612060547
2012-06-18,105.41874694824219
2012-06-19,106.43843078613281
2012-06-20,106.26585388183594
2012-06-21,103.8813705444336
2012-06-22,104.68146514892578
2012-06-25,103.0029296875
2012-06-26,103.52058410644531
2012-06-27,104.45394897460938
2012-06-28,104.15592956542969
2012-06-29,106.75218200683594
2012-07-02,107.0737533569336
2012-07-03,107.77969360351562
2012-07-05,107.29332733154297
2012-07-06,106.27368927001953
2012-07-09,106.1404037475586
2012-07-10,105.21483612060547
2012-07-11,105.23049926757812
2012-07-12,104.7206802368164
2012-07-13,106.47763061523438
2012-07-16,106.2266616821289
2012-07-17,106.95606994628906
2012-07-18,107.7483139038086
2012-07-19,108.03069305419922
2012-07-20,107.04236602783203
2012-07-23,105.95996856689453
2012-07-24,105.05009460449219
2012-07-25,105.07361602783203
2012-07-26,106.80706024169922
2012-07-27,108.77584838867188
2012-07-30,108.77584838867188
2012-07-31,108.0149917602539
2012-08-01,107.92085266113281
2012-08-02,107.17573547363281
2012-08-03,109.30136108398438
2012-08-06,109.51313781738281
2012-08-07,110.06222534179688
2012-08-08,110.19557189941406
2012-08-09,110.28966522216797
2012-08-10,110.47008514404297
2012-08-13,110.41514587402344
2012-08-14,110.43086242675781
2012-08-15,110.55632019042969
2012-08-16,111.37207794189453
2012-08-17,111.52112579345703
2012-08-20,111.52896881103516
2012-08-21,111.19169616699219
2012-08-22,111.23876190185547
2012-08-23,110.32886505126953
2012-08-24,110.99559783935547
2012-08-27,111.01908111572266
2012-08-28,110.9093246459961
2012-08-29,110.99559783935547
2012-08-30,110.19557189941406
2012-08-31,110.72103881835938
2012-09-04,110.61907958984375
2012-09-05,110.52499389648438
2012-09-06,112.76826477050781
2012-09-07,113.20748901367188
2012-09-10,112.56431579589844
2012-09-11,112.87806701660156
2012-09-12,113.2545394897461
2012-09-13,114.98017120361328
2012-09-14,115.49002075195312
2012-09-17,115.09783935546875
2012-09-18,115.00375366210938
2012-09-19,115.06648254394531
2012-09-20,115.07429504394531
2012-09-21,115.02616119384766
2012-09-24,114.85274505615234
2012-09-25,113.6304702758789
2012-09-26,112.99173736572266
2012-09-27,114.05626678466797
2012-09-28,113.52794647216797
2012-10-01,113.82759857177734
2012-10-02,113.94588470458984
2012-10-03,114.4111099243164
2012-10-04,115.23119354248047
2012-10-05,115.23910522460938
2012-10-08,114.84481811523438
2012-10-09,113.70933532714844
2012-10-10,112.9837875366211
2012-10-11,113.04693603515625
2012-10-12,112.67632293701172
2012-10-15,113.6147232055664
2012-10-16,114.76597595214844
2012-10-17,115.28641510009766
2012-10-18,114.98676300048828
2012-10-19,113.0705795288086
2012-10-22,113.08633422851562
2012-10-23,111.51713562011719
2012-10-24,111.20170593261719
2012-10-25,111.52501678466797
2012-10-26,111.4619140625
2012-10-31,111.4619140625
2012-11-01,112.62898254394531
2012-11-02,111.62751007080078
2012-11-05,111.85619354248047
2012-11-06,112.73148345947266
2012-11-07,110.17662048339844
2012-11-08,108.851806640625
2012-11-09,108.94644165039062
2012-11-12,109.0331802368164
2012-11-13,108.65467834472656
2012-11-14,107.1879653930664
2012-11-15,107.0066146850586
2012-11-16,107.53494262695312
2012-11-19,109.71134948730469
2012-11-20,109.7586669921875
2012-11-21,109.96365356445312
2012-11-23,111.4619140625
2012-11-26,111.22539520263672
2012-11-27,110.6576156616211
2012-11-28,111.54867553710938
2012-11-29,112.06912231445312
2012-11-30,112.0927734375
2012-12-03,111.5407943725586
2012-12-04,111.38304138183594
2012-12-05,111.58020782470703
2012-12-06,111.9587173461914
2012-12-07,112.29779815673828
2012-12-10,112.34510040283203
2012-12-11,113.10999298095703
2012-12-12,113.16520690917969
2012-12-13,112.47127532958984
2012-12-14,112.05331420898438
2012-12-17,113.3702392578125
2012-12-18,114.63191986083984
2012-12-19,113.7802734375
2012-12-20,114.43476104736328
2012-12-21,113.39604949951172
2012-12-24,113.04662322998047
2012-12-26,112.57015228271484
2012-12-27,112.41922760009766
2012-12-28,111.20418548583984
2012-12-31,113.0942611694336
2013-01-02,115.99288940429688
2013-01-03,115.73084259033203
2013-01-04,116.23905944824219
2013-01-07,115.92142486572266
2013-01-08,115.58783721923828
2013-01-09,115.88172149658203
2013-01-10,116.80287170410156
2013-01-11,116.79498291015625
2013-01-14,116.71558380126953
2013-01-15,116.79498291015625
2013-01-16,116.77910614013672
2013-01-17,117.53353118896484
2013-01-18,117.79561614990234
2013-01-22,118.43092346191406
2013-01-23,118.62151336669922
2013-01-24,118.65330505371094
2013-01-25,119.32032775878906
2013-01-28,119.1773910522461
2013-01-29,119.64594268798828
2013-01-30,119.1773910522461
2013-01-31,118.88361358642578
2013-02-01,120.1065673828125
2013-02-04,118.75650024414062
2013-02-05,119.95568084716797
2013-02-06,120.04302215576172
2013-02-07,119.8841781616211
2013-02-08,120.55123901367188
2013-02-11,120.5274429321289
2013-02-12,120.72601318359375
2013-02-13,120.8292465209961
2013-02-14,120.9404067993164
2013-02-15,120.79744720458984
2013-02-19,121.70280456542969
2013-02-20,120.18597412109375
2013-02-21,119.45539855957031
2013-02-22,120.62277221679688
2013-02-25,118.32769012451172
2013-02-26,119.1377182006836
2013-02-27,120.6386489868164
2013-02-28,120.400390625
2013-03-01,120.79744720458984
2013-03-04,121.4407730102539
2013-03-05,122.5286865234375
2013-03-06,122.69549560546875
2013-03-07,122.91787719726562
2013-03-08,123.44200134277344
2013-03-11,123.91053009033203
2013-03-12,123.6325454711914
2013-03-13,123.8072509765625
2013-03-14,124.46640014648438
2013-03-15,124.30209350585938
2013-03-18,123.61610412597656
2013-03-19,123.32894134521484
2013-03-20,124.19043731689453
2013-03-21,123.12950897216797
2013-03-22,124.11862182617188
2013-03-25,123.60015106201172
2013-03-26,124.58927917480469
2013-03-27,124.58927917480469
2013-03-28,124.97216796875
2013-04-01,124.47760009765625
2013-04-02,125.0917739868164
2013-04-03,123.82350158691406
2013-04-04,124.3260269165039
2013-04-05,123.76766204833984
2013-04-08,124.605224609375
2013-04-09,125.03595733642578
2013-04-10,126.56747436523438
2013-04-11,126.98231506347656
2013-04-12,126.67122650146484
2013-04-15,123.73575592041016
2013-04-16,125.5624771118164
2013-04-17,123.72776794433594
2013-04-18,122.95398712158203
2013-04-19,124.02291870117188
2013-04-22,124.57333374023438
2013-04-23,125.85760498046875
2013-04-24,125.93736267089844
2013-04-25,126.44784545898438
2013-04-26,126.2244873046875
2013-04-29,127.070068359375
2013-04-30,127.3731918334961
2013-05-01,126.25638580322266
2013-05-02,127.4289779663086
2013-05-03,128.72122192382812
2013-05-06,129.04827880859375
2013-05-07,129.70237731933594
2013-05-08,130.29270935058594
2013-05-09,129.9257354736328
2013-05-10,130.3485565185547
2013-05-13,130.45217895507812
2013-05-14,131.80027770996094
2013-05-15,132.51016235351562
2013-05-16,131.88796997070312
2013-05-17,133.164306640625
2013-05-20,133.1562957763672
2013-05-21,133.3477783203125
2013-05-22,132.35862731933594
2013-05-23,131.9757537841797
2013-05-24,131.8641357421875
2013-05-28,132.65380859375
2013-05-29,131.7923126220703
2013-05-30,132.27890014648438
2013-05-31,130.38043212890625
2013-06-03,131.09832763671875
2013-06-04,130.46807861328125
2013-06-05,128.64141845703125
2013-06-06,129.80609130859375
2013-06-07,131.45729064941406
2013-06-10,131.45729064941406
2013-06-11,130.1011962890625
2013-06-12,129.02432250976562
2013-06-13,130.9866180419922
2013-06-14,130.16502380371094
2013-06-17,131.1701202392578
2013-06-18,132.20706176757812
2013-06-19,130.38043212890625
2013-06-20,127.1498031616211
2013-06-21,127.55794525146484
2013-06-24,125.9461669921875
2013-06-25,127.15702056884766
2013-06-26,128.416015625
2013-06-27,129.1697998046875
2013-06-28,128.64051818847656
2013-07-01,129.3943328857422
2013-07-02,129.27403259277344
2013-07-03,129.3301544189453
2013-07-05,130.72555541992188
2013-07-08,131.47129821777344
2013-07-09,132.41749572753906
2013-07-10,132.465576171875
2013-07-11,134.26988220214844
2013-07-12,134.3260040283203
2013-07-15,134.83921813964844
2013-07-16,134.3340606689453
2013-07-17,134.6788330078125
2013-07-18,135.4165496826172
2013-07-19,135.6571502685547
2013-07-22,135.92176818847656
2013-07-23,135.633056640625
2013-07-24,135.1359100341797
2013-07-25,135.46466064453125
2013-07-26,135.60903930664062
2013-07-29,135.1920166015625
2013-07-30,135.1920166015625
2013-07-31,135.2882080078125
2013-08-01,136.8520050048828
2013-08-02,137.08453369140625
2013-08-05,136.88406372070312
2013-08-06,136.10621643066406
2013-08-07,135.6650848388672
2013-08-08,136.162353515625
2013-08-09,135.7694549560547
2013-08-12,135.60903930664062
2013-08-13,136.00997924804688
2013-08-14,135.31234741210938
2013-08-15,133.41989135742188
2013-08-16,132.97885131835938
2013-08-19,132.12881469726562
2013-08-20,132.77835083007812
2013-08-21,131.9603729248047
2013-08-22,133.16322326660156
2013-08-23,133.61227416992188
2013-08-26,133.11517333984375
2013-08-27,130.97409057617188
2013-08-28,131.43914794921875
2013-08-29,131.6475830078125
2013-08-30,131.2306671142578
2013-09-03,131.82415771484375
2013-09-04,132.91464233398438
2013-09-05,133.0830535888672
2013-09-06,133.14720153808594
2013-09-09,134.42222595214844
2013-09-10,135.4165496826172
2013-09-11,135.84156799316406
2013-09-12,135.48077392578125
2013-09-13,135.78549194335938
2013-09-16,136.57131958007812
2013-09-17,137.18075561523438
2013-09-18,138.76849365234375
2013-09-19,138.5359344482422
2013-09-20,137.56739807128906
2013-09-23,136.93077087402344
2013-09-24,136.60845947265625
2013-09-25,136.2136688232422
2013-09-26,136.73733520507812
2013-09-27,136.10890197753906
2013-09-30,135.38368225097656
2013-10-01,136.45538330078125
2013-10-02,136.326416015625
2013-10-03,135.06936645507812
2013-10-04,136.09275817871094
2013-10-07,134.91627502441406
2013-10-08,133.3449249267578
2013-10-09,133.441650390625
2013-10-10,136.31837463378906
2013-10-11,137.19667053222656
2013-10-14,137.7446746826172
2013-10-15,136.74551391601562
2013-10-16,138.65524291992188
2013-10-17,139.58189392089844
2013-10-18,140.52467346191406
2013-10-21,140.53277587890625
2013-10-22,141.34664916992188
2013-10-23,140.66976928710938
2013-10-24,141.13710021972656
2013-10-25,141.78176879882812
2013-10-28,142.00733947753906
2013-10-29,142.764892578125
2013-10-30,142.0557098388672
2013-10-31,141.65280151367188
2013-11-01,141.99127197265625
2013-11-04,142.49085998535156
2013-11-05,142.0396270751953
2013-11-06,142.764892578125
2013-11-07,140.95986938476562
2013-11-08,142.8615264892578
2013-11-11,142.88571166992188
2013-11-12,142.5956268310547
2013-11-13,143.7399139404297
2013-11-14,144.45701599121094
2013-11-15,145.08560180664062
2013-11-18,144.5779266357422
2013-11-19,144.263671875
2013-11-20,143.8123779296875
2013-11-21,144.97271728515625
2013-11-22,145.697998046875
2013-11-25,145.55288696289062
2013-11-26,145.59324645996094
2013-11-27,145.94778442382812
2013-11-29,145.85104370117188
2013-12-02,145.47230529785156
2013-12-03,144.8437957763672
2013-12-04,144.82769775390625
2013-12-05,144.1911163330078
2013-12-06,145.80276489257812
2013-12-09,146.1734161376953
2013-12-10,145.64964294433594
2013-12-11,144.01390075683594
2013-12-12,143.5384521484375
2013-12-13,143.5222930908203
2013-12-16,144.41676330566406
2013-12-17,143.9574432373047
2013-12-18,146.41510009765625
2013-12-19,146.2459716796875
2013-12-20,147.09661865234375
2013-12-23,147.88253784179688
2013-12-24,148.20657348632812
2013-12-26,148.96009826660156
2013-12-27,148.95196533203125
2013-12-30,148.92762756347656
2013-12-31,149.63247680664062
2014-01-02,148.19845581054688
2014-01-03,148.1741485595703
2014-01-06,147.74478149414062
2014-01-07,148.6521453857422
2014-01-08,148.68460083007812
2014-01-09,148.78172302246094
2014-01-10,149.18690490722656
2014-01-13,147.20201110839844
2014-01-14,148.80606079101562
2014-01-15,149.60816955566406
2014-01-16,149.41375732421875
2014-01-17,148.78172302246094
2014-01-21,149.2192840576172
2014-01-22,149.31649780273438
2014-01-23,148.09312438964844
2014-01-24,144.9334259033203
2014-01-27,144.22047424316406
2014-01-28,145.07933044433594
2014-01-29,143.68577575683594
2014-01-30,145.2089385986328
2014-01-31,144.35824584960938
2014-02-03,141.10934448242188
2014-02-04,142.0978240966797
2014-02-05,141.91958618164062
2014-02-06,143.79112243652344
2014-02-07,145.57351684570312
2014-02-10,145.84085083007812
2014-02-11,147.43692016601562
2014-02-12,147.5098114013672
2014-02-13,148.27137756347656
2014-02-14,149.0896759033203
2014-02-18,149.2679443359375
2014-02-19,148.2794647216797
2014-02-20,149.15447998046875
2014-02-21,148.98434448242188
2014-02-24,149.81069946289062
2014-02-25,149.75401306152344
2014-02-26,149.7621612548828
2014-02-27,150.54800415039062
2014-02-28,150.92877197265625
2014-03-03,149.867431640625
2014-03-04,151.97390747070312
2014-03-05,152.11167907714844
2014-03-06,152.45999145507812
2014-03-07,152.52487182617188
2014-03-10,152.44381713867188
2014-03-11,151.6903839111328
2014-03-12,151.7308349609375
2014-03-13,150.02951049804688
2014-03-14,149.60816955566406
2014-03-17,150.96121215820312
2014-03-18,152.03875732421875
2014-03-19,151.22853088378906
2014-03-20,152.11167907714844
2014-03-21,151.52171325683594
2014-03-24,150.8950653076172
2014-03-25,151.6112060546875
2014-03-26,150.5207977294922
2014-03-27,150.20335388183594
2014-03-28,150.94386291503906
2014-03-31,152.18080139160156
2014-04-01,153.18983459472656
2014-04-02,153.70252990722656
2014-04-03,153.49911499023438
2014-04-04,151.6844482421875
2014-04-07,150.00807189941406
2014-04-08,150.62657165527344
2014-04-09,152.24595642089844
2014-04-10,149.04786682128906
2014-04-11,147.7051239013672
2014-04-14,148.86883544921875
2014-04-15,149.8941192626953
2014-04-16,151.46475219726562
2014-04-17,151.67625427246094
2014-04-21,152.20523071289062
2014-04-22,152.8968963623047
2014-04-23,152.5388641357422
2014-04-24,152.84814453125
2014-04-25,151.5949249267578
2014-04-28,152.07501220703125
2014-04-29,152.7830047607422
2014-04-30,153.2386932373047
2014-05-01,153.25498962402344
2014-05-02,153.03526306152344
2014-05-05,153.3281707763672
2014-05-06,151.99363708496094
2014-05-07,152.88882446289062
2014-05-08,152.72598266601562
2014-05-09,152.95391845703125
2014-05-12,154.4430389404297
2014-05-13,154.5814208984375
2014-05-14,153.84898376464844
2014-05-15,152.4981689453125
2014-05-16,153.02713012695312
2014-05-19,153.58863830566406
2014-05-20,152.62025451660156
2014-05-21,153.90599060058594
2014-05-22,154.2802734375
2014-05-23,154.89878845214844
2014-05-27,155.8508758544922
2014-05-28,155.7370147705078
2014-05-29,156.54254150390625
2014-05-30,156.7947998046875
2014-06-02,156.97381591796875
2014-06-03,156.89248657226562
2014-06-04,157.2098846435547
2014-06-05,158.23516845703125
2014-06-06,158.99197387695312
2014-06-09,159.15463256835938
2014-06-10,159.17100524902344
2014-06-11,158.6175994873047
2014-06-12,157.4946746826172
2014-06-13,157.9747772216797
2014-06-16,158.10494995117188
2014-06-17,158.5443878173828
2014-06-18,159.7080841064453
2014-06-19,159.8870849609375
2014-06-20,160.21168518066406
2014-06-23,160.16262817382812
2014-06-24,159.19784545898438
2014-06-25,159.91729736328125
2014-06-26,159.80291748046875
2014-06-27,160.11361694335938
2014-06-30,160.0318145751953
2014-07-01,161.10293579101562
2014-07-02,161.26644897460938
2014-07-03,162.05967712402344
2014-07-07,161.49546813964844
2014-07-08,160.45700073242188
2014-07-09,161.17657470703125
2014-07-10,160.53872680664062
2014-07-11,160.7595672607422
2014-07-14,161.5690155029297
2014-07-15,161.26644897460938
2014-07-16,161.8633270263672
2014-07-17,160.02366638183594
2014-07-18,161.6590118408203
2014-07-21,161.35646057128906
2014-07-22,162.05967712402344
2014-07-23,162.41937255859375
2014-07-24,162.42759704589844
2014-07-25,161.66712951660156
2014-07-28,161.7325439453125
2014-07-29,161.0375213623047
2014-07-30,161.0621337890625
2014-07-31,157.88137817382812
2014-08-01,157.39892578125
2014-08-04,158.5355682373047
2014-08-05,156.998291015625
2014-08-06,157.04737854003906
2014-08-07,156.1970672607422
2014-08-08,158.0039825439453
2014-08-11,158.46189880371094
2014-08-12,158.2411346435547
2014-08-13,159.3123016357422
2014-08-14,160.06454467773438
2014-08-15,160.0318145751953
2014-08-18,161.3727569580078
2014-08-19,162.21498107910156
2014-08-20,162.64834594726562
2014-08-21,163.12252807617188
2014-08-22,162.86915588378906
2014-08-25,163.69497680664062
2014-08-26,163.8011932373047
2014-08-27,163.73583984375
2014-08-28,163.64581298828125
2014-08-29,164.11192321777344
2014-09-02,164.03013610839844
2014-09-03,163.94021606445312
2014-09-04,163.703125
2014-09-05,164.43898010253906
2014-09-08,164.01376342773438
2014-09-09,162.97544860839844
2014-09-10,163.588623046875
2014-09-11,163.77670288085938
2014-09-12,162.82000732421875
2014-09-15,162.69740295410156
2014-09-16,163.9238739013672
2014-09-17,164.14463806152344
2014-09-18,165.01950073242188
2014-09-19,164.870849609375
2014-09-22,163.59754943847656
2014-09-23,162.6610870361328
2014-09-24,163.9343719482422
2014-09-25,161.28921508789062
2014-09-26,162.57073974609375
2014-09-29,162.27500915527344
2014-09-30,161.84779357910156
2014-10-01,159.6544647216797
2014-10-02,159.6790771484375
2014-10-03,161.43702697753906
2014-10-06,161.24807739257812
2014-10-07,158.7590789794922
2014-10-08,161.53562927246094
2014-10-09,158.3318634033203
2014-10-10,156.52455139160156
2014-10-13,153.95343017578125
2014-10-14,154.1916046142578
2014-10-15,153.14837646484375
2014-10-16,153.01690673828125
2014-10-17,154.82412719726562
2014-10-20,156.32745361328125
2014-10-21,159.4243927001953
2014-10-22,158.2908172607422
2014-10-23,160.13092041015625
2014-10-24,161.36314392089844
2014-10-27,161.14132690429688
2014-10-28,162.98965454101562
2014-10-29,162.7432403564453
2014-10-30,163.7864990234375
2014-10-31,165.65945434570312
2014-11-03,165.7498016357422
2014-11-04,165.17478942871094
2014-11-05,166.21804809570312
2014-11-06,166.8834991455078
2014-11-07,167.03955078125
2014-11-10,167.5653076171875
2014-11-11,167.7295379638672
2014-11-12,167.54888916015625
2014-11-13,167.73782348632812
2014-11-14,167.77890014648438
2014-11-17,167.88565063476562
2014-11-18,168.8550262451172
2014-11-19,168.58395385742188
2014-11-20,168.87962341308594
2014-11-21,169.78329467773438
2014-11-24,170.25973510742188
2014-11-25,170.13656616210938
2014-11-26,170.57188415527344
2014-11-28,170.21047973632812
2014-12-01,169.02755737304688
2014-12-02,170.12008666992188
2014-12-03,170.77732849121094
2014-12-04,170.58831787109375
2014-12-05,170.8676300048828
2014-12-08,169.72576904296875
2014-12-09,169.6107635498047
2014-12-10,166.89169311523438
2014-12-11,167.73782348632812
2014-12-12,165.02691650390625
2014-12-15,163.89324951171875
2014-12-16,162.57899475097656
2014-12-17,165.7662811279297
2014-12-18,169.8654327392578
2014-12-19,170.58822631835938
2014-12-22,171.37289428710938
2014-12-23,171.6042022705078
2014-12-24,171.62071228027344
2014-12-26,172.17417907714844
2014-12-29,172.4054412841797
2014-12-30,171.480224609375
2014-12-31,169.7787322998047
2015-01-02,169.6878662109375
2015-01-05,166.62335205078125
2015-01-06,165.05392456054688
2015-01-07,167.11070251464844
2015-01-08,170.07611083984375
2015-01-09,168.71319580078125
2015-01-12,167.3914794921875
2015-01-13,166.92068481445312
2015-01-14,165.9130096435547
2015-01-15,164.39309692382812
2015-01-16,166.54898071289062
2015-01-20,166.9042205810547
2015-01-21,167.74673461914062
2015-01-22,170.2412872314453
2015-01-23,169.30789184570312
2015-01-26,169.7043914794922
2015-01-27,167.4658966064453
2015-01-28,165.31822204589844
2015-01-29,166.8463897705078
2015-01-30,164.74832153320312
2015-02-02,166.78857421875
2015-02-03,169.20045471191406
2015-02-04,168.55618286132812
2015-02-05,170.25775146484375
2015-02-06,169.78695678710938
2015-02-09,169.02708435058594
2015-02-10,170.8277130126953
2015-02-11,170.9268341064453
2015-02-12,172.57061767578125
2015-02-13,173.28097534179688
2015-02-17,173.55355834960938
2015-02-18,173.5701141357422
2015-02-19,173.44619750976562
2015-02-20,174.48699951171875
2015-02-23,174.4622039794922
2015-02-24,174.95779418945312
2015-02-25,174.8091583251953
2015-02-26,174.60263061523438
2015-02-27,174.0078582763672
2015-03-02,175.1065216064453
2015-03-03,174.3878631591797
2015-03-04,173.6526641845703
2015-03-05,173.84271240234375
2015-03-06,171.39772033691406
2015-03-09,172.1080780029297
2015-03-10,169.31617736816406
2015-03-11,168.91969299316406
2015-03-12,171.0673065185547
2015-03-13,170.01820373535156
2015-03-16,172.28981018066406
2015-03-17,171.77767944335938
2015-03-18,173.84271240234375
2015-03-19,173.04971313476562
2015-03-20,174.5771942138672
2015-03-23,174.2370147705078
2015-03-24,173.25804138183594
2015-03-25,170.71913146972656
2015-03-26,170.31251525878906
2015-03-27,170.70252990722656
2015-03-30,172.7850341796875
2015-03-31,171.27499389648438
2015-04-01,170.6693115234375
2015-04-02,171.28329467773438
2015-04-06,172.4365692138672
2015-04-07,171.98025512695312
2015-04-08,172.5609893798828
2015-04-09,173.32435607910156
2015-04-10,174.27023315429688
2015-04-13,173.48199462890625
2015-04-14,173.81381225585938
2015-04-15,174.5937957763672
2015-04-16,174.54403686523438
2015-04-17,172.5361785888672
2015-04-20,174.11257934570312
2015-04-21,173.90513610839844
2015-04-22,174.75973510742188
2015-04-23,175.199462890625
2015-04-24,175.60598754882812
2015-04-27,174.87586975097656
2015-04-28,175.43173217773438
2015-04-29,174.7099609375
2015-04-30,172.9592742919922
2015-05-01,174.83441162109375
2015-05-04,175.332275390625
2015-05-05,173.32435607910156
2015-05-06,172.6107940673828
2015-05-07,173.29949951171875
2015-05-08,175.58114624023438
2015-05-11,174.7431640625
2015-05-12,174.22042846679688
2015-05-13,174.25360107421875
2015-05-14,176.0706787109375
2015-05-15,176.26150512695312
2015-05-18,176.80908203125
2015-05-19,176.75099182128906
2015-05-20,176.6265869140625
2015-05-21,177.14100646972656
2015-05-22,176.71783447265625
2015-05-26,174.81784057617188
2015-05-27,176.47720336914062
2015-05-28,176.278076171875
2015-05-29,175.182861328125
2015-06-01,175.53965759277344
2015-06-02,175.36546325683594
2015-06-03,175.83004760742188
2015-06-04,174.3449249267578
2015-06-05,174.0462188720703
2015-06-08,172.9759063720703
2015-06-09,172.95103454589844
2015-06-10,175.0252227783203
2015-06-11,175.58946228027344
2015-06-12,174.24533081054688
2015-06-15,173.4985809326172
2015-06-16,174.44447326660156
2015-06-17,174.72654724121094
2015-06-18,176.5436248779297
2015-06-19,175.75985717773438
2015-06-22,176.6602783203125
2015-06-23,176.7853546142578
2015-06-24,175.5014190673828
2015-06-25,174.96780395507812
2015-06-26,174.93447875976562
2015-06-29,171.26602172851562
2015-06-30,171.62452697753906
2015-07-01,173.00021362304688
2015-07-02,172.84181213378906
2015-07-06,172.34994506835938
2015-07-07,173.43377685546875
2015-07-08,170.5240020751953
2015-07-09,170.83245849609375
2015-07-10,172.98355102539062
2015-07-13,174.89283752441406
2015-07-14,175.65151977539062
2015-07-15,175.59317016601562
2015-07-16,177.00222778320312
2015-07-17,177.15220642089844
2015-07-20,177.24391174316406
2015-07-21,176.5436248779297
2015-07-22,176.2267608642578
2015-07-23,175.23468017578125
2015-07-24,173.41705322265625
2015-07-27,172.4082489013672
2015-07-28,174.52598571777344
2015-07-29,175.7265167236328
2015-07-30,175.76821899414062
2015-07-31,175.5014190673828
2015-08-03,174.90945434570312
2015-08-04,174.56759643554688
2015-08-05,175.14292907714844
2015-08-06,173.70892333984375
2015-08-07,173.3754425048828
2015-08-10,175.55979919433594
2015-08-11,173.9756622314453
2015-08-12,174.1841278076172
2015-08-13,173.96737670898438
2015-08-14,174.60098266601562
2015-08-17,175.57647705078125
2015-08-18,175.06787109375
2015-08-19,173.683837890625
2015-08-20,170.05711364746094
2015-08-21,164.9379425048828
2015-08-24,157.99295043945312
2015-08-25,156.1337432861328
2015-08-26,162.1282958984375
2015-08-27,166.1385498046875
2015-08-28,166.14691162109375
2015-08-31,164.80459594726562
2015-09-01,159.88555908203125
2015-09-02,162.92034912109375
2015-09-03,163.03707885742188
2015-09-04,160.56918334960938
2015-09-08,164.60447692871094
2015-09-09,162.40342712402344
2015-09-10,163.2871551513672
2015-09-11,164.02919006347656
2015-09-14,163.42059326171875
2015-09-15,165.4632568359375
2015-09-16,166.89723205566406
2015-09-17,166.52210998535156
2015-09-18,163.8008575439453
2015-09-21,164.64730834960938
2015-09-22,162.51025390625
2015-09-23,162.25047302246094
2015-09-24,161.66380310058594
2015-09-25,161.6219024658203
2015-09-28,157.565673828125
2015-09-29,157.65774536132812
2015-09-30,160.59947204589844
2015-10-01,161.0185089111328
2015-10-02,163.42369079589844
2015-10-05,166.33184814453125
2015-10-06,165.76194763183594
2015-10-07,167.11961364746094
2015-10-08,168.62820434570312
2015-10-09,168.72877502441406
2015-10-12,168.8880157470703
2015-10-13,167.82362365722656
2015-10-14,167.01901245117188
2015-10-15,169.58355712890625
2015-10-16,170.35458374023438
2015-10-19,170.4383544921875
2015-10-20,170.22048950195312
2015-10-21,169.16456604003906
2015-10-22,172.02230834960938
2015-10-23,173.9080047607422
2015-10-26,173.48057556152344
2015-10-27,173.14541625976562
2015-10-28,175.1147918701172
2015-10-29,175.01422119140625
2015-10-30,174.25997924804688
2015-11-02,176.3216552734375
2015-11-03,176.8328399658203
2015-11-04,176.29649353027344
2015-11-05,176.12045288085938
2015-11-06,176.02833557128906
2015-11-09,174.3856658935547
2015-11-10,174.7879180908203
2015-11-11,174.10079956054688
2015-11-12,171.67037963867188
2015-11-13,169.74281311035156
2015-11-16,172.323974609375
2015-11-17,172.19833374023438
2015-11-18,174.930419921875
2015-11-19,174.77957153320312
2015-11-20,175.41650390625
2015-11-23,175.2154083251953
2015-11-24,175.4500732421875
2015-11-25,175.42491149902344
2015-11-27,175.62599182128906
2015-11-30,174.89694213867188
2015-12-01,176.56471252441406
2015-12-02,174.7628173828125
2015-12-03,172.31570434570312
2015-12-04,175.67628479003906
2015-12-07,174.6119384765625
2015-12-08,173.4386444091797
2015-12-09,172.08941650390625
2015-12-10,172.53355407714844
2015-12-11,169.1896514892578
2015-12-14,170.0445098876953
2015-12-15,171.82955932617188
2015-12-16,174.3437957763672
2015-12-17,171.68707275390625
2015-12-18,168.62850952148438
2015-12-21,170.01953125
2015-12-22,171.5623321533203
2015-12-23,173.6868896484375
2015-12-24,173.4001922607422
2015-12-28,173.00396728515625
2015-12-29,174.8502197265625
2015-12-30,173.61097717285156
2015-12-31,171.874267578125
2016-01-04,169.4715118408203
2016-01-05,169.75823974609375
2016-01-06,167.6168670654297
2016-01-07,163.59542846679688
2016-01-08,161.7997283935547
2016-01-11,161.9599151611328
2016-01-12,163.26670837402344
2016-01-13,159.19461059570312
2016-01-14,161.80813598632812
2016-01-15,158.334716796875
2016-01-19,158.54550170898438
2016-01-20,156.5137176513672
2016-01-21,157.3905487060547
2016-01-22,160.61941528320312
2016-01-25,158.1914520263672
2016-01-26,160.34962463378906
2016-01-27,158.60450744628906
2016-01-28,159.4307403564453
2016-01-29,163.3171844482422
2016-02-01,163.2582244873047
2016-02-02,160.31594848632812
2016-02-03,161.2769775390625
2016-02-04,161.52993774414062
2016-02-05,158.4527587890625
2016-02-08,156.3198699951172
2016-02-09,156.32821655273438
2016-02-10,156.19337463378906
2016-02-11,154.16159057617188
2016-02-12,157.33999633789062
2016-02-16,159.99557495117188
2016-02-17,162.60906982421875
2016-02-18,161.9430694580078
2016-02-19,161.86715698242188
2016-02-22,164.21087646484375
2016-02-23,162.13693237304688
2016-02-24,162.8788299560547
2016-02-25,164.85159301757812
2016-02-26,164.4722137451172
2016-02-29,163.18231201171875
2016-03-01,167.0182342529297
2016-03-02,167.7685546875
2016-03-03,168.42617797851562
2016-03-04,168.97410583496094
2016-03-07,169.1090545654297
2016-03-08,167.26272583007812
2016-03-09,168.08892822265625
2016-03-10,168.22381591796875
2016-03-11,170.93849182128906
2016-03-14,170.7193603515625
2016-03-15,170.4410400390625
2016-03-16,171.4274444580078
2016-03-17,172.5150604248047
2016-03-18,173.19293212890625
2016-03-21,173.43865966796875
2016-03-22,173.3454132080078
2016-03-23,172.2014617919922
2016-03-24,172.1251678466797
2016-03-28,172.2268524169922
2016-03-29,173.81996154785156
2016-03-30,174.58265686035156
2016-03-31,174.15896606445312
2016-04-01,175.34535217285156
2016-04-04,174.77760314941406
2016-04-05,173.03189086914062
2016-04-06,174.92160034179688
2016-04-07,172.8285369873047
2016-04-08,173.29458618164062
2016-04-11,172.88783264160156
2016-04-12,174.49790954589844
2016-04-13,176.26055908203125
2016-04-14,176.26895141601562
2016-04-15,176.07408142089844
2016-04-18,177.31134033203125
2016-04-19,177.87062072753906
2016-04-20,178.0400848388672
2016-04-21,177.08255004882812
2016-04-22,177.08255004882812
2016-04-25,176.77743530273438
2016-04-26,177.0401153564453
2016-04-27,177.40451049804688
2016-04-28,175.79444885253906
2016-04-29,174.84536743164062
2016-05-02,176.23507690429688
2016-05-03,174.70135498046875
2016-05-04,173.72674560546875
2016-05-05,173.69288635253906
2016-05-06,174.3284149169922
2016-05-09,174.47247314453125
2016-05-10,176.64181518554688
2016-05-11,174.98944091796875
2016-05-12,175.04026794433594
2016-05-13,173.51492309570312
2016-05-16,175.22674560546875
2016-05-17,173.5911865234375
2016-05-18,173.64205932617188
2016-05-19,173.04039001464844
2016-05-20,174.13356018066406
2016-05-23,173.89630126953125
2016-05-24,176.1503448486328
2016-05-25,177.34523010253906
2016-05-26,177.39601135253906
2016-05-27,178.15870666503906
2016-05-31,177.8197784423828
2016-06-01,178.1841583251953
2016-06-02,178.72650146484375
2016-06-03,178.19259643554688
2016-06-06,179.09934997558594
2016-06-07,179.3789520263672
2016-06-08,179.9636993408203
2016-06-09,179.71792602539062
2016-06-10,178.0146484375
2016-06-13,176.64181518554688
2016-06-14,176.29441833496094
2016-06-15,176.04869079589844
2016-06-16,176.57400512695312
2016-06-17,175.91644287109375
2016-06-20,177.04937744140625
2016-06-21,177.55197143554688
2016-06-22,177.26231384277344
2016-06-23,179.57077026367188
2016-06-24,173.12246704101562
2016-06-27,170.02191162109375
2016-06-28,173.08840942382812
2016-06-29,176.0357208251953
2016-06-30,178.43785095214844
2016-07-01,178.81263732910156
2016-07-05,177.52635192871094
2016-07-06,178.59117126464844
2016-07-07,178.48043823242188
2016-07-08,181.1380615234375
2016-07-11,181.7769317626953
2016-07-12,183.09730529785156
2016-07-13,183.0716552734375
2016-07-14,184.0938720703125
2016-07-15,183.8468780517578
2016-07-18,184.3408660888672
2016-07-19,184.1535186767578
2016-07-20,184.92015075683594
2016-07-21,184.2216796875
2016-07-22,185.0479278564453
2016-07-25,184.5452880859375
2016-07-26,184.63052368164062
2016-07-27,184.43458557128906
2016-07-28,184.6475372314453
2016-07-29,184.9457244873047
2016-08-01,184.79237365722656
2016-08-02,183.60836791992188
2016-08-03,184.14498901367188
2016-08-04,184.3408660888672
2016-08-05,185.84861755371094
2016-08-08,185.73788452148438
2016-08-09,185.84861755371094
2016-08-10,185.38864135742188
2016-08-11,186.2489013671875
2016-08-12,186.08714294433594
2016-08-15,186.6237335205078
2016-08-16,185.66116333007812
2016-08-17,186.01046752929688
2016-08-18,186.42784118652344
2016-08-19,186.1552734375
2016-08-22,186.14674377441406
2016-08-23,186.5215606689453
2016-08-24,185.5675048828125
2016-08-25,185.439697265625
2016-08-26,185.0904541015625
2016-08-29,186.00192260742188
2016-08-30,185.6952362060547
2016-08-31,185.16717529296875
2016-09-01,185.17567443847656
2016-09-02,186.01046752929688
2016-09-06,186.5726318359375
2016-09-07,186.55560302734375
2016-09-08,186.12965393066406
2016-09-09,181.67471313476562
2016-09-12,184.28126525878906
2016-09-13,181.63209533691406
2016-09-14,181.56398010253906
2016-09-15,183.3783416748047
2016-09-16,182.6694793701172
2016-09-19,182.70372009277344
2016-09-20,182.71226501464844
2016-09-21,184.76699829101562
2016-09-22,185.9313201904297
2016-09-23,184.9124755859375
2016-09-26,183.41433715820312
2016-09-27,184.552978515625
2016-09-28,185.468994140625
2016-09-29,183.79100036621094
2016-09-30,185.17796325683594
2016-10-03,184.7327117919922
2016-10-04,183.79100036621094
2016-10-05,184.6042938232422
2016-10-06,184.7327117919922
2016-10-07,184.0992431640625
2016-10-10,185.05804443359375
2016-10-11,182.72085571289062
2016-10-12,182.9605712890625
2016-10-13,182.36123657226562
2016-10-14,182.4554443359375
2016-10-17,181.82191467285156
2016-10-18,182.9605712890625
2016-10-19,183.44854736328125
2016-10-20,183.10614013671875
2016-10-21,183.19166564941406
2016-10-24,183.9707794189453
2016-10-25,183.35433959960938
2016-10-26,182.9862518310547
2016-10-27,182.49822998046875
2016-10-28,181.95889282226562
2016-10-31,181.9674530029297
2016-11-01,180.6490020751953
2016-11-02,179.561767578125
2016-11-03,178.73989868164062
2016-11-04,178.54302978515625
2016-11-07,182.48114013671875
2016-11-08,183.30299377441406
2016-11-09,185.2463836669922
2016-11-10,185.70870971679688
2016-11-11,185.28065490722656
2016-11-14,185.42611694335938
2016-11-15,186.8730010986328
2016-11-16,186.52197265625
2016-11-17,187.48089599609375
2016-11-18,187.0613250732422
2016-11-21,188.47396850585938
2016-11-22,188.84205627441406
2016-11-23,188.94479370117188
2016-11-25,189.64686584472656
2016-11-28,188.75645446777344
2016-11-29,189.1245880126953
2016-11-30,188.67083740234375
2016-12-01,187.97743225097656
2016-12-02,188.07154846191406
2016-12-05,189.20164489746094
2016-12-06,189.80093383789062
2016-12-07,192.28369140625
2016-12-08,192.75454711914062
2016-12-09,193.91883850097656
2016-12-12,193.6962432861328
2016-12-13,194.98898315429688
2016-12-14,193.3795166015625
2016-12-15,194.17568969726562
2016-12-16,193.7959442138672
2016-12-19,194.21786499023438
2016-12-20,194.96705627441406
2016-12-21,194.424560546875
2016-12-22,194.0886993408203
2016-12-23,194.37294006347656
2016-12-27,194.85516357421875
2016-12-28,193.24476623535156
2016-12-29,193.20169067382812
2016-12-30,192.49554443359375
2017-01-03,193.9681396484375
2017-01-04,195.12210083007812
2017-01-05,194.96705627441406
2017-01-06,195.66464233398438
2017-01-09,195.01878356933594
2017-01-10,195.01878356933594
2017-01-11,195.56993103027344
2017-01-12,195.07908630371094
2017-01-13,195.52684020996094
2017-01-17,194.837890625
2017-01-18,195.2684783935547
2017-01-19,194.54515075683594
2017-01-20,195.25987243652344
2017-01-23,194.75180053710938
2017-01-24,196.00048828125
2017-01-25,197.69699096679688
2017-01-26,197.49029541015625
2017-01-27,197.18028259277344
2017-01-30,195.95741271972656
2017-01-31,195.940185546875
2017-02-01,196.0177001953125
2017-02-02,196.14688110351562
2017-02-03,197.4989013671875
2017-02-06,197.1458282470703
2017-02-07,197.15444946289062
2017-02-08,197.41281127929688
2017-02-09,198.583984375
2017-02-10,199.36764526367188
2017-02-13,200.4527130126953
2017-02-14,201.2535858154297
2017-02-15,202.30416870117188
2017-02-16,202.13197326660156
2017-02-17,202.4505615234375
2017-02-21,203.65625
2017-02-22,203.475341796875
2017-02-23,203.61314392089844
2017-02-24,203.8715057373047
2017-02-27,204.19017028808594
2017-02-28,203.63902282714844
2017-03-01,206.48944091796875
2017-03-02,205.18905639648438
2017-03-03,205.31825256347656
2017-03-06,204.70687866210938
2017-03-07,204.0954132080078
2017-03-08,203.71649169921875
2017-03-09,203.97483825683594
2017-03-10,204.6896209716797
2017-03-13,204.79295349121094
2017-03-14,204.00929260253906
2017-03-15,205.7747039794922
2017-03-16,205.36990356445312
2017-03-17,205.00926208496094
2017-03-20,204.78439331054688
2017-03-21,202.1550750732422
2017-03-22,202.63076782226562
2017-03-23,202.41455078125
2017-03-24,202.26754760742188
2017-03-27,202.05992126464844
2017-03-28,203.53033447265625
2017-03-29,203.72052001953125
2017-03-30,204.3692169189453
2017-03-31,203.89356994628906
2017-04-03,203.5389404296875
2017-04-04,203.66867065429688
2017-04-05,203.06320190429688
2017-04-06,203.63404846191406
2017-04-07,203.42649841308594
2017-04-10,203.54754638671875
2017-04-11,203.30543518066406
2017-04-12,202.41455078125
2017-04-13,201.09986877441406
2017-04-17,202.881591796875
2017-04-18,202.27613830566406
2017-04-19,201.9042510986328
2017-04-20,203.54754638671875
2017-04-21,202.8988800048828
2017-04-24,205.1303253173828
2017-04-25,206.3238983154297
2017-04-26,206.19418334960938
2017-04-27,206.36720275878906
2017-04-28,205.9174041748047
2017-05-01,206.43637084960938
2017-05-02,206.51422119140625
2017-05-03,206.26339721679688
2017-05-04,206.5055694580078
2017-05-05,207.318603515625
2017-05-08,207.2839813232422
2017-05-09,207.09371948242188
2017-05-10,207.4656219482422
2017-05-11,207.0418701171875
2017-05-12,206.6958465576172
2017-05-15,207.83749389648438
2017-05-16,207.64723205566406
2017-05-17,203.9627685546875
2017-05-18,204.78439331054688
2017-05-19,206.1164093017578
2017-05-22,207.16287231445312
2017-05-23,207.62124633789062
2017-05-24,208.1056365966797
2017-05-25,209.10028076171875
2017-05-26,209.05711364746094
2017-05-30,208.8754119873047
2017-05-31,208.82351684570312
2017-06-01,210.48414611816406
2017-06-02,211.1847381591797
2017-06-05,211.02902221679688
2017-06-06,210.35440063476562
2017-06-07,210.74363708496094
2017-06-08,210.847412109375
2017-06-09,210.52737426757812
2017-06-12,210.48414611816406
2017-06-13,211.51336669921875
2017-06-14,211.2452392578125
2017-06-15,210.83872985839844
2017-06-16,210.8848114013672
2017-06-19,212.6404571533203
2017-06-20,211.20640563964844
2017-06-21,211.1542205810547
2017-06-22,211.05862426757812
2017-06-23,211.31068420410156
2017-06-26,211.44973754882812
2017-06-27,209.7462615966797
2017-06-28,211.62355041503906
2017-06-29,209.76361083984375
2017-06-30,210.1547393798828
2017-07-03,210.5111083984375
2017-07-05,210.99781799316406
2017-07-06,209.0683135986328
2017-07-07,210.4241485595703
2017-07-10,210.65016174316406
2017-07-11,210.49368286132812
2017-07-12,212.07553100585938
2017-07-13,212.4319305419922
2017-07-14,213.42266845703125
2017-07-17,213.39657592773438
2017-07-18,213.5095977783203
2017-07-19,214.66552734375
2017-07-20,214.76112365722656
2017-07-21,214.56988525390625
2017-07-24,214.51779174804688
2017-07-25,215.03924560546875
2017-07-26,215.0479278564453
2017-07-27,214.84800720214844
2017-07-28,214.59603881835938
2017-07-31,214.47430419921875
2017-08-01,214.9523468017578
2017-08-02,215.05662536621094
2017-08-03,214.63943481445312
2017-08-04,215.03053283691406
2017-08-07,215.43035888671875
2017-08-08,214.900146484375
2017-08-09,214.89149475097656
2017-08-10,211.85818481445312
2017-08-11,212.1710662841797
2017-08-14,214.27438354492188
2017-08-15,214.24835205078125
2017-08-16,214.62205505371094
2017-08-17,211.2759246826172
2017-08-18,210.9456024169922
2017-08-21,211.11082458496094
2017-08-22,213.31834411621094
2017-08-23,212.5535430908203
2017-08-24,212.05813598632812
2017-08-25,212.5535430908203
2017-08-28,212.56222534179688
2017-08-29,212.80555725097656
2017-08-30,213.8137969970703
2017-08-31,215.10008239746094
2017-09-01,215.40426635742188
2017-09-05,213.85719299316406
2017-09-06,214.58729553222656
2017-09-07,214.5612335205078
2017-09-08,214.30918884277344
2017-09-11,216.59495544433594
2017-09-12,217.32505798339844
2017-09-13,217.42929077148438
2017-09-14,217.3597869873047
2017-09-15,217.65240478515625
2017-09-18,218.11534118652344
2017-09-19,218.33372497558594
2017-09-20,218.4123077392578
2017-09-21,217.8270721435547
2017-09-22,217.87074279785156
2017-09-25,217.42532348632812
2017-09-26,217.5563201904297
2017-09-27,218.403564453125
2017-09-28,218.66561889648438
2017-09-29,219.43423461914062
2017-10-02,220.38626098632812
2017-10-03,220.85794067382812
2017-10-04,221.1199493408203
2017-10-05,222.43006896972656
2017-10-06,222.1768035888672
2017-10-09,221.80996704101562
2017-10-10,222.3952178955078
2017-10-11,222.74459838867188
2017-10-12,222.4126739501953
2017-10-13,222.68341064453125
2017-10-16,222.98037719726562
2017-10-17,223.13763427734375
2017-10-18,223.35597229003906
2017-10-19,223.41709899902344
2017-10-20,224.57000732421875
2017-10-23,223.69659423828125
2017-10-24,224.0896759033203
2017-10-25,222.98037719726562
2017-10-26,223.2686004638672
2017-10-27,225.09408569335938
2017-10-30,224.25564575195312
2017-10-31,224.60501098632812
2017-11-01,224.9019317626953
2017-11-02,224.98928833007812
2017-11-03,225.740478515625
2017-11-06,226.0897979736328
2017-11-07,225.93258666992188
2017-11-08,226.31692504882812
2017-11-09,225.49588012695312
2017-11-10,225.42604064941406
2017-11-13,225.63560485839844
2017-11-14,225.11158752441406
2017-11-15,223.98484802246094
2017-11-16,225.888916015625
2017-11-17,225.2251434326172
2017-11-20,225.60946655273438
2017-11-21,227.0855712890625
2017-11-22,226.8846435546875
2017-11-24,227.40875244140625
2017-11-27,227.2952423095703
2017-11-28,229.60107421875
2017-11-29,229.46128845214844
2017-11-30,231.47019958496094
2017-12-01,230.98983764648438
2017-12-04,230.71031188964844
2017-12-05,229.88050842285156
2017-12-06,229.9242706298828
2017-12-07,230.64915466308594
2017-12-08,231.9069366455078
2017-12-11,232.60574340820312
2017-12-12,233.01626586914062
2017-12-13,232.98997497558594
2017-12-14,232.03797912597656
2017-12-15,233.97018432617188
2017-12-18,235.45388793945312
2017-12-19,234.54965209960938
2017-12-20,234.4267578125
2017-12-21,234.90957641601562
2017-12-22,234.84811401367188
2017-12-26,234.5672607421875
2017-12-27,234.68133544921875
2017-12-28,235.16419982910156
2017-12-29,234.2775421142578
2018-01-02,235.95428466796875
2018-01-03,237.44667053222656
2018-01-04,238.44754028320312
2018-01-05,240.0365447998047
2018-01-08,240.4755096435547
2018-01-09,241.01986694335938
2018-01-10,240.6510772705078
2018-01-11,242.4068603515625
2018-01-12,243.987060546875
2018-01-16,243.1531982421875
2018-01-17,245.47071838378906
2018-01-18,245.0581817626953
2018-01-19,246.17306518554688
2018-01-22,248.17465209960938
2018-01-23,248.7015380859375
2018-01-24,248.6048126220703
2018-01-25,248.71018981933594
2018-01-26,251.5897979736328
2018-01-29,249.9217071533203
2018-01-30,247.35829162597656
2018-01-31,247.48123168945312
2018-02-01,247.2002410888672
2018-02-02,241.8186798095703
2018-02-05,231.70521545410156
2018-02-06,236.27040100097656
2018-02-07,234.9886016845703
2018-02-08,226.17445373535156
2018-02-09,229.57191467285156
2018-02-12,232.9430694580078
2018-02-13,233.52249145507812
2018-02-14,236.6741485595703
2018-02-15,239.6941680908203
2018-02-16,239.76437377929688
2018-02-20,238.2631378173828
2018-02-21,237.07801818847656
2018-02-22,237.3852996826172
2018-02-23,241.1690216064453
2018-02-26,243.96961975097656
2018-02-27,240.92324829101562
2018-02-28,238.48255920410156
2018-03-01,235.01498413085938
2018-03-02,236.22640991210938
2018-03-05,238.9567108154297
2018-03-06,239.56243896484375
2018-03-07,239.47471618652344
2018-03-08,240.633544921875
2018-03-09,244.82113647460938
2018-03-12,244.51393127441406
2018-03-13,242.9336395263672
2018-03-14,241.68695068359375
2018-03-15,241.4236602783203
2018-03-16,241.68545532226562
2018-03-19,238.4153594970703
2018-03-20,238.82083129882812
2018-03-21,238.36245727539062
2018-03-22,232.40411376953125
2018-03-23,227.45050048828125
2018-03-26,233.6732635498047
2018-03-27,229.6981201171875
2018-03-28,229.0194091796875
2018-03-29,231.9456787109375
2018-04-02,226.93930053710938
2018-04-03,229.84793090820312
2018-04-04,232.30711364746094
2018-04-05,234.14047241210938
2018-04-06,228.92245483398438
2018-04-09,230.0506591796875
2018-04-10,233.7085723876953
2018-04-11,232.48338317871094
2018-04-12,234.3960723876953
2018-04-13,233.7085723876953
2018-04-16,235.63003540039062
2018-04-17,238.15097045898438
2018-04-18,238.32717895507812
2018-04-19,237.005126953125
2018-04-20,234.9954071044922
2018-04-23,234.96017456054688
2018-04-24,231.79591369628906
2018-04-25,232.36883544921875
2018-04-26,234.73098754882812
2018-04-27,234.95138549804688
2018-04-30,233.14442443847656
2018-05-01,233.55873107910156
2018-05-02,231.98980712890625
2018-05-03,231.4785919189453
2018-05-04,234.4754180908203
2018-05-07,235.26873779296875
2018-05-08,235.26873779296875
2018-05-09,237.54275512695312
2018-05-10,239.763916015625
2018-05-11,240.49549865722656
2018-05-14,240.6100616455078
2018-05-15,238.9530029296875
2018-05-16,239.95782470703125
2018-05-17,239.7550811767578
2018-05-18,239.15576171875
2018-05-21,240.9539031982422
2018-05-22,240.28399658203125
2018-05-23,240.94505310058594
2018-05-24,240.45144653320312
2018-05-25,239.87843322753906
2018-05-29,237.11965942382812
2018-05-30,240.28399658203125
2018-05-31,238.8119659423828
2018-06-01,241.15660095214844
2018-06-04,242.30239868164062
2018-06-05,242.47869873046875
2018-06-06,244.50601196289062
2018-06-07,244.47947692871094
2018-06-08,245.20236206054688
2018-06-11,245.52845764160156
2018-06-12,245.84576416015625
2018-06-13,245.06129455566406
2018-06-14,245.67828369140625
2018-06-15,245.3647918701172
2018-06-18,244.8601531982422
2018-06-19,243.9216766357422
2018-06-20,244.33782958984375
2018-06-21,242.80609130859375
2018-06-22,243.248779296875
2018-06-25,239.93743896484375
2018-06-26,240.46871948242188
2018-06-27,238.47657775878906
2018-06-28,239.8400421142578
2018-06-29,240.1853790283203
2018-07-02,240.69894409179688
2018-07-03,239.8489227294922
2018-07-05,241.80564880371094
2018-07-06,243.85081481933594
2018-07-09,246.04653930664062
2018-07-10,246.93197631835938
2018-07-11,245.12579345703125
2018-07-12,247.34805297851562
2018-07-13,247.54283142089844
2018-07-16,247.3214569091797
2018-07-17,248.322021484375
2018-07-18,248.84442138671875
2018-07-19,247.9058837890625
2018-07-20,247.62249755859375
2018-07-23,248.0829315185547
2018-07-24,249.33128356933594
2018-07-25,251.4562530517578
2018-07-26,250.8629150390625
2018-07-27,249.16314697265625
2018-07-30,247.861572265625
2018-07-31,249.08335876464844
2018-08-01,248.66729736328125
2018-08-02,250.0219268798828
2018-08-03,251.09323120117188
2018-08-06,252.0140380859375
2018-08-07,252.84625244140625
2018-08-08,252.739990234375
2018-08-09,252.39474487304688
2018-08-10,250.70367431640625
2018-08-13,249.76512145996094
2018-08-14,251.3589324951172
2018-08-15,249.4818572998047
2018-08-16,251.50047302246094
2018-08-17,252.3858642578125
2018-08-20,252.92599487304688
2018-08-21,253.51918029785156
2018-08-22,253.36862182617188
2018-08-23,253.03225708007812
2018-08-24,254.55506896972656
2018-08-27,256.5648498535156
2018-08-28,256.68878173828125
2018-08-29,258.07000732421875
2018-08-30,257.0252380371094
2018-08-31,257.03399658203125
2018-09-04,256.59149169921875
2018-09-05,255.90084838867188
2018-09-06,255.1305694580078
2018-09-07,254.634765625
2018-09-10,255.07742309570312
2018-09-11,255.91851806640625
2018-09-12,255.98049926757812
2018-09-13,257.4945068359375
2018-09-14,257.538818359375
2018-09-17,256.1752624511719
2018-09-18,257.56536865234375
2018-09-19,257.8398742675781
2018-09-20,259.9292907714844
2018-09-21,259.69189453125
2018-09-24,258.82916259765625
2018-09-25,258.5889892578125
2018-09-26,257.8153076171875
2018-09-27,258.5356140136719
2018-09-28,258.5622863769531
2018-10-01,259.46063232421875
2018-10-02,259.3094482421875
2018-10-03,259.4517822265625
2018-10-04,257.42388916015625
2018-10-05,255.98313903808594
2018-10-08,255.98313903808594
2018-10-09,255.60955810546875
2018-10-10,247.51617431640625
2018-10-11,242.064208984375
2018-10-12,245.42608642578125
2018-10-15,244.04751586914062
2018-10-16,249.38381958007812
2018-10-17,249.42835998535156
2018-10-18,245.82623291015625
2018-10-19,245.6929473876953
2018-10-22,244.5900421142578
2018-10-23,243.3449249267578
2018-10-24,235.97193908691406
2018-10-25,240.2053985595703
2018-10-26,235.98080444335938
2018-10-29,234.67337036132812
2018-10-30,238.1509246826172
2018-10-31,240.69454956054688
2018-11-01,243.2560272216797
2018-11-02,241.81520080566406
2018-11-05,243.14926147460938
2018-11-06,244.6878662109375
2018-11-07,249.9264373779297
2018-11-08,249.47283935546875
2018-11-09,247.03587341308594
2018-11-12,242.42001342773438
2018-11-13,241.9663543701172
2018-11-14,240.31214904785156
2018-11-15,242.82009887695312
2018-11-16,243.4516143798828
2018-11-19,239.33380126953125
2018-11-20,234.90463256835938
2018-11-21,235.70504760742188
2018-11-23,234.13084411621094
2018-11-26,237.9107208251953
2018-11-27,238.71124267578125
2018-11-28,244.20758056640625
2018-11-29,243.6739959716797
2018-11-30,245.1592559814453
2018-12-03,248.405517578125
2018-12-04,240.35653686523438
2018-12-06,239.99195861816406
2018-12-07,234.41549682617188
2018-12-10,234.86013793945312
2018-12-11,234.91355895996094
2018-12-12,236.09640502929688
2018-12-13,236.0164031982422
2018-12-14,231.65838623046875
2018-12-17,227.1136474609375
2018-12-18,226.86453247070312
2018-12-19,223.46714782714844
2018-12-20,219.82955932617188
2018-12-21,215.3253631591797
2018-12-24,209.6357879638672
2018-12-26,220.2276153564453
2018-12-27,221.91845703125
2018-12-28,221.63214111328125
2018-12-31,223.5733642578125
2019-01-02,223.80593872070312
2019-01-03,218.4653778076172
2019-01-04,225.782958984375
2019-01-07,227.5631866455078
2019-01-08,229.70126342773438
2019-01-09,230.7747344970703
2019-01-10,231.58888244628906
2019-01-11,231.67828369140625
2019-01-14,230.26478576660156
2019-01-15,232.90383911132812
2019-01-16,233.46739196777344
2019-01-17,235.23870849609375
2019-01-18,238.36973571777344
2019-01-22,235.1492462158203
2019-01-23,235.64122009277344
2019-01-24,235.76641845703125
2019-01-25,237.76138305664062
2019-01-28,235.95437622070312
2019-01-29,235.64122009277344
2019-01-30,239.37158203125
2019-01-31,241.4739227294922
2019-02-01,241.59017944335938
2019-02-04,243.2899169921875
2019-02-05,244.30975341796875
2019-02-06,243.9876708984375
2019-02-07,241.66175842285156
2019-02-08,241.9569854736328
2019-02-11,242.09115600585938
2019-02-12,245.2042999267578
2019-02-13,246.00051879882812
2019-02-14,245.45484924316406
2019-02-15,248.12957763671875
2019-02-19,248.55894470214844
2019-02-20,249.0598907470703
2019-02-21,248.17428588867188
2019-02-22,249.71292114257812
2019-02-25,250.05291748046875
2019-02-26,249.87403869628906
2019-02-27,249.7666778564453
2019-02-28,249.3014678955078
2019-03-01,250.8581085205078
2019-03-04,249.945556640625
2019-03-05,249.6056365966797
2019-03-06,248.09376525878906
2019-03-07,246.01840209960938
2019-03-08,245.52633666992188
2019-03-11,249.0867462158203
2019-03-12,250.02613830566406
2019-03-13,251.68104553222656
2019-03-14,251.52001953125
2019-03-15,252.76266479492188
2019-03-18,253.67910766601562
2019-03-19,253.7420196533203
2019-03-20,252.97836303710938
2019-03-21,255.83567810058594
2019-03-22,250.9117889404297
2019-03-25,250.72303771972656
2019-03-26,252.5919189453125
2019-03-27,251.27108764648438
2019-03-28,252.22354125976562
2019-03-29,253.8140411376953
2019-04-01,256.823974609375
2019-04-02,256.9498291015625
2019-04-03,257.3541564941406
2019-04-04,258.0369567871094
2019-04-05,259.28594970703125
2019-04-08,259.4836120605469
2019-04-09,258.15380859375
2019-04-10,259.0343322753906
2019-04-11,258.96246337890625
2019-04-12,260.71453857421875
2019-04-15,260.5438537597656
2019-04-16,260.71453857421875
2019-04-17,260.07666015625
2019-04-18,260.5888671875
2019-04-22,260.8133239746094
2019-04-23,263.1585693359375
2019-04-24,262.57452392578125
2019-04-25,262.4128112792969
2019-04-26,263.6347351074219
2019-04-29,264.0481262207031
2019-04-30,264.182861328125
2019-05-01,262.19720458984375
2019-05-02,261.631103515625
2019-05-03,264.1918640136719
2019-05-06,263.10467529296875
2019-05-07,258.7108459472656
2019-05-08,258.35150146484375
2019-05-09,257.5697937011719
2019-05-10,258.863525390625
2019-05-13,252.35836791992188
2019-05-14,254.6405792236328
2019-05-15,256.1322326660156
2019-05-16,258.5042724609375
2019-05-17,256.8328552246094
2019-05-20,255.1349334716797
2019-05-21,257.4349365234375
2019-05-22,256.6443176269531
2019-05-23,253.5084991455078
2019-05-24,254.08352661132812
2019-05-28,251.720458984375
2019-05-29,250.03118896484375
2019-05-30,250.71409606933594
2019-05-31,247.33566284179688
2019-06-03,246.70664978027344
2019-06-04,252.06179809570312
2019-06-05,254.24522399902344
2019-06-06,255.89846801757812
2019-06-07,258.4593200683594
2019-06-10,259.64532470703125
2019-06-11,259.58245849609375
2019-06-12,259.124267578125
2019-06-13,260.19342041015625
2019-06-14,259.90594482421875
2019-06-17,260.0047302246094
2019-06-18,262.7273864746094
2019-06-19,263.3202819824219
2019-06-20,265.83612060546875
2019-06-21,265.4497375488281
2019-06-24,265.12469482421875
2019-06-25,262.5243835449219
2019-06-26,262.2626037597656
2019-06-27,263.1925048828125
2019-06-28,264.546875
2019-07-01,266.9485168457031
2019-07-02,267.643798828125
2019-07-03,269.7835998535156
2019-07-05,269.4765930175781
2019-07-08,267.9958190917969
2019-07-09,268.3299865722656
2019-07-10,269.6120910644531
2019-07-11,270.2439880371094
2019-07-12,271.4538879394531
2019-07-15,271.5442199707031
2019-07-16,270.66839599609375
2019-07-17,268.82659912109375
2019-07-18,269.8106689453125
2019-07-19,268.3119201660156
2019-07-22,268.970947265625
2019-07-23,270.8941650390625
2019-07-24,272.16729736328125
2019-07-25,270.8670654296875
2019-07-26,272.6819152832031
2019-07-29,272.1853332519531
2019-07-30,271.5171203613281
2019-07-31,268.5466003417969
2019-08-01,266.2081604003906
2019-08-02,264.2037048339844
2019-08-05,256.2582702636719
2019-08-06,259.85186767578125
2019-08-07,260.00531005859375
2019-08-08,265.10662841796875
2019-08-09,263.3008117675781
2019-08-12,260.0955810546875
2019-08-13,264.1405029296875
2019-08-14,256.3305358886719
2019-08-15,257.00775146484375
2019-08-16,260.7998352050781
2019-08-19,263.9418640136719
2019-08-20,261.9194030761719
2019-08-21,264.0503234863281
2019-08-22,263.96893310546875
2019-08-23,257.18829345703125
2019-08-26,260.0323486328125
2019-08-27,259.01214599609375
2019-08-28,260.83599853515625
2019-08-29,264.16766357421875
2019-08-30,264.0503234863281
2019-09-03,262.5062561035156
2019-09-04,265.4858703613281
2019-09-05,268.8987731933594
2019-09-06,269.1064147949219
2019-09-09,269.2418518066406
2019-09-10,269.1785888671875
2019-09-11,271.09283447265625
2019-09-12,272.03179931640625
2019-09-13,271.85125732421875
2019-09-16,271.01153564453125
2019-09-17,271.6976318359375
2019-09-18,271.86029052734375
2019-09-19,271.8421936035156
2019-09-20,270.5577392578125
2019-09-23,270.4942626953125
2019-09-24,268.3718566894531
2019-09-25,269.9591064453125
2019-09-26,269.3967590332031
2019-09-27,267.9454345703125
2019-09-30,269.1880798339844
2019-10-01,265.9862060546875
2019-10-02,261.2876281738281
2019-10-03,263.4283447265625
2019-10-04,266.9930725097656
2019-10-07,265.84112548828125
2019-10-08,261.7139587402344
2019-10-09,264.1993103027344
2019-10-10,265.9862060546875
2019-10-11,268.7436218261719
2019-10-14,268.4443359375
2019-10-15,271.1019592285156
2019-10-16,270.6666564941406
2019-10-17,271.4647521972656
2019-10-18,270.27655029296875
2019-10-21,272.1088562011719
2019-10-22,271.2200012207031
2019-10-23,272.00909423828125
2019-10-24,272.4534606933594
2019-10-25,273.5693664550781
2019-10-28,275.11126708984375
2019-10-29,275.029541015625
2019-10-30,275.8731384277344
2019-10-31,275.1383972167969
2019-11-01,277.6872863769531
2019-11-04,278.802978515625
2019-11-05,278.49456787109375
2019-11-06,278.5581359863281
2019-11-07,279.53765869140625
2019-11-08,280.22705078125
2019-11-11,279.6918029785156
2019-11-12,280.2814636230469
2019-11-13,280.3722229003906
2019-11-14,280.7803649902344
2019-11-15,282.81219482421875
2019-11-18,283.020751953125
2019-11-19,282.9391174316406
2019-11-20,281.8869934082031
2019-11-21,281.43341064453125
2019-11-22,282.059326171875
2019-11-25,284.245361328125
2019-11-26,284.8892822265625
2019-11-27,286.1592712402344
2019-11-29,285.097900390625
2019-12-02,282.67608642578125
2019-12-03,280.7803649902344
2019-12-04,282.5128173828125
2019-12-05,283.020751953125
2019-12-06,285.60589599609375
2019-12-09,284.7079162597656
2019-12-10,284.3903503417969
2019-12-11,285.1977233886719
2019-12-12,287.6558837890625
2019-12-13,287.8282165527344
2019-12-16,289.80560302734375
2019-12-17,289.8691101074219
2019-12-18,289.8872985839844
2019-12-19,291.0754699707031
2019-12-20,292.3515930175781
2019-12-23,292.7982482910156
2019-12-24,292.807373046875
2019-12-26,294.3660888671875
2019-12-27,294.29315185546875
2019-12-30,292.6706848144531
2019-12-31,293.3815612792969
2020-01-02,296.12530517578125
2020-01-03,293.88287353515625
2020-01-06,295.004150390625
2020-01-07,294.1746520996094
2020-01-08,295.74249267578125
2020-01-09,297.7477722167969
2020-01-10,296.8908996582031
2020-01-13,298.9327697753906
2020-01-14,298.47705078125
2020-01-15,299.15155029296875
2020-01-16,301.63995361328125
2020-01-17,302.57891845703125
2020-01-21,301.9863586425781
2020-01-22,302.0227966308594
2020-01-23,302.369140625
2020-01-24,299.6802062988281
2020-01-27,294.8764953613281
2020-01-28,297.966552734375
2020-01-29,297.7204895019531
2020-01-30,298.6866455078125
2020-01-31,293.2631530761719
2020-02-03,295.4416809082031
2020-02-04,299.94464111328125
2020-02-05,303.40838623046875
2020-02-06,304.42926025390625
2020-02-07,302.8067321777344
2020-02-10,305.06732177734375
2020-02-11,305.5959777832031
2020-02-12,307.5648193359375
2020-02-13,307.23675537109375
2020-02-14,307.7289123535156
2020-02-18,306.9358825683594
2020-02-19,308.40350341796875
2020-02-20,307.13641357421875
2020-02-21,303.97344970703125
2020-02-24,293.89202880859375
2020-02-25,284.98651123046875
2020-02-26,283.9382629394531
2020-02-27,271.1861572265625
2020-02-28,270.0466613769531
2020-03-02,281.7416076660156
2020-03-03,273.6745910644531
2020-03-04,285.1779479980469
2020-03-05,275.6980895996094
2020-03-06,271.1405944824219
2020-03-09,249.96595764160156
2020-03-10,262.90045166015625
2020-03-11,250.08444213867188
2020-03-12,226.15707397460938
2020-03-13,245.4904327392578
2020-03-16,218.62789916992188
2020-03-17,230.43212890625
2020-03-18,218.76466369628906
2020-03-19,219.22952270507812
2020-03-20,209.78199768066406
2020-03-23,204.41822814941406
2020-03-24,222.939208984375
2020-03-25,226.2766571044922
2020-03-26,239.48883056640625
2020-03-27,232.35556030273438
2020-03-30,239.90150451660156
2020-03-31,236.32565307617188
2020-04-01,225.68983459472656
2020-04-02,230.89772033691406
2020-04-03,227.560302734375
2020-04-06,242.84466552734375
2020-04-07,243.0922393798828
2020-04-08,251.25253295898438
2020-04-09,255.07579040527344
2020-04-13,252.7469940185547
2020-04-14,260.20123291015625
2020-04-15,254.67239379882812
2020-04-16,255.9010009765625
2020-04-17,262.8142395019531
2020-04-20,258.1840515136719
2020-04-21,250.34471130371094
2020-04-22,255.9010009765625
2020-04-23,255.8826446533203
2020-04-24,259.4493713378906
2020-04-27,263.19024658203125
2020-04-28,261.9799499511719
2020-04-29,268.838134765625
2020-04-30,266.3351745605469
2020-05-01,259.28424072265625
2020-05-04,259.9994812011719
2020-05-05,262.4017028808594
2020-05-06,260.62298583984375
2020-05-07,263.7678527832031
2020-05-08,268.1321716308594
2020-05-11,268.187255859375
2020-05-12,262.841796875
2020-05-13,258.1932067871094
2020-05-14,261.2831726074219
2020-05-15,262.4842529296875
2020-05-18,270.4794921875
2020-05-19,267.7012634277344
2020-05-20,272.24896240234375
2020-05-21,270.369384765625
2020-05-22,270.8828430175781
2020-05-26,274.2203674316406
2020-05-27,278.3003845214844
2020-05-28,277.78692626953125
2020-05-29,279.0247802734375
2020-06-01,280.1524963378906
2020-06-02,282.4721984863281
2020-06-03,286.2313232421875
2020-06-04,285.4795837402344
2020-06-05,292.7962341308594
2020-06-08,296.33538818359375
2020-06-09,294.125732421875
2020-06-10,292.48455810546875
2020-06-11,275.623046875
2020-06-12,278.92388916015625
2020-06-15,281.5277404785156
2020-06-16,286.946533203125
2020-06-17,285.7544860839844
2020-06-18,285.8646240234375
2020-06-19,284.2308654785156
2020-06-22,286.0543212890625
2020-06-23,287.37127685546875
2020-06-24,280.0408020019531
2020-06-25,283.0429992675781
2020-06-26,276.3203430175781
2020-06-29,280.3815612792969
2020-06-30,283.9729919433594
2020-07-01,285.96221923828125
2020-07-02,287.53704833984375
2020-07-06,291.9757995605469
2020-07-07,288.9644470214844
2020-07-08,291.174560546875
2020-07-09,289.5169677734375
2020-07-10,292.47308349609375
2020-07-13,289.94061279296875
2020-07-14,293.69793701171875
2020-07-15,296.3962097167969
2020-07-16,295.4200744628906
2020-07-17,296.2764892578125
2020-07-20,298.67095947265625
2020-07-21,299.3063659667969
2020-07-22,301.010009765625
2020-07-23,297.41845703125
2020-07-24,295.50286865234375
2020-07-27,297.6577453613281
2020-07-28,295.76995849609375
2020-07-29,299.4075927734375
2020-07-30,298.3393859863281
2020-07-31,300.6968078613281
2020-08-03,302.7873229980469
2020-08-04,303.9570007324219
2020-08-05,305.8447570800781
2020-08-06,307.8891906738281
2020-08-07,308.1102294921875
2020-08-10,309.03118896484375
2020-08-11,306.4801940917969
2020-08-12,310.7532653808594
2020-08-13,310.1915283203125
2020-08-14,310.2007751464844
2020-08-17,311.1861267089844
2020-08-18,311.8583984375
2020-08-19,310.5599060058594
2020-08-20,311.52685546875
2020-08-21,312.6319580078125
2020-08-24,315.7998352050781
2020-08-25,316.90496826171875
2020-08-26,320.0821228027344
2020-08-27,320.78204345703125
2020-08-28,322.85400390625
2020-08-31,321.6845397949219
2020-09-01,324.71441650390625
2020-09-02,329.4110412597656
2020-09-03,318.0745849609375
2020-09-04,315.4776611328125
2020-09-08,306.85772705078125
2020-09-09,312.9174499511719
2020-09-10,307.4840087890625
2020-09-11,307.6405944824219
2020-09-14,311.6925964355469
2020-09-15,313.2673645019531
2020-09-16,312.0240783691406
2020-09-17,309.27978515625
2020-09-18,305.71917724609375
2020-09-21,302.31671142578125
2020-09-22,305.39556884765625
2020-09-23,298.31317138671875
2020-09-24,299.10821533203125
2020-09-25,303.9438781738281
2020-09-28,308.9922180175781
2020-09-29,307.30938720703125
2020-09-30,309.6395263671875
2020-10-01,311.62738037109375
2020-10-02,308.6686096191406
2020-10-05,314.1422424316406
2020-10-06,309.676513671875
2020-10-07,315.06683349609375
2020-10-08,317.8591613769531
2020-10-09,320.69769287109375
2020-10-12,325.8569030761719
2020-10-13,323.73040771484375
2020-10-14,321.6963195800781
2020-10-15,321.2986755371094
2020-10-16,321.1044921875
2020-10-19,316.22265625
2020-10-20,317.4893493652344
2020-10-21,316.8883361816406
2020-10-22,318.62646484375
2020-10-23,319.7083740234375
2020-10-26,313.8001403808594
2020-10-27,312.71832275390625
2020-10-28,302.0299987792969
2020-10-29,305.0997314453125
2020-10-30,301.919189453125
2020-11-02,305.3030700683594
2020-11-03,310.6935119628906
2020-11-04,317.63726806640625
2020-11-05,323.83209228515625
2020-11-06,323.7581481933594
2020-11-09,327.82635498046875
2020-11-10,327.3455810546875
2020-11-11,329.77734375
2020-11-12,326.5781555175781
2020-11-13,331.09942626953125
2020-11-16,335.232421875
2020-11-17,333.4294738769531
2020-11-18,329.41656494140625
2020-11-19,330.80352783203125
2020-11-20,328.5382995605469
2020-11-23,330.50775146484375
2020-11-24,335.8334045410156
2020-11-25,335.31561279296875
2020-11-27,336.24945068359375
2020-11-30,334.7608947753906
2020-12-01,338.4222717285156
2020-12-02,339.1343078613281
2020-12-03,339.041748046875
2020-12-04,341.9634704589844
2020-12-07,341.2608947753906
2020-12-08,342.2593688964844
2020-12-09,339.189697265625
2020-12-10,339.0787658691406
2020-12-11,338.68115234375
2020-12-14,337.164794921875
2020-12-15,341.7231140136719
2020-12-16,342.2593688964844
2020-12-17,344.17340087890625
2020-12-18,342.79913330078125
2020-12-21,341.5733947753906
2020-12-22,340.9976806640625
2020-12-23,341.3041687011719
2020-12-24,342.6319580078125
2020-12-28,345.5754699707031
2020-12-29,344.9161071777344
2020-12-30,345.4082336425781
2020-12-31,347.1631774902344
2021-01-04,342.4369812011719
2021-01-05,344.79541015625
2021-01-06,346.8567810058594
2021-01-07,352.01019287109375
2021-01-08,354.015869140625
2021-01-11,351.6295166015625
2021-01-12,351.70379638671875
2021-01-13,352.65093994140625
2021-01-14,351.4159240722656
2021-01-15,348.8532409667969
2021-01-19,351.5923767089844
2021-01-20,356.4578552246094
2021-01-21,356.7828674316406
2021-01-22,355.5201416015625
2021-01-25,356.9221496582031
2021-01-26,356.364990234375
2021-01-27,347.6553039550781
2021-01-28,350.6452331542969
2021-01-29,343.6254577636719
2021-02-01,349.34539794921875
2021-02-02,354.28509521484375
2021-02-03,354.5635986328125
2021-02-04,358.5935974121094
2021-02-05,360.0049133300781
2021-02-08,362.6048583984375
2021-02-09,362.3634338378906
2021-02-10,362.2055969238281
2021-02-11,362.7905578613281
2021-02-12,364.5826416015625
2021-02-16,364.2669677734375
2021-02-17,364.3505554199219
2021-02-18,362.79986572265625
2021-02-19,362.1591491699219
2021-02-22,359.37353515625
2021-02-23,359.8099670410156
2021-02-24,363.7748718261719
2021-02-25,355.0093994140625
2021-02-26,353.1801452636719
2021-03-01,361.7413024902344
2021-03-02,358.9185485839844
2021-03-03,354.1644287109375
2021-03-04,349.78167724609375
2021-03-05,356.2164611816406
2021-03-08,354.4429626464844
2021-03-09,359.5035095214844
2021-03-10,361.7413024902344
2021-03-11,365.4090576171875
2021-03-12,365.90118408203125
2021-03-15,368.0832214355469
2021-03-16,367.6189880371094
2021-03-17,368.8725280761719
2021-03-18,363.5055847167969
2021-03-19,362.83294677734375
2021-03-22,365.73016357421875
2021-03-23,362.8515930175781
2021-03-24,361.00701904296875
2021-03-25,363.0379638671875
2021-03-26,368.8882751464844
2021-03-29,368.70196533203125
2021-03-30,367.7237548828125
2021-03-31,369.2142639160156
2021-04-01,373.2013854980469
2021-04-05,378.5580749511719
2021-04-06,378.33441162109375
2021-04-07,378.77227783203125
2021-04-08,380.5702209472656
2021-04-09,383.3370666503906
2021-04-12,383.4768981933594
2021-04-13,384.6133117675781
2021-04-14,383.2998046875
2021-04-15,387.41741943359375
2021-04-16,388.7123718261719
2021-04-19,386.80255126953125
2021-04-20,383.9705505371094
2021-04-21,387.6037292480469
2021-04-22,384.0636901855469
2021-04-23,388.2278747558594
2021-04-26,389.0383605957031
2021-04-27,388.95452880859375
2021-04-28,388.8427734375
2021-04-29,391.3208312988281
2021-04-30,388.7495422363281
2021-05-03,389.58795166015625
2021-05-04,387.1845703125
2021-05-05,387.3055419921875
2021-05-06,390.39849853515625
2021-05-07,393.2398376464844
2021-05-10,389.3458251953125
2021-05-11,385.8710632324219
2021-05-12,377.6730651855469
2021-05-13,382.2099304199219
2021-05-14,388.07879638671875
2021-05-17,387.09136962890625
2021-05-18,383.75628662109375
2021-05-19,382.7501525878906
2021-05-20,386.8677673339844
2021-05-21,386.55096435546875
2021-05-24,390.4916076660156
2021-05-25,389.6252746582031
2021-05-26,390.39849853515625
2021-05-27,390.60345458984375
2021-05-28,391.3021240234375
2021-06-01,390.9574279785156
2021-06-02,391.572265625
2021-06-03,390.1189880371094
2021-06-04,393.6869201660156
2021-06-07,393.3050537109375
2021-06-08,393.38885498046875
2021-06-09,392.8019714355469
2021-06-10,394.6278076171875
2021-06-11,395.280029296875
2021-06-14,396.1650390625
2021-06-15,395.43841552734375
2021-06-16,393.2304992675781
2021-06-17,393.10003662109375
2021-06-18,387.7970275878906
2021-06-21,393.3486633300781
2021-06-22,395.45166015625
2021-06-23,394.97491455078125
2021-06-24,397.3115539550781
2021-06-25,398.7227478027344
2021-06-28,399.5267028808594
2021-06-29,399.7416076660156
2021-06-30,400.0780334472656
2021-07-01,402.2930908203125
2021-07-02,405.3680419921875
2021-07-06,404.62969970703125
2021-07-07,406.05963134765625
2021-07-08,402.7510986328125
2021-07-09,407.05029296875
2021-07-12,408.50836181640625
2021-07-13,407.11566162109375
2021-07-14,407.72332763671875
2021-07-15,406.3307189941406
2021-07-16,403.1436767578125
2021-07-19,397.19000244140625
2021-07-20,402.88189697265625
2021-07-21,406.1437683105469
2021-07-22,406.9942932128906
2021-07-23,411.18145751953125
2021-07-26,412.1907958984375
2021-07-27,410.312255859375
2021-07-28,410.1439208984375
2021-07-29,411.84503173828125
2021-07-30,409.8449401855469
2021-08-02,408.985107421875
2021-08-03,412.31231689453125
2021-08-04,410.2841796875
2021-08-05,412.8825378417969
2021-08-06,413.5647277832031
2021-08-09,413.2281799316406
2021-08-10,413.7422790527344
2021-08-11,414.7704162597656
2021-08-12,416.01348876953125
2021-08-13,416.7705383300781
2021-08-16,417.751953125
2021-08-17,415.013427734375
2021-08-18,410.4710998535156
2021-08-19,411.1066589355469
2021-08-20,414.3778076171875
2021-08-23,418.02294921875
2021-08-24,418.6865234375
2021-08-25,419.5650939941406
2021-08-26,417.08837890625
2021-08-27,420.8175354003906
2021-08-30,422.66796875
2021-08-31,422.0418395996094
2021-09-01,422.26617431640625
2021-09-02,423.5652770996094
2021-09-03,423.46246337890625
2021-09-07,421.94842529296875
2021-09-08,421.4342956542969
2021-09-09,419.6304626464844
2021-09-10,416.3218994140625
2021-09-13,417.38726806640625
2021-09-14,415.1349182128906
2021-09-15,418.6024169921875
2021-09-16,417.9388427734375
2021-09-17,413.8677062988281
2021-09-20,406.966796875
2021-09-21,406.5823059082031
2021-09-22,410.5484619140625
2021-09-23,415.53662109375
2021-09-24,416.2210998535156
2021-09-27,415.0302734375
2021-09-28,406.666748046875
2021-09-29,407.35113525390625
2021-09-30,402.37237548828125
2021-10-01,407.15423583984375
2021-10-04,401.9035949707031
2021-10-05,406.0854187011719
2021-10-06,407.7731018066406
2021-10-07,411.298583984375
2021-10-08,410.5484619140625
2021-10-11,407.57623291015625
2021-10-12,406.5729064941406
2021-10-13,408.0356140136719
2021-10-14,414.8990478515625
2021-10-15,418.0588684082031
2021-10-18,419.29644775390625
2021-10-19,422.5312805175781
2021-10-20,424.19085693359375
2021-10-21,425.2972717285156
2021-10-22,424.85662841796875
2021-10-25,427.1351318359375
2021-10-26,427.51953125
2021-10-27,425.62548828125
2021-10-28,429.73223876953125
2021-10-29,430.6043395996094
2021-11-01,431.34503173828125
2021-11-02,433.0889892578125
2021-11-03,435.7330627441406
2021-11-04,437.7865295410156
2021-11-05,439.3054504394531
2021-11-08,439.6804504394531
2021-11-09,438.2271423339844
2021-11-10,434.70172119140625
2021-11-11,434.84234619140625
2021-11-12,438.1240234375
2021-11-15,438.2740783691406
2021-11-16,440.0086975097656
2021-11-17,438.93975830078125
2021-11-18,440.4305725097656
2021-11-19,439.6429748535156
2021-11-22,438.40533447265625
2021-11-23,438.9866943359375
2021-11-24,440.15869140625
2021-11-26,430.3417663574219
2021-11-29,435.6205749511719
2021-11-30,427.1444396972656
2021-12-01,422.4000549316406
2021-12-02,428.8696594238281
2021-12-03,425.137939453125
2021-12-06,430.17303466796875
2021-12-07,439.071044921875
2021-12-08,440.23370361328125
2021-12-09,437.2613830566406
2021-12-10,441.3775939941406
2021-12-13,437.4676818847656
2021-12-14,434.4578552246094
2021-12-15,441.2463073730469
2021-12-16,437.3552551269531
2021-12-17,432.700439453125
2021-12-20,428.09942626953125
2021-12-21,435.70196533203125
2021-12-22,440.05841064453125
2021-12-23,442.7965087890625
2021-12-27,449.06304931640625
2021-12-28,448.69610595703125
2021-12-29,449.27008056640625
2021-12-30,448.028076171875
2021-12-31,446.8989562988281
2022-01-03,449.4864501953125
2022-01-04,449.3359069824219
2022-01-05,440.7076721191406
2022-01-06,440.293701171875
2022-01-07,438.552978515625
2022-01-10,438.00732421875
2022-01-11,441.9967956542969
2022-01-12,443.1916809082031
2022-01-13,437.0851745605469
2022-01-14,437.263916015625
2022-01-18,429.52020263671875
2022-01-19,425.0602111816406
2022-01-20,420.3556213378906
2022-01-21,412.103759765625
2022-01-24,413.85382080078125
2022-01-25,408.8011169433594
2022-01-26,407.7755432128906
2022-01-27,405.7619323730469
2022-01-28,415.83917236328125
2022-01-31,423.32891845703125
2022-02-01,426.1893310546875
2022-02-02,430.3293151855469
2022-02-03,420.2144470214844
2022-02-04,422.1903991699219
2022-02-07,420.83544921875
2022-02-08,424.2981262207031
2022-02-09,430.5081481933594
2022-02-10,422.7737731933594
2022-02-11,414.43731689453125
2022-02-14,413.0823059082031
2022-02-15,419.7440185546875
2022-02-16,420.2144470214844
2022-02-17,411.2381286621094
2022-02-18,408.5752868652344
2022-02-22,404.1905822753906
2022-02-23,397.0208435058594
2022-02-24,402.9955749511719
2022-02-25,411.8872985839844
2022-02-28,410.8335266113281
2022-03-01,404.5765075683594
2022-03-02,412.01910400390625
2022-03-03,409.9678649902344
2022-03-04,406.6370849609375
2022-03-07,394.649658203125
2022-03-08,391.6576232910156
2022-03-09,402.15826416015625
2022-03-10,400.34228515625
2022-03-11,395.2518615722656
2022-03-14,392.3633117675781
2022-03-15,400.9914855957031
2022-03-16,409.8831787109375
2022-03-17,415.01123046875
2022-03-18,419.55670166015625
2022-03-21,419.4339904785156
2022-03-22,424.34197998046875
2022-03-23,418.87713623046875
2022-03-24,425.19140625
2022-03-25,427.26788330078125
2022-03-28,430.3070983886719
2022-03-29,435.6302795410156
2022-03-30,432.94049072265625
2022-03-31,426.2768859863281
2022-04-01,427.4849853515625
2022-04-04,431.1470947265625
2022-04-05,425.7011413574219
2022-04-06,421.4443664550781
2022-04-07,423.5680847167969
2022-04-08,422.43548583984375
2022-04-11,415.2150573730469
2022-04-12,413.67657470703125
2022-04-13,418.4146423339844
2022-04-14,413.20458984375
2022-04-18,413.3746032714844
2022-04-19,420.0475769042969
2022-04-20,419.73602294921875
2022-04-21,413.4595642089844
2022-04-22,402.1145324707031
2022-04-25,404.44580078125
2022-04-26,392.7327575683594
2022-04-27,393.83697509765625
2022-04-28,403.78515625
2022-04-29,388.863037109375
2022-05-02,391.2037353515625
2022-05-03,392.9969482421875
2022-05-04,404.96490478515625
2022-05-05,390.5713195800781
2022-05-06,388.2400207519531
2022-05-09,375.80963134765625
2022-05-10,376.677978515625
2022-05-11,370.6940002441406
2022-05-12,370.3070373535156
2022-05-13,379.1603698730469
2022-05-16,377.6217956542969
2022-05-17,385.3896789550781
2022-05-18,369.8539733886719
2022-05-19,367.5887451171875
2022-05-20,367.7492370605469
2022-05-23,374.6298522949219
2022-05-24,371.7699890136719
2022-05-25,375.0545959472656
2022-05-26,382.5486145019531
2022-05-27,391.93994140625
2022-05-31,389.74078369140625
2022-06-01,386.58831787109375
2022-06-02,393.9502868652344
2022-06-03,387.4849548339844
2022-06-06,388.6647644042969
2022-06-07,392.3929138183594
2022-06-08,388.1268005371094
2022-06-09,378.8960266113281
2022-06-10,367.9096984863281
2022-06-13,353.9407958984375
2022-06-14,352.8742980957031
2022-06-15,357.9049377441406
2022-06-16,346.0597839355469
2022-06-17,346.8056945800781
2022-06-21,355.5361633300781
2022-06-22,354.8914794921875
2022-06-23,358.3703918457031
2022-06-24,369.764404296875
2022-06-27,368.3518981933594
2022-06-28,360.8254699707031
2022-06-29,360.53167724609375
2022-06-30,357.6025390625
2022-07-01,361.3847961425781
2022-07-05,362.0672302246094
2022-07-06,363.29010009765625
2022-07-07,368.73114013671875
2022-07-08,368.4277648925781
2022-07-11,364.21905517578125
2022-07-12,360.9960632324219
2022-07-13,359.1002197265625
2022-07-14,358.2281494140625
2022-07-15,365.0721740722656
2022-07-18,362.0577697753906
2022-07-19,371.84027099609375
2022-07-20,374.2100830078125
2022-07-21,378.020751953125
2022-07-22,374.513427734375
2022-07-25,374.9684143066406
2022-07-26,370.5322265625
2022-07-27,380.1535339355469
2022-07-28,384.9216003417969
2022-07-29,390.533203125
2022-08-01,389.37677001953125
2022-08-02,386.80792236328125
2022-08-03,392.86517333984375
2022-08-04,392.5997619628906
2022-08-05,391.9361267089844
2022-08-08,391.4811706542969
2022-08-09,389.9266357421875
2022-08-10,398.1165466308594
2022-08-11,398.1165466308594
2022-08-12,404.8564147949219
2022-08-15,406.5246887207031
2022-08-16,407.3208923339844
2022-08-17,404.42974853515625
2022-08-18,405.6051940917969
2022-08-19,400.15472412109375
2022-08-22,391.82244873046875
2022-08-23,390.87451171875
2022-08-24,392.1257629394531
2022-08-25,397.6615905761719
2022-08-26,384.20111083984375
2022-08-29,381.6607360839844
2022-08-30,377.470947265625
2022-08-31,374.59881591796875
2022-09-01,375.7741394042969
2022-09-02,371.8118896484375
2022-09-06,370.4089660644531
2022-09-07,377.0632629394531
2022-09-08,379.5279235839844
2022-09-09,385.4240417480469
2022-09-12,389.5663757324219
2022-09-13,372.6270751953125
2022-09-14,374.0489196777344
2022-09-15,369.80224609375
2022-09-16,366.9811096191406
2022-09-19,369.82696533203125
2022-09-20,365.5819396972656
2022-09-21,359.204833984375
2022-09-22,356.1875305175781
2022-09-23,350.2197265625
2022-09-26,346.7550354003906
2022-09-27,345.86981201171875
2022-09-28,352.67529296875
2022-09-29,345.30828857421875
2022-09-30,339.9686279296875
2022-10-03,348.9442138671875
2022-10-04,359.7568054199219
2022-10-05,358.9191589355469
2022-10-06,355.2166748046875
2022-10-07,345.30828857421875
2022-10-10,342.6718444824219
2022-10-11,340.5016784667969
2022-10-12,339.3785095214844
2022-10-13,348.3350524902344
2022-10-14,340.3968811035156
2022-10-17,349.14410400390625
2022-10-18,353.2464599609375
2022-10-19,350.7431640625
2022-10-20,347.8020935058594
2022-10-21,356.2541198730469
2022-10-24,360.6134338378906
2022-10-25,366.3719787597656
2022-10-26,363.6116943359375
2022-10-27,361.669921875
2022-10-28,370.2743225097656
2022-10-31,367.5997314453125
2022-11-01,365.9912109375
2022-11-02,356.80621337890625
2022-11-03,353.1322326660156
2022-11-04,358.2148742675781
2022-11-07,361.6414489746094
2022-11-08,363.5926513671875
2022-11-09,356.10186767578125
2022-11-10,375.67120361328125
2022-11-11,379.3070373535156
2022-11-14,376.0804443359375
2022-11-15,379.2880554199219
2022-11-16,376.3945007324219
2022-11-17,375.2427978515625
2022-11-18,376.94659423828125
2022-11-21,375.5759582519531
2022-11-22,380.6300354003906
2022-11-23,383.0286865234375
2022-11-25,382.9429626464844
2022-11-28,376.8323669433594
2022-11-29,376.1851501464844
2022-11-30,388.03521728515625
2022-12-01,387.7496643066406
2022-12-02,387.30230712890625
2022-12-05,380.33502197265625
2022-12-06,374.8525390625
2022-12-07,374.21490478515625
2022-12-08,377.1464538574219
2022-12-09,374.3290710449219
2022-12-12,379.72589111328125
2022-12-13,382.6003112792969
2022-12-14,380.1541442871094
2022-12-15,370.8550109863281
2022-12-16,366.4765930175781
2022-12-19,363.36895751953125
2022-12-20,363.8662414550781
2022-12-21,369.306884765625
2022-12-22,364.038330078125
2022-12-23,366.13238525390625
2022-12-27,364.68853759765625
2022-12-28,360.15618896484375
2022-12-29,366.63916015625
2022-12-30,365.67340087890625
2023-01-03,364.1339111328125
2023-01-04,366.9450988769531
2023-01-05,362.7570495605469
2023-01-06,371.0758972167969
2023-01-09,370.865478515625
2023-01-10,373.46630859375
2023-01-11,378.1898498535156
2023-01-12,379.5667419433594
2023-01-13,381.0392761230469
2023-01-17,380.34130859375
2023-01-18,374.3363952636719
2023-01-19,371.6112976074219
2023-01-20,378.5340881347656
2023-01-23,383.0759582519531
2023-01-24,382.6648254394531
2023-01-25,382.8082580566406
2023-01-26,387.0154113769531
2023-01-27,387.90460205078125
2023-01-30,383.0376892089844
2023-01-31,388.6696472167969
2023-02-01,392.8002624511719
2023-02-02,398.51837158203125
2023-02-03,394.2824401855469
2023-02-06,391.872802734375
2023-02-07,396.9979553222656
2023-02-08,392.6569519042969
2023-02-09,389.25286865234375
2023-02-10,390.1612548828125
2023-02-13,394.741455078125
2023-02-14,394.5597229003906
2023-02-15,395.8410949707031
2023-02-16,390.39080810546875
2023-02-17,389.41546630859375
2023-02-21,381.6034851074219
2023-02-22,381.0775146484375
2023-02-23,383.1046447753906
2023-02-24,379.0122375488281
2023-02-27,380.30303955078125
2023-02-28,378.8974304199219
2023-03-01,377.4439697265625
2023-03-02,380.3794860839844
2023-03-03,386.4800109863281
2023-03-06,386.74774169921875
2023-03-07,380.8193359375
2023-03-08,381.44085693359375
2023-03-09,374.4033508300781
2023-03-10,369.0010070800781
2023-03-13,368.47503662109375
2023-03-14,374.5659484863281
2023-03-15,372.2232360839844
2023-03-16,378.7539978027344
2023-03-17,374.3253479003906
2023-03-20,377.92474365234375
2023-03-21,382.88702392578125
2023-03-22,376.3601989746094
2023-03-23,377.3775939941406
2023-03-24,379.85400390625
2023-03-27,380.5643005371094
2023-03-28,379.7100524902344
2023-03-29,385.2290344238281
2023-03-30,387.4846496582031
2023-03-31,392.9461364746094
2023-04-03,394.4434509277344
2023-04-04,392.25506591796875
2023-04-05,391.2280578613281
2023-04-06,392.754150390625
2023-04-10,393.15728759765625
2023-04-11,393.26287841796875
2023-04-12,391.6599426269531
2023-04-13,396.8622741699219
2023-04-14,395.892822265625
2023-04-17,397.31341552734375
2023-04-18,397.5724792480469
2023-04-19,397.5052795410156
2023-04-20,395.3361511230469
2023-04-21,395.6432189941406
2023-04-24,396.0560302734375
2023-04-25,389.7690734863281
2023-04-26,388.1181335449219
2023-04-27,395.84478759765625
2023-04-28,399.2234191894531
2023-05-01,398.82025146484375
2023-05-02,394.337890625
2023-05-03,391.6311950683594
2023-05-04,388.85723876953125
2023-05-05,396.0560302734375
2023-05-08,396.1614990234375
2023-05-09,394.42425537109375
2023-05-10,396.26715087890625
2023-05-11,395.5760192871094
2023-05-12,395.0577392578125
2023-05-15,396.4207458496094
2023-05-16,393.7715759277344
2023-05-17,398.551513671875
2023-05-18,402.3908996582031
2023-05-19,401.8053283691406
2023-05-22,401.96856689453125
2023-05-23,397.45733642578125
2023-05-24,394.57781982421875
2023-05-25,397.9948425292969
2023-05-26,403.149169921875
2023-05-30,403.3027038574219
2023-05-31,401.06634521484375
2023-06-01,404.8768005371094
2023-06-02,410.7318115234375
2023-06-05,409.94476318359375
2023-06-06,410.83740234375
2023-06-07,409.4168395996094
2023-06-08,411.8932189941406
2023-06-09,412.63232421875
2023-06-12,416.3755798339844
2023-06-13,419.1207580566406
2023-06-14,419.6199035644531
2023-06-15,424.82220458984375
2023-06-16,423.3751525878906
2023-06-20,421.1786193847656
2023-06-21,419.02056884765625
2023-06-22,420.5331115722656
2023-06-23,417.3538818359375
2023-06-26,415.648681640625
2023-06-27,420.20562744140625
2023-06-28,420.4175109863281
2023-06-29,422.07452392578125
2023-06-30,427.0552978515625
2023-07-03,427.5466613769531
2023-07-05,426.9108581542969
2023-07-06,423.56787109375
2023-07-07,422.4984130859375
2023-07-10,423.56787109375
2023-07-11,426.26531982421875
2023-07-12,429.69500732421875
2023-07-13,433.1054992675781
2023-07-14,432.835693359375
2023-07-17,434.3386535644531
2023-07-18,437.5660095214844
2023-07-19,438.5390625
2023-07-20,435.6295471191406
2023-07-21,435.6295471191406
2023-07-24,437.57562255859375
2023-07-25,438.770263671875
2023-07-26,438.8377380371094
2023-07-27,435.92822265625
2023-07-28,440.1961669921875
2023-07-31,441.03424072265625
2023-08-01,439.77215576171875
2023-08-02,433.6546325683594
2023-08-03,432.4117736816406
2023-08-04,430.45611572265625
2023-08-07,434.21337890625
2023-08-08,432.3251647949219
2023-08-09,429.4349060058594
2023-08-10,429.5890808105469
2023-08-11,429.33856201171875
2023-08-14,431.7084655761719
2023-08-15,426.67962646484375
2023-08-16,423.548583984375
2023-08-17,420.3211364746094
2023-08-18,420.5234375
2023-08-21,423.25958251953125
2023-08-22,422.11309814453125
2023-08-23,426.814453125
2023-08-24,420.89923095703125
2023-08-25,423.866455078125
2023-08-28,426.5543518066406
2023-08-29,432.7201232910156
2023-08-30,434.5024108886719
2023-08-31,433.8665771484375
2023-09-01,434.67578125
2023-09-05,432.7971496582031
2023-09-06,429.8877258300781
2023-09-07,428.56787109375
2023-09-08,429.21331787109375
2023-09-11,432.0361328125
2023-09-12,429.6661682128906
2023-09-13,430.1671447753906
2023-09-14,433.876220703125
2023-09-15,428.6487121582031
2023-09-18,428.90008544921875
2023-09-19,428.0105895996094
2023-09-20,424.0757751464844
2023-09-21,417.06646728515625
2023-09-22,416.12872314453125
2023-09-25,417.87860107421875
2023-09-26,411.7394104003906
2023-09-27,411.9037780761719
2023-09-28,414.2917785644531
2023-09-29,413.28631591796875
2023-10-02,413.1219787597656
2023-10-03,407.5918884277344
2023-10-04,410.55999755859375
2023-10-05,410.4052429199219
2023-10-06,415.27789306640625
2023-10-09,417.9366149902344
2023-10-10,420.11187744140625
2023-10-11,421.8327941894531
2023-10-12,419.2611389160156
2023-10-13,417.1728515625
2023-10-16,421.5621032714844
2023-10-17,421.5427551269531
2023-10-18,415.9256896972656
2023-10-19,412.2711486816406
2023-10-20,407.2051086425781
2023-10-23,406.4993896484375
2023-10-24,409.5641174316406
2023-10-25,403.6860046386719
2023-10-26,398.8520202636719
2023-10-27,397.04412841796875
2023-10-30,401.7911376953125
2023-10-31,404.314453125
2023-11-01,408.6263122558594
2023-11-02,416.4573974609375
2023-11-03,420.2569274902344
2023-11-06,421.22369384765625
2023-11-07,422.42254638671875
2023-11-08,422.7319030761719
2023-11-09,419.4351501464844
2023-11-10,425.9803161621094
2023-11-13,425.5743408203125
2023-11-14,433.8307189941406
2023-11-15,434.74920654296875
2023-11-16,435.2809753417969
2023-11-17,435.8224182128906
2023-11-20,439.1771545410156
2023-11-21,438.219970703125
2023-11-22,439.9118347167969
2023-11-24,440.1825866699219
2023-11-27,439.3898620605469
2023-11-28,439.82489013671875
2023-11-29,439.5155029296875
2023-11-30,441.24609375
2023-12-01,443.8564758300781
2023-12-04,441.5264587402344
2023-12-05,441.439453125
2023-12-06,439.6605224609375
2023-12-07,443.0152893066406
2023-12-08,444.9199523925781
2023-12-11,446.65045166015625
2023-12-12,448.6903991699219
2023-12-13,454.8778991699219
2023-12-14,456.3377990722656
2023-12-15,455.5863952636719
2023-12-18,458.149169921875
2023-12-19,460.9350891113281
2023-12-20,454.5477600097656
2023-12-21,458.85772705078125
2023-12-22,459.7799377441406
2023-12-26,461.7213134765625
2023-12-27,462.55621337890625
2023-12-28,462.73089599609375
2023-12-29,461.39129638671875
2024-01-02,458.8092041015625
2024-01-03,455.0622253417969
2024-01-04,453.5964660644531
2024-01-05,454.2177429199219
2024-01-08,460.7021484375
2024-01-09,460.00323486328125
2024-01-10,462.6047058105469
2024-01-11,462.40087890625
2024-01-12,462.72119140625
2024-01-16,461.0224304199219
2024-01-17,458.45977783203125
2024-01-18,462.5367126464844
2024-01-19,468.3028259277344
2024-01-22,469.2929382324219
2024-01-23,470.66162109375
2024-01-24,471.1761474609375
2024-01-25,473.73876953125
2024-01-26,473.13702392578125
2024-01-29,476.8839111328125
2024-01-30,476.51507568359375
2024-01-31,468.73968505859375
2024-02-01,474.8746032714844
2024-02-02,479.873779296875
2024-02-05,478.12646484375
2024-02-06,479.5146484375
2024-02-07,483.5140380859375
2024-02-08,483.7275390625
2024-02-09,486.5231628417969
2024-02-12,486.3096008300781
2024-02-13,479.61163330078125
2024-02-14,483.97021484375
2024-02-15,487.3094482421875
2024-02-16,484.8827209472656
2024-02-20,482.2131652832031
2024-02-21,482.6500549316406
2024-02-22,492.63873291015625
2024-02-23,492.9783630371094
2024-02-26,491.1728820800781
2024-02-27,492.08538818359375
2024-02-28,491.43505859375
2024-02-29,493.2016906738281
2024-03-01,497.8320007324219
2024-03-04,497.298095703125
2024-03-05,492.32806396484375
2024-03-06,494.8227844238281
2024-03-07,499.734619140625
2024-03-08,496.7351379394531
2024-03-11,496.3079833984375
2024-03-12,501.6470031738281
2024-03-13,500.8606872558594
2024-03-14,499.8705749511719
2024-03-15,496.4382019042969
2024-03-18,499.38848876953125
2024-03-19,502.1636047363281
2024-03-20,506.80841064453125
2024-03-21,508.4832458496094
2024-03-22,507.5191955566406
2024-03-25,506.1170349121094
2024-03-26,505.1822509765625
2024-03-27,509.42779541015625
2024-03-28,509.3303527832031
2024-04-01,508.4443054199219
2024-04-02,505.2115478515625
2024-04-03,505.76641845703125
2024-04-04,499.59307861328125
2024-04-05,504.8121337890625
2024-04-08,505.09454345703125
2024-04-09,505.6788024902344
2024-04-10,500.6154479980469
2024-04-11,504.3935546875
2024-04-12,497.43133544921875
2024-04-15,491.1994934082031
2024-04-16,490.3036193847656
2024-04-17,487.4018859863281
2024-04-18,486.3989562988281
2024-04-19,482.1534729003906
2024-04-22,486.59368896484375
2024-04-23,492.3679504394531
2024-04-24,492.13421630859375
2024-04-25,490.2646484375
2024-04-26,494.9093933105469
2024-04-29,496.66204833984375
2024-04-30,488.7943420410156
2024-05-01,487.2071838378906
2024-05-02,491.76422119140625
2024-05-03,497.85980224609375
2024-05-06,503.0010986328125
2024-05-07,503.55609130859375
2024-05-08,503.604736328125
2024-05-09,506.5065612792969
2024-05-10,507.1590270996094
2024-05-13,507.2270202636719
2024-05-14,509.55426025390625
2024-05-15,515.8641357421875
2024-05-16,514.8026733398438
2024-05-17,515.5427856445312
2024-05-20,516.13671875
2024-05-21,517.402587890625
2024-05-22,515.9127807617188
2024-05-23,512.1444702148438
2024-05-24,515.532958984375
2024-05-28,515.8932495117188
2024-05-29,512.2808227539062
2024-05-30,508.8824768066406
2024-05-31,513.5173950195312
2024-06-03,513.9360961914062
2024-06-04,514.5107421875
2024-06-05,520.6256713867188
2024-06-06,520.615966796875
2024-06-07,519.9830322265625
2024-06-10,521.589599609375
2024-06-11,522.8458251953125
2024-06-12,527.139892578125
2024-06-13,528.2013549804688
2024-06-14,528.5226440429688
2024-06-17,532.7291870117188
2024-06-18,534.0825805664062
2024-06-20,532.6317138671875
2024-06-21,531.9177856445312
2024-06-24,530.1885986328125
2024-06-25,532.230224609375
2024-06-26,532.8945922851562
2024-06-27,533.7346801757812
2024-06-28,531.6343994140625
2024-07-01,532.728515625
2024-07-02,536.313720703125
2024-07-03,538.7069091796875
2024-07-05,541.8134155273438
2024-07-08,542.4385986328125
2024-07-09,542.9661254882812
2024-07-10,548.3389892578125
2024-07-11,543.61083984375
2024-07-12,547.0396728515625
2024-07-15,548.5440673828125
2024-07-16,551.7970581054688
2024-07-17,544.060302734375
2024-07-18,539.879150390625
2024-07-19,536.2941284179688
2024-07-22,541.8232421875
2024-07-23,540.973388671875
2024-07-24,528.7135620117188
2024-07-25,525.9586791992188
2024-07-26,531.8492431640625
2024-07-29,532.1619262695312
2024-07-30,529.4657592773438
2024-07-31,538.0720825195312
2024-08-01,530.452392578125
2024-08-02,520.576171875
2024-08-05,505.4150695800781
2024-08-06,510.07476806640625
2024-08-07,506.6654968261719
2024-08-08,518.3782348632812
2024-08-09,520.6640625
2024-08-12,520.937744140625
2024-08-13,529.5048217773438
2024-08-14,531.1752319335938
2024-08-15,540.27978515625
2024-08-16,541.4910278320312
2024-08-19,546.6683959960938
2024-08-20,545.779541015625
2024-08-21,547.6550903320312
2024-08-22,543.3568725585938
2024-08-23,549.1302490234375
2024-08-26,547.8211669921875
2024-08-27,548.5734252929688
2024-08-28,545.3887939453125
2024-08-29,545.4376220703125
2024-08-30,550.6443481445312
2024-09-03,539.3126831054688
2024-09-04,538.2088623046875
2024-09-05,536.8997802734375
2024-09-06,527.8635864257812
2024-09-09,533.7737426757812
2024-09-10,536.0987548828125
2024-09-11,541.5984497070312
2024-09-12,546.1605224609375
2024-09-13,549.012939453125
2024-09-16,549.82373046875
2024-09-17,550.0485229492188
2024-09-18,548.417236328125
2024-09-19,557.7755126953125
2024-09-20,556.8113403320312
2024-09-23,558.2027587890625
2024-09-24,559.7999877929688
2024-09-25,558.5653076171875
2024-09-26,560.77978515625
2024-09-27,559.9664306640625
2024-09-30,562.21044921875
2024-10-01,557.1738891601562
2024-10-02,557.4090576171875
2024-10-03,556.3900756835938
2024-10-04,561.4461059570312
2024-10-07,556.3704223632812
2024-10-08,561.6322631835938
2024-10-09,565.5223999023438
2024-10-10,564.53271484375
2024-10-11,567.913330078125
2024-10-14,572.557861328125
2024-10-15,568.1092529296875
2024-10-16,570.5785522460938
2024-10-17,570.6275024414062
2024-10-18,572.8223876953125
2024-10-21,571.8817138671875
2024-10-22,571.5779418945312
2024-10-23,566.3552856445312
2024-10-24,567.5801391601562
2024-10-25,567.3840942382812
2024-10-28,569.1381225585938
2024-10-29,570.0592041015625
2024-10-30,568.3346557617188
2024-10-31,557.1935424804688
2024-11-01,559.545166015625
2024-11-04,558.33984375
2024-11-05,565.0912475585938
2024-11-06,579.142578125
2024-11-07,583.6205444335938
2024-11-08,586.148681640625
2024-11-11,586.7072143554688
2024-11-12,584.884765625
2024-11-13,585.1688232421875
2024-11-14,581.4061279296875
2024-11-15,573.9591064453125
2024-11-18,576.3108520507812
2024-11-19,578.41748046875
2024-11-20,578.6134643554688
2024-11-21,581.7196044921875
2024-11-22,583.522705078125
2024-11-25,585.5018920898438
2024-11-26,588.5591430664062
2024-11-27,586.7758178710938
2024-11-29,590.4208984375
2024-12-02,591.4791870117188
2024-12-03,591.7534790039062
2024-12-04,595.427978515625
2024-12-05,594.4480590820312
2024-12-06,595.5750122070312
2024-12-09,592.5079345703125
2024-12-10,590.6658935546875
2024-12-11,595.2319946289062
2024-12-12,592.1650390625
2024-12-13,592.0474853515625
2024-12-16,594.5755004882812
2024-12-17,592.1258544921875
2024-12-18,574.4784545898438
2024-12-19,574.3019409179688
2024-12-20,581.2000122070312
2024-12-23,584.6803588867188
2024-12-24,591.1791381835938
2024-12-26,591.2184448242188
2024-12-27,584.9949340820312
2024-12-30,578.3192749023438
2024-12-31,576.2152709960938
2025-01-02,574.7994995117188
2025-01-03,581.9864501953125
2025-01-06,585.3390502929688
2025-01-07,578.7223510742188
2025-01-08,579.5679321289062
2025-01-10,570.7194213867188
2025-01-13,571.6041870117188
2025-01-14,572.3907470703125
2025-01-15,582.8025512695312
2025-01-16,581.6817016601562
2025-01-17,587.521728515625
2025-01-21,592.899658203125
2025-01-22,596.2326049804688
2025-01-23,599.48681640625
2025-01-24,597.73681640625
2025-01-27,589.2816162109375
2025-01-28,594.3448486328125
2025-01-29,591.6805419921875
2025-01-30,594.8561401367188
2025-01-31,591.6903076171875
2025-02-03,587.7085571289062
2025-02-04,591.6510620117188
2025-02-05,594.0499267578125
2025-02-06,596.1146240234375
2025-02-07,590.6580200195312
2025-02-10,594.6693725585938
2025-02-11,595.12158203125
2025-02-12,593.2044677734375
2025-02-13,599.4671630859375
2025-02-14,599.4376831054688
2025-02-18,601.197509765625
2025-02-19,602.6133422851562
2025-02-20,600.1062622070312
2025-02-21,589.842041015625
2025-02-24,587.1580200195312
2025-02-25,584.2379760742188
2025-02-26,584.5328369140625
2025-02-27,575.2025756835938
2025-02-28,584.178955078125
2025-03-03,573.9442138671875
2025-03-04,567.1505126953125
2025-03-05,573.2460327148438
2025-03-06,563.0702514648438
2025-03-07,566.2262573242188
2025-03-10,551.14453125
2025-03-11,546.5629272460938
2025-03-12,549.4633178710938
2025-03-13,542.1386108398438
2025-03-14,553.3369750976562
2025-03-17,557.6038818359375
2025-03-18,551.5770874023438
2025-03-19,557.584228515625
2025-03-20,555.9718627929688
2025-03-21,556.1552734375
2025-03-24,566.1151733398438
2025-03-25,567.4760131835938
2025-03-26,560.7013549804688
2025-03-27,559.2122192382812
2025-03-28,547.95068359375
2025-03-31,551.62890625
2025-04-01,553.1869506835938
2025-04-02,556.687744140625
2025-04-03,529.2537841796875
2025-04-04,498.26971435546875
2025-04-07,497.3821716308594
2025-04-08,489.591796875
2025-04-09,541.0083618164062
2025-04-10,517.3019409179688
2025-04-11,526.5321044921875
2025-04-14,531.6401977539062
2025-04-15,530.151123046875
2025-04-16,518.366943359375
2025-04-17,519.1065063476562
2025-04-21,506.7503662109375
2025-04-22,519.9348754882812
2025-04-23,527.991455078125
2025-04-24,539.1051635742188
2025-04-25,543.0003662109375
2025-04-28,543.2073974609375
2025-04-29,546.62939453125
2025-04-30,546.8462524414062
2025-05-01,550.7216796875
2025-05-02,558.8966674804688
2025-05-05,555.6917724609375
2025-05-06,551.0471801757812
2025-05-07,553.3645629882812
2025-05-08,557.2203369140625
2025-05-09,556.51025390625
2025-05-12,574.9014282226562
2025-05-13,578.6980590820312
2025-05-14,579.437744140625
2025-05-15,582.2678833007812
2025-05-16,585.9559936523438
2025-05-19,586.596923828125
2025-05-20,584.6246948242188
2025-05-21,574.7733154296875
2025-05-22,575.0001831054688
2025-05-23,571.0753173828125
2025-05-27,582.9483642578125
2025-05-28,579.5757446289062
2025-05-29,581.863525390625
2025-05-30,581.2127685546875
2025-06-02,584.4866943359375
2025-06-03,587.81982421875
2025-06-04,587.6619873046875
2025-06-05,584.8218994140625
2025-06-06,590.8275146484375
2025-06-09,591.3599243164062
2025-06-10,594.7128295898438
2025-06-11,593.0166015625
2025-06-12,595.37353515625
2025-06-13,588.7171020507812
2025-06-16,594.318359375
2025-06-17,589.23974609375
2025-06-18,589.1510009765625
2025-06-20,587.7673950195312
2025-06-23,593.572998046875
2025-06-24,600.1304321289062
2025-06-25,600.4666137695312
2025-06-26,605.1646118164062
2025-06-27,608.1713256835938
2025-06-30,611.0790405273438
2025-07-01,610.8812866210938
2025-07-02,613.6505737304688
2025-07-03,618.4869995117188
2025-07-07,613.8780517578125
2025-07-08,613.5418090820312
2025-07-09,617.2210083007812
2025-07-10,618.9617309570312
2025-07-11,616.7858276367188
2025-07-14,617.9627685546875
2025-07-15,615.3220825195312
2025-07-16,617.3792114257812
2025-07-17,621.1574096679688
2025-07-18,620.7024536132812
2025-07-21,621.87939453125
2025-07-22,621.9683227539062
2025-07-23,627.2598266601562
2025-07-24,627.4674682617188
2025-07-25,630.1181030273438
2025-07-28,629.9598388671875
2025-07-29,628.2982788085938
2025-07-30,627.507080078125
2025-07-31,625.1531372070312
2025-08-01,614.9066162109375
2025-08-04,624.2530517578125
2025-08-05,621.0880737304688
2025-08-06,625.8455200195312
2025-08-07,625.3212890625
2025-08-08,630.197265625
2025-08-11,628.9509887695312
2025-08-12,635.6468505859375
2025-08-13,637.82275390625
2025-08-14,637.8821411132812
2025-08-15,636.388671875
2025-08-18,636.2501220703125
2025-08-19,632.7984008789062
2025-08-20,631.1170654296875
2025-08-21,628.5850830078125
2025-08-22,638.2380981445312
2025-08-25,635.42919921875
2025-08-26,638.0897827148438
2025-08-27,639.5436401367188
2025-08-28,641.80859375
2025-08-29,637.98095703125
2025-09-02,633.2533569335938
2025-09-03,636.685302734375
2025-09-04,642.0064086914062
2025-09-05,640.1469116210938
2025-09-08,641.7196044921875
2025-09-09,643.203125
2025-09-10,645.0625610351562
2025-09-11,650.423095703125
2025-09-12,650.2054443359375
2025-09-15,653.6671142578125
2025-09-16,652.7671508789062
2025-09-17,651.9561767578125
2025-09-18,655.0023803710938
2025-09-19,658.2465209960938
2025-09-22,661.3607788085938
2025-09-23,657.7606201171875
2025-09-24,655.6678466796875
2025-09-25,652.6429443359375
2025-09-26,656.3820190429688
2025-09-29,658.2266845703125
2025-09-30,660.7061157226562
2025-10-01,662.9574584960938
2025-10-02,663.7210693359375
2025-10-03,663.7112426757812
2025-10-06,666.0914916992188
2025-10-07,663.6219482421875
2025-10-08,667.5791625976562
2025-10-09,665.6452026367188
2025-10-10,647.6542358398438
2025-10-13,657.5919189453125
2025-10-14,656.78857421875
2025-10-15,659.7044067382812
2025-10-16,655.2116088867188
2025-10-17,658.9308471679688
2025-10-20,665.7840576171875
2025-10-21,665.7741088867188
2025-10-22,662.3128051757812
2025-10-23,666.2402954101562
2025-10-24,671.6851806640625
2025-10-27,679.6094970703125
2025-10-28,681.41455078125
2025-10-29,681.7418823242188
2025-10-30,674.2440185546875
2025-10-31,676.45556640625
2025-11-03,677.7251586914062
2025-11-04,669.6917114257812
2025-11-05,672.012451171875
2025-11-06,664.8021850585938
2025-11-07,665.4567260742188
2025-11-10,675.8406982421875
2025-11-11,677.3878784179688
2025-11-12,677.7648315429688
2025-11-13,666.5180053710938
2025-11-14,666.4088745117188
2025-11-17,660.2003173828125
2025-11-18,654.65625
2025-11-19,657.185302734375
2025-11-20,647.1683349609375
2025-11-21,653.6149291992188
2025-11-24,663.235107421875
2025-11-25,669.4735107421875
2025-11-26,674.09521484375
2025-11-28,677.7747192382812
2025-12-01,674.6802978515625
2025-12-02,675.9300537109375
2025-12-03,678.2706298828125
2025-12-04,678.7664794921875
2025-12-05,680.0557861328125
2025-12-08,678.0127563476562
2025-12-09,677.4275512695312
2025-12-10,681.92041015625
2025-12-11,683.5072021484375
2025-12-12,676.1581420898438
2025-12-15,675.1365356445312
2025-12-16,673.2918701171875
2025-12-17,665.8832397460938
2025-12-18,670.9114990234375
2025-12-19,676.9923095703125
2025-12-22,681.2098999023438
2025-12-23,684.3233032226562
2025-12-24,686.7305297851562
2025-12-26,686.660888671875
2025-12-29,684.2138671875
2025-12-30,683.3783569335938
2025-12-31,678.3152465820312
2026-01-02,679.55859375
2026-01-05,684.0845336914062
2026-01-06,688.1529541015625
2026-01-07,685.9347534179688
2026-01-08,685.8651123046875
2026-01-09,690.4010009765625
2026-01-12,691.4852294921875
2026-01-13,690.1026000976562
2026-01-14,686.7106323242188
2026-01-15,688.5806884765625
2026-01-16,688.0037231445312
2026-01-20,673.9981689453125
2026-01-21,681.77685546875
2026-01-22,685.3379516601562
2026-01-23,685.5865478515625
2026-01-26,689.0680541992188
2026-01-27,691.8134765625
2026-01-28,691.7438354492188
2026-01-29,690.3711547851562
2026-01-30,688.3120727539062
2026-02-02,691.7339477539062
2026-02-03,685.885009765625
2026-02-04,682.5626831054688
2026-02-05,674.0379638671875
2026-02-06,686.96923828125
2026-02-09,690.2816772460938
2026-02-10,688.4613037109375
2026-02-11,688.3021850585938
2026-02-12,677.668701171875
2026-02-13,678.1461181640625
2026-02-17,679.2402954101562
2026-02-18,682.662109375
2026-02-19,680.8616333007812
2026-02-20,685.7855834960938
2026-02-23,678.7827758789062
2026-02-24,683.7164916992188
2026-02-25,689.4859008789062
2026-02-26,685.6561889648438
2026-02-27,682.3637084960938
2026-03-02,682.751708984375
2026-03-03,676.7337036132812
2026-03-04,681.5082397460938
2026-03-05,677.70849609375
2026-03-06,668.82568359375
2026-03-09,674.6845703125
2026-03-10,673.6002807617188
2026-03-11,672.7548217773438
2026-03-12,662.5390625
2026-03-13,658.7890014648438
2026-03-16,665.493408203125
2026-03-17,667.2440185546875
2026-03-18,657.9335327148438
2026-03-19,656.3121948242188
2026-03-20,646.9034423828125
2026-03-23,653.6959228515625
2026-03-24,651.5015869140625
2026-03-25,655.1322021484375
2026-03-26,643.432373046875
2026-03-27,632.4606323242188
2026-03-30,630.3460693359375
2026-03-31,648.6688842773438
2026-04-01,653.5562744140625
2026-04-02,654.144775390625
2026-04-06,657.23681640625
2026-04-07,657.5260009765625
2026-04-08,674.27294921875
2026-04-09,678.162841796875
2026-04-10,677.7140502929688
2026-04-13,684.3369750976562
2026-04-14,692.675537109375
2026-04-15,698.1414184570312
2026-04-16,699.8569946289062
2026-04-17,708.3152465820312
2026-04-20,706.8988037109375
2026-04-21,702.2708129882812
2026-04-22,709.3825073242188
2026-04-23,706.6295776367188
2026-04-24,712.10546875
2026-04-27,713.332275390625
2026-04-28,709.8612060546875
2026-04-29,709.7515258789062
2026-04-30,716.8132934570312
2026-05-01,718.7982177734375
2026-05-04,716.1649780273438
2026-05-05,721.9102172851562
2026-05-06,731.9443359375
2026-05-07,729.7001342773438
2026-05-08,735.724609375
2026-05-11,737.4002685546875
2026-05-12,736.2831420898438
2026-05-13,740.4025268554688
2026-05-14,746.2474975585938
2026-05-15,737.2706298828125
2026-05-18,736.751953125
2026-05-19,731.8446044921875
2026-05-20,739.3452758789062
2026-05-21,740.8114624023438
2026-05-22,743.7239990234375
2026-05-26,748.6613159179688
2026-05-27,748.5316162109375
2026-05-28,752.6609497070312
2026-05-29,754.5361328125
2026-06-01,756.5908203125
2026-06-02,757.6182250976562
2026-06-03,752.3018798828125
2026-06-04,755.1445922851562
2026-06-05,735.65478515625
2026-06-08,737.3204345703125
2026-06-09,735.1560668945312
2026-06-10,723.56591796875
2026-06-11,735.8642578125
2026-06-12,739.843994140625
2026-06-15,752.890380859375
2026-06-16,748.4019775390625
2026-06-17,739.0560302734375
2026-06-18,746.739990234375
2026-06-22,744.3900146484375
2026-06-23,733.5800170898438
2026-06-24,733.239990234375
2026-06-25,734.2999877929688
2026-06-26,728.989990234375
2026-06-29,741.0
2026-06-30,746.77001953125
2026-07-01,745.760009765625
2026-07-02,744.780029296875
2026-07-06,751.280029296875
2026-07-07,747.7100219726562
2026-07-08,745.4000244140625
2026-07-09,751.7100219726562
2026-07-10,754.9500122070312
2026-07-13,749.1699829101562
2026-07-14,751.8300170898438
2026-07-15,754.8099975585938
2026-07-16,750.719970703125
2026-07-17,743.2899780273438
2026-07-20,742.0900268554688
2026-07-21,748.280029296875
2026-07-22,747.4099731445312
2026-07-23,738.1799926757812
2026-07-27,739.1199951171875
