Date,Close
2011-01-03,96.67912292480469
2011-01-04,96.62588500976562
2011-01-05,97.12803649902344
2011-01-06,96.93782043457031
2011-01-07,96.74757385253906
2011-01-10,96.62588500976562
2011-01-11,96.96826934814453
2011-01-12,97.84336853027344
2011-01-13,97.68355560302734
2011-01-14,98.39124298095703
2011-01-18,98.55868530273438
2011-01-19,97.59223937988281
2011-01-20,97.462890625
2011-01-21,97.68355560302734
2011-01-24,98.23907470703125
2011-01-25,98.29232788085938
2011-01-26,98.67279815673828
2011-01-27,98.91632080078125
2011-01-28,97.18892669677734
2011-01-31,97.91946411132812
2011-02-01,99.48699188232422
2011-02-02,99.29678344726562
2011-02-03,99.5174560546875
2011-02-04,99.79901123046875
2011-02-07,100.42296600341797
2011-02-08,100.87957000732422
2011-02-09,100.65126037597656
2011-02-10,100.68933868408203
2011-02-11,101.29049682617188
2011-02-14,101.53402709960938
2011-02-15,101.21436309814453
2011-02-16,101.85359191894531
2011-02-17,102.15795135498047
2011-02-18,102.37103271484375
2011-02-22,100.31645202636719
2011-02-23,99.70005798339844
2011-02-24,99.63157653808594
2011-02-25,100.69695281982422
2011-02-28,101.32093048095703
2011-03-01,99.63157653808594
2011-03-02,99.84468078613281
2011-03-03,101.56443786621094
2011-03-04,100.80348205566406
2011-03-07,100.01203918457031
2011-03-08,100.8871841430664
2011-03-09,100.74259185791016
2011-03-10,98.87826538085938
2011-03-11,99.5631103515625
2011-03-14,98.96199035644531
2011-03-15,97.82817077636719
2011-03-16,96.01707458496094
2011-03-17,97.2878646850586
2011-03-18,97.6417236328125
2011-03-21,99.15496826171875
2011-03-22,98.81101989746094
2011-03-23,99.09378814697266
2011-03-24,100.04148864746094
2011-03-25,100.3471908569336
2011-03-28,100.10262298583984
2011-03-29,100.7751693725586
2011-03-30,101.47064208984375
2011-03-31,101.33306884765625
2011-04-01,101.76107025146484
2011-04-04,101.84512329101562
2011-04-05,101.82987213134766
2011-04-06,102.15082550048828
2011-04-07,101.8909912109375
2011-04-08,101.53943634033203
2011-04-11,101.23377990722656
2011-04-12,100.47709655761719
2011-04-13,100.46947479248047
2011-04-14,100.5459213256836
2011-04-15,100.91272735595703
2011-04-18,99.78165435791016
2011-04-19,100.3548355102539
2011-04-20,101.7228775024414
2011-04-21,102.2425765991211
2011-04-25,102.13558197021484
2011-04-26,103.01444244384766
2011-04-27,103.6870346069336
2011-04-28,104.0233154296875
2011-04-29,104.26781463623047
2011-05-02,104.10736846923828
2011-05-03,103.73287200927734
2011-05-04,103.04501342773438
2011-05-05,102.11260223388672
2011-05-06,102.56351470947266
2011-05-09,102.96094512939453
2011-05-10,103.83983612060547
2011-05-11,102.74696350097656
2011-05-12,103.23606872558594
2011-05-13,102.44120788574219
2011-05-16,101.79164123535156
2011-05-17,101.77635192871094
2011-05-18,102.68582153320312
2011-05-19,102.93038177490234
2011-05-20,102.11260223388672
2011-05-23,100.92804718017578
2011-05-24,100.84397888183594
2011-05-25,101.18023681640625
2011-05-26,101.64642333984375
2011-05-27,102.03617858886719
2011-05-31,103.09854125976562
2011-06-01,100.78276824951172
2011-06-02,100.67583465576172
2011-06-03,99.67465209960938
2011-06-06,98.61997985839844
2011-06-07,98.558837890625
2011-06-08,98.14613342285156
2011-06-09,98.89509582519531
2011-06-10,97.51946258544922
2011-06-13,97.59588623046875
2011-06-14,98.833984375
2011-06-15,97.07617950439453
2011-06-16,97.29015350341797
2011-06-17,97.58049774169922
2011-06-20,98.0797348022461
2011-06-21,99.423828125
2011-06-22,98.82473754882812
2011-06-23,98.54055786132812
2011-06-24,97.39615631103516
2011-06-27,98.26402282714844
2011-06-28,99.54669189453125
2011-06-29,100.39922332763672
2011-06-30,101.35926818847656
2011-07-01,102.85694885253906
2011-07-05,102.77250671386719
2011-07-06,102.89537811279297
2011-07-07,103.96296691894531
2011-07-08,103.22564697265625
2011-07-11,101.35926818847656
2011-07-12,100.92147827148438
2011-07-13,101.2594223022461
2011-07-14,100.56048583984375
2011-07-15,101.14423370361328
2011-07-18,100.31475067138672
2011-07-19,101.94298553466797
2011-07-20,101.88158416748047
2011-07-21,103.29474639892578
2011-07-22,103.36388397216797
2011-07-25,102.78785705566406
2011-07-26,102.40381622314453
2011-07-27,100.30705261230469
2011-07-28,100.01517486572266
2011-07-29,99.3316421508789
2011-08-01,98.90921020507812
2011-08-02,96.3823471069336
2011-08-03,96.90457916259766
2011-08-04,92.36546325683594
2011-08-05,92.22718048095703
2011-08-08,86.22105407714844
2011-08-09,90.23029327392578
2011-08-10,86.24409484863281
2011-08-11,90.11502838134766
2011-08-12,90.72181701660156
2011-08-15,92.64192962646484
2011-08-16,91.85084533691406
2011-08-17,91.91229248046875
2011-08-18,87.94915008544922
2011-08-19,86.51290893554688
2011-08-22,86.58204650878906
2011-08-23,89.43151092529297
2011-08-24,90.69108581542969
2011-08-25,89.30863952636719
2011-08-26,90.60663604736328
2011-08-29,93.21026611328125
2011-08-30,93.45604705810547
2011-08-31,93.87081146240234
2011-09-01,92.88773345947266
2011-09-02,90.5144271850586
2011-09-06,89.85392761230469
2011-09-07,92.38846588134766
2011-09-08,91.4284439086914
2011-09-09,89.03208923339844
2011-09-12,89.608154296875
2011-09-13,90.42994689941406
2011-09-14,91.68187713623047
2011-09-15,93.26404571533203
2011-09-16,93.81604766845703
2011-09-19,92.88188171386719
2011-09-20,92.77381896972656
2011-09-21,90.04087829589844
2011-09-22,87.13034057617188
2011-09-23,87.65531158447266
2011-09-26,89.73977661132812
2011-09-27,90.74339294433594
2011-09-28,88.89055633544922
2011-09-29,89.59306335449219
2011-09-30,87.35423278808594
2011-10-03,84.86830139160156
2011-10-04,86.72888946533203
2011-10-05,88.33472442626953
2011-10-06,89.93279266357422
2011-10-07,89.33061218261719
2011-10-10,92.31832122802734
2011-10-11,92.41096496582031
2011-10-12,93.22161102294922
2011-10-13,93.03630828857422
2011-10-14,94.62667846679688
2011-10-17,92.82015228271484
2011-10-18,94.6343765258789
2011-10-19,93.51497650146484
2011-10-20,93.92414855957031
2011-10-21,95.70750427246094
2011-10-24,96.88098907470703
2011-10-25,94.99722290039062
2011-10-26,95.96224975585938
2011-10-27,99.30513000488281
2011-10-28,99.28196716308594
2011-10-31,96.8886947631836
2011-11-01,94.1866226196289
2011-11-02,95.72293853759766
2011-11-03,97.46768951416016
2011-11-04,96.87322998046875
2011-11-07,97.47541809082031
2011-11-08,98.72610473632812
2011-11-09,95.08216094970703
2011-11-10,95.9776611328125
2011-11-11,97.78422546386719
2011-11-14,96.85780334472656
2011-11-15,97.33646392822266
2011-11-16,95.79241943359375
2011-11-17,94.27152252197266
2011-11-18,94.17118835449219
2011-11-21,92.380126953125
2011-11-22,92.01721954345703
2011-11-23,89.98681640625
2011-11-25,89.81694030761719
2011-11-28,92.4186782836914
2011-11-29,92.68118286132812
2011-11-30,96.49494171142578
2011-12-01,96.47952270507812
2011-12-02,96.39461517333984
2011-12-05,97.44452667236328
2011-12-06,97.47541809082031
2011-12-07,97.83830261230469
2011-12-08,95.6920394897461
2011-12-09,97.31330108642578
2011-12-12,95.89276885986328
2011-12-13,94.99722290039062
2011-12-14,93.98588562011719
2011-12-15,94.32557678222656
2011-12-16,94.4654541015625
2011-12-19,93.45542907714844
2011-12-20,96.28339385986328
2011-12-21,96.46987915039062
2011-12-22,97.32445526123047
2011-12-23,98.19463348388672
2011-12-27,98.2723159790039
2011-12-28,96.98262786865234
2011-12-29,97.98487091064453
2011-12-30,97.50318145751953
2012-01-03,99.05699920654297
2012-01-04,99.21240997314453
2012-01-05,99.4765396118164
2012-01-06,99.22016906738281
2012-01-09,99.46100616455078
2012-01-10,100.32339477539062
2012-01-11,100.37777709960938
2012-01-12,100.61863708496094
2012-01-13,100.09809112548828
2012-01-17,100.48653411865234
2012-01-18,101.59754180908203
2012-01-19,102.13361358642578
2012-01-20,102.5143051147461
2012-01-23,102.25017547607422
2012-01-24,102.13361358642578
2012-01-25,102.98820495605469
2012-01-26,102.45989990234375
2012-01-27,102.4133071899414
2012-01-30,102.06369018554688
2012-01-31,102.02484893798828
2012-02-01,102.91828918457031
2012-02-02,103.0814208984375
2012-02-03,104.5265121459961
2012-02-06,104.4565658569336
2012-02-07,104.72071838378906
2012-02-08,105.03153228759766
2012-02-09,105.1635971069336
2012-02-10,104.38664245605469
2012-02-13,105.1635971069336
2012-02-14,105.03153228759766
2012-02-15,104.54204559326172
2012-02-16,105.69964599609375
2012-02-17,105.9793472290039
2012-02-21,106.02593994140625
2012-02-22,105.68412017822266
2012-02-23,106.15027618408203
2012-02-24,106.38335418701172
2012-02-27,106.56204223632812
2012-02-28,106.87281799316406
2012-02-29,106.4532699584961
2012-03-01,107.00489807128906
2012-03-02,106.67857360839844
2012-03-05,106.24348449707031
2012-03-06,104.68965911865234
2012-03-07,105.41995239257812
2012-03-08,106.46878814697266
2012-03-09,106.8805923461914
2012-03-12,106.88833618164062
2012-03-13,108.81510162353516
2012-03-14,108.69857788085938
2012-03-15,109.32785034179688
2012-03-16,109.479248046875
2012-03-19,109.9084243774414
2012-03-20,109.58845520019531
2012-03-21,109.40901947021484
2012-03-22,108.62088775634766
2012-03-23,108.97203826904297
2012-03-26,110.50148010253906
2012-03-27,110.15812683105469
2012-03-28,109.61192321777344
2012-03-29,109.4246597290039
2012-03-30,109.87720489501953
2012-04-02,110.68093872070312
2012-04-03,110.22835540771484
2012-04-04,109.13590240478516
2012-04-05,109.081298828125
2012-04-09,107.85616302490234
2012-04-10,106.04578399658203
2012-04-11,106.90415954589844
2012-04-12,108.30096435546875
2012-04-13,107.0134048461914
2012-04-16,106.94316864013672
2012-04-17,108.52725982666016
2012-04-18,108.16050720214844
2012-04-19,107.46598052978516
2012-04-20,107.64550018310547
2012-04-23,106.74030303955078
2012-04-24,107.14610290527344
2012-04-25,108.61308288574219
2012-04-26,109.3700180053711
2012-04-27,109.54947662353516
2012-04-30,109.14368438720703
2012-05-01,109.82257080078125
2012-05-02,109.49488067626953
2012-05-03,108.65989685058594
2012-05-04,106.90415954589844
2012-05-07,106.98223114013672
2012-05-08,106.55301666259766
2012-05-09,105.92095184326172
2012-05-10,106.13948822021484
2012-05-11,105.81952667236328
2012-05-14,104.6490478515625
2012-05-15,104.0481948852539
2012-05-16,103.6502456665039
2012-05-17,102.1130142211914
2012-05-18,101.23906707763672
2012-05-21,102.97916412353516
2012-05-22,103.15863800048828
2012-05-23,103.21324157714844
2012-05-24,103.41616821289062
2012-05-25,103.08058166503906
2012-05-29,104.32910919189453
2012-05-30,102.81529235839844
2012-05-31,102.5890121459961
2012-06-01,100.00613403320312
2012-06-04,99.9593276977539
2012-06-05,100.71621704101562
2012-06-06,102.97916412353516
2012-06-07,103.04159545898438
2012-06-08,103.86096954345703
2012-06-11,102.54219818115234
2012-06-12,103.72046661376953
2012-06-13,103.05721282958984
2012-06-14,104.149658203125
2012-06-15,105.21481323242188
2012-06-18,105.41873931884766
2012-06-19,106.43842315673828
2012-06-20,106.26589965820312
2012-06-21,103.88137817382812
2012-06-22,104.68144226074219
2012-06-25,103.00289154052734
2012-06-26,103.52059173583984
2012-06-27,104.45394897460938
2012-06-28,104.1559066772461
2012-06-29,106.75215148925781
2012-07-02,107.0737533569336
2012-07-03,107.77967834472656
2012-07-05,107.29337310791016
2012-07-06,106.2737045288086
2012-07-09,106.1403579711914
2012-07-10,105.21481323242188
2012-07-11,105.2304916381836
2012-07-12,104.72063446044922
2012-07-13,106.47767639160156
2012-07-16,106.22665405273438
2012-07-17,106.9560775756836
2012-07-18,107.74835205078125
2012-07-19,108.03070831298828
2012-07-20,107.04238891601562
2012-07-23,105.9599838256836
2012-07-24,105.05009460449219
2012-07-25,105.07365417480469
2012-07-26,106.80705261230469
2012-07-27,108.77578735351562
2012-07-30,108.77578735351562
2012-07-31,108.0149917602539
2012-08-01,107.92083740234375
2012-08-02,107.17574310302734
2012-08-03,109.30136108398438
2012-08-06,109.51312255859375
2012-08-07,110.06221771240234
2012-08-08,110.19554138183594
2012-08-09,110.28965759277344
2012-08-10,110.47006225585938
2012-08-13,110.41512298583984
2012-08-14,110.43080139160156
2012-08-15,110.55634307861328
2012-08-16,111.3720703125
2012-08-17,111.5210952758789
2012-08-20,111.52897644042969
2012-08-21,111.19166564941406
2012-08-22,111.23876953125
2012-08-23,110.32889556884766
2012-08-24,110.99559020996094
2012-08-27,111.01912689208984
2012-08-28,110.90929412841797
2012-08-29,110.99559020996094
2012-08-30,110.19554138183594
2012-08-31,110.72105407714844
2012-09-04,110.61908721923828
2012-09-05,110.52497100830078
2012-09-06,112.7682113647461
2012-09-07,113.20752716064453
2012-09-10,112.56431579589844
2012-09-11,112.87805938720703
2012-09-12,113.25455474853516
2012-09-13,114.98014068603516
2012-09-14,115.49002838134766
2012-09-17,115.09780883789062
2012-09-18,115.00361633300781
2012-09-19,115.06642150878906
2012-09-20,115.07427978515625
2012-09-21,115.02616882324219
2012-09-24,114.85269165039062
2012-09-25,113.6304702758789
2012-09-26,112.99173736572266
2012-09-27,114.05625915527344
2012-09-28,113.5279541015625
2012-10-01,113.8276138305664
2012-10-02,113.94591522216797
2012-10-03,114.4111099243164
2012-10-04,115.231201171875
2012-10-05,115.23909759521484
2012-10-08,114.84484100341797
2012-10-09,113.70930480957031
2012-10-10,112.98384094238281
2012-10-11,113.04692840576172
2012-10-12,112.67631530761719
2012-10-15,113.61466979980469
2012-10-16,114.76597595214844
2012-10-17,115.28643035888672
2012-10-18,114.9867935180664
2012-10-19,113.07054901123047
2012-10-22,113.08637237548828
2012-10-23,111.51712036132812
2012-10-24,111.20170593261719
2012-10-25,111.52497100830078
2012-10-26,111.46194458007812
2012-10-31,111.46194458007812
2012-11-01,112.6290054321289
2012-11-02,111.62755584716797
2012-11-05,111.85621643066406
2012-11-06,112.73152923583984
2012-11-07,110.17658233642578
2012-11-08,108.85177612304688
2012-11-09,108.94644165039062
2012-11-12,109.03314971923828
2012-11-13,108.65470886230469
2012-11-14,107.1879653930664
2012-11-15,107.00660705566406
2012-11-16,107.53494262695312
2012-11-19,109.71136474609375
2012-11-20,109.7586441040039
2012-11-21,109.96370697021484
2012-11-23,111.46194458007812
2012-11-26,111.225341796875
2012-11-27,110.65760803222656
2012-11-28,111.54865264892578
2012-11-29,112.06910705566406
2012-11-30,112.09275817871094
2012-12-03,111.54077911376953
2012-12-04,111.38309478759766
2012-12-05,111.5802001953125
2012-12-06,111.95870971679688
2012-12-07,112.29781341552734
2012-12-10,112.34510803222656
2012-12-11,113.11001586914062
2012-12-12,113.16519927978516
2012-12-13,112.47129821777344
2012-12-14,112.05332946777344
2012-12-17,113.37020874023438
2012-12-18,114.63192749023438
2012-12-19,113.7802963256836
2012-12-20,114.43479919433594
2012-12-21,113.3960189819336
2012-12-24,113.04662322998047
2012-12-26,112.57014465332031
2012-12-27,112.41925811767578
2012-12-28,111.20418548583984
2012-12-31,113.09429168701172
2013-01-02,115.99285888671875
2013-01-03,115.73081970214844
2013-01-04,116.23907470703125
2013-01-07,115.92139434814453
2013-01-08,115.58789825439453
2013-01-09,115.88168334960938
2013-01-10,116.8028793334961
2013-01-11,116.79498291015625
2013-01-14,116.71556854248047
2013-01-15,116.79498291015625
2013-01-16,116.77911376953125
2013-01-17,117.53348541259766
2013-01-18,117.79563903808594
2013-01-22,118.43093872070312
2013-01-23,118.6214828491211
2013-01-24,118.65327453613281
2013-01-25,119.32037353515625
2013-01-28,119.17737579345703
2013-01-29,119.64595794677734
2013-01-30,119.17737579345703
2013-01-31,118.88361358642578
2013-02-01,120.10655975341797
2013-02-04,118.75653076171875
2013-02-05,119.95564270019531
2013-02-06,120.0430679321289
2013-02-07,119.8841781616211
2013-02-08,120.55127716064453
2013-02-11,120.52745819091797
2013-02-12,120.72603607177734
2013-02-13,120.82921600341797
2013-02-14,120.94042205810547
2013-02-15,120.79745483398438
2013-02-19,121.70278930664062
2013-02-20,120.18595123291016
2013-02-21,119.45533752441406
2013-02-22,120.62271118164062
2013-02-25,118.32767486572266
2013-02-26,119.13772583007812
2013-02-27,120.63865661621094
2013-02-28,120.40044403076172
2013-03-01,120.79745483398438
2013-03-04,121.44071197509766
2013-03-05,122.5286865234375
2013-03-06,122.69548034667969
2013-03-07,122.91779327392578
2013-03-08,123.44195556640625
2013-03-11,123.91050720214844
2013-03-12,123.63255310058594
2013-03-13,123.80728149414062
2013-03-14,124.46643829345703
2013-03-15,124.30207824707031
2013-03-18,123.61614227294922
2013-03-19,123.32896423339844
2013-03-20,124.19042205810547
2013-03-21,123.12952423095703
2013-03-22,124.11862182617188
2013-03-25,123.60015106201172
2013-03-26,124.58921813964844
2013-03-27,124.58921813964844
2013-03-28,124.97216796875
2013-04-01,124.47756958007812
2013-04-02,125.091796875
2013-04-03,123.82350158691406
2013-04-04,124.32600402832031
2013-04-05,123.76769256591797
2013-04-08,124.60523986816406
2013-04-09,125.03594207763672
2013-04-10,126.56748962402344
2013-04-11,126.98226928710938
2013-04-12,126.67120361328125
2013-04-15,123.73577880859375
2013-04-16,125.56246185302734
2013-04-17,123.72779846191406
2013-04-18,122.95401000976562
2013-04-19,124.02291107177734
2013-04-22,124.57329559326172
2013-04-23,125.85759735107422
2013-04-24,125.93734741210938
2013-04-25,126.44779968261719
2013-04-26,126.22450256347656
2013-04-29,127.07002258300781
2013-04-30,127.37313079833984
2013-05-01,126.25643157958984
2013-05-02,127.42900848388672
2013-05-03,128.7212371826172
2013-05-06,129.04832458496094
2013-05-07,129.70237731933594
2013-05-08,130.2926483154297
2013-05-09,129.92572021484375
2013-05-10,130.34849548339844
2013-05-13,130.45220947265625
2013-05-14,131.80030822753906
2013-05-15,132.5102081298828
2013-05-16,131.88803100585938
2013-05-17,133.164306640625
2013-05-20,133.15635681152344
2013-05-21,133.34774780273438
2013-05-22,132.358642578125
2013-05-23,131.97573852539062
2013-05-24,131.86412048339844
2013-05-28,132.65380859375
2013-05-29,131.79225158691406
2013-05-30,132.27890014648438
2013-05-31,130.38038635253906
2013-06-03,131.0983428955078
2013-06-04,130.46810913085938
2013-06-05,128.64141845703125
2013-06-06,129.80609130859375
2013-06-07,131.45729064941406
2013-06-10,131.45729064941406
2013-06-11,130.10122680664062
2013-06-12,129.02435302734375
2013-06-13,130.98663330078125
2013-06-14,130.1650390625
2013-06-17,131.17007446289062
2013-06-18,132.20706176757812
2013-06-19,130.38038635253906
2013-06-20,127.14982604980469
2013-06-21,127.55802154541016
2013-06-24,125.9461441040039
2013-06-25,127.15699768066406
2013-06-26,128.416015625
2013-06-27,129.16976928710938
2013-06-28,128.6405487060547
2013-07-01,129.39431762695312
2013-07-02,129.27403259277344
2013-07-03,129.3301239013672
2013-07-05,130.72547912597656
2013-07-08,131.47122192382812
2013-07-09,132.41748046875
2013-07-10,132.46560668945312
2013-07-11,134.26988220214844
2013-07-12,134.32598876953125
2013-07-15,134.8391876220703
2013-07-16,134.333984375
2013-07-17,134.67889404296875
2013-07-18,135.41648864746094
2013-07-19,135.65713500976562
2013-07-22,135.92178344726562
2013-07-23,135.6331329345703
2013-07-24,135.13592529296875
2013-07-25,135.46469116210938
2013-07-26,135.6090545654297
2013-07-29,135.19212341308594
2013-07-30,135.19212341308594
2013-07-31,135.28829956054688
2013-08-01,136.85202026367188
2013-08-02,137.0845489501953
2013-08-05,136.88409423828125
2013-08-06,136.10618591308594
2013-08-07,135.66514587402344
2013-08-08,136.16236877441406
2013-08-09,135.76939392089844
2013-08-12,135.6090545654297
2013-08-13,136.0099334716797
2013-08-14,135.3123321533203
2013-08-15,133.41983032226562
2013-08-16,132.9788055419922
2013-08-19,132.12881469726562
2013-08-20,132.77835083007812
2013-08-21,131.96035766601562
2013-08-22,133.16319274902344
2013-08-23,133.6123504638672
2013-08-26,133.11517333984375
2013-08-27,130.9740447998047
2013-08-28,131.4391632080078
2013-08-29,131.64772033691406
2013-08-30,131.2306671142578
2013-09-03,131.82406616210938
2013-09-04,132.91470336914062
2013-09-05,133.08302307128906
2013-09-06,133.14724731445312
2013-09-09,134.42221069335938
2013-09-10,135.41648864746094
2013-09-11,135.8416290283203
2013-09-12,135.48072814941406
2013-09-13,135.7854461669922
2013-09-16,136.5713348388672
2013-09-17,137.18077087402344
2013-09-18,138.7685089111328
2013-09-19,138.53594970703125
2013-09-20,137.56744384765625
2013-09-23,136.93075561523438
2013-09-24,136.6084747314453
2013-09-25,136.21363830566406
2013-09-26,136.73739624023438
2013-09-27,136.10887145996094
2013-09-30,135.38363647460938
2013-10-01,136.45538330078125
2013-10-02,136.3264617919922
2013-10-03,135.06935119628906
2013-10-04,136.09278869628906
2013-10-07,134.9163055419922
2013-10-08,133.34498596191406
2013-10-09,133.44168090820312
2013-10-10,136.318359375
2013-10-11,137.19671630859375
2013-10-14,137.7447052001953
2013-10-15,136.74554443359375
2013-10-16,138.65525817871094
2013-10-17,139.58187866210938
2013-10-18,140.5247344970703
2013-10-21,140.53274536132812
2013-10-22,141.3466033935547
2013-10-23,140.6697540283203
2013-10-24,141.13710021972656
2013-10-25,141.7816925048828
2013-10-28,142.0073699951172
2013-10-29,142.7648468017578
2013-10-30,142.0557098388672
2013-10-31,141.65286254882812
2013-11-01,141.9912567138672
2013-11-04,142.49085998535156
2013-11-05,142.03961181640625
2013-11-06,142.7648468017578
2013-11-07,140.95985412597656
2013-11-08,142.86155700683594
2013-11-11,142.88568115234375
2013-11-12,142.59556579589844
2013-11-13,143.7399444580078
2013-11-14,144.45703125
2013-11-15,145.0855712890625
2013-11-18,144.57789611816406
2013-11-19,144.26361083984375
2013-11-20,143.81240844726562
2013-11-21,144.97276306152344
2013-11-22,145.69801330566406
2013-11-25,145.5529327392578
2013-11-26,145.5932159423828
2013-11-27,145.94778442382812
2013-11-29,145.85101318359375
2013-12-02,145.47230529785156
2013-12-03,144.84381103515625
2013-12-04,144.82769775390625
2013-12-05,144.1911163330078
2013-12-06,145.80274963378906
2013-12-09,146.1734161376953
2013-12-10,145.64962768554688
2013-12-11,144.01382446289062
2013-12-12,143.5384521484375
2013-12-13,143.52230834960938
2013-12-16,144.4167938232422
2013-12-17,143.95742797851562
2013-12-18,146.4151153564453
2013-12-19,146.24595642089844
2013-12-20,147.09661865234375
2013-12-23,147.8825225830078
2013-12-24,148.20657348632812
2013-12-26,148.9600830078125
2013-12-27,148.95191955566406
2013-12-30,148.92759704589844
2013-12-31,149.6325225830078
2014-01-02,148.19847106933594
2014-01-03,148.1741485595703
2014-01-06,147.74476623535156
2014-01-07,148.65219116210938
2014-01-08,148.6846160888672
2014-01-09,148.78175354003906
2014-01-10,149.18687438964844
2014-01-13,147.20193481445312
2014-01-14,148.8061065673828
2014-01-15,149.6082000732422
2014-01-16,149.4137420654297
2014-01-17,148.78175354003906
2014-01-21,149.2193145751953
2014-01-22,149.31651306152344
2014-01-23,148.0930938720703
2014-01-24,144.93344116210938
2014-01-27,144.22048950195312
2014-01-28,145.07928466796875
2014-01-29,143.68572998046875
2014-01-30,145.20887756347656
2014-01-31,144.35821533203125
2014-02-03,141.109375
2014-02-04,142.09780883789062
2014-02-05,141.91957092285156
2014-02-06,143.79104614257812
2014-02-07,145.57347106933594
2014-02-10,145.8408660888672
2014-02-11,147.4369354248047
2014-02-12,147.5098419189453
2014-02-13,148.2713623046875
2014-02-14,149.0896759033203
2014-02-18,149.26792907714844
2014-02-19,148.27952575683594
2014-02-20,149.15452575683594
2014-02-21,148.98434448242188
2014-02-24,149.8107147216797
2014-02-25,149.75401306152344
2014-02-26,149.76214599609375
2014-02-27,150.54798889160156
2014-02-28,150.9287872314453
2014-03-03,149.86741638183594
2014-03-04,151.9739227294922
2014-03-05,152.11167907714844
2014-03-06,152.4600372314453
2014-03-07,152.52487182617188
2014-03-10,152.44386291503906
2014-03-11,151.69033813476562
2014-03-12,151.7308807373047
2014-03-13,150.02944946289062
2014-03-14,149.6082000732422
2014-03-17,150.96121215820312
2014-03-18,152.0387725830078
2014-03-19,151.22857666015625
2014-03-20,152.11167907714844
2014-03-21,151.5216522216797
2014-03-24,150.89508056640625
2014-03-25,151.61119079589844
2014-03-26,150.52073669433594
2014-03-27,150.20343017578125
2014-03-28,150.94398498535156
2014-03-31,152.18081665039062
2014-04-01,153.1898651123047
2014-04-02,153.7025146484375
2014-04-03,153.4990997314453
2014-04-04,151.68435668945312
2014-04-07,150.008056640625
2014-04-08,150.6265106201172
2014-04-09,152.24591064453125
2014-04-10,149.0478515625
2014-04-11,147.70518493652344
2014-04-14,148.8688507080078
2014-04-15,149.8941650390625
2014-04-16,151.4647216796875
2014-04-17,151.67628479003906
2014-04-21,152.20523071289062
2014-04-22,152.8969268798828
2014-04-23,152.5388641357422
2014-04-24,152.84811401367188
2014-04-25,151.59494018554688
2014-04-28,152.0749969482422
2014-04-29,152.7830352783203
2014-04-30,153.23870849609375
2014-05-01,153.25497436523438
2014-05-02,153.03526306152344
2014-05-05,153.32823181152344
2014-05-06,151.99363708496094
2014-05-07,152.88882446289062
2014-05-08,152.72601318359375
2014-05-09,152.953857421875
2014-05-12,154.44308471679688
2014-05-13,154.5814208984375
2014-05-14,153.8490447998047
2014-05-15,152.49815368652344
2014-05-16,153.02713012695312
2014-05-19,153.58863830566406
2014-05-20,152.6202392578125
2014-05-21,153.90603637695312
2014-05-22,154.2802734375
2014-05-23,154.8987579345703
2014-05-27,155.8509063720703
2014-05-28,155.73687744140625
2014-05-29,156.5425567626953
2014-05-30,156.79481506347656
2014-06-02,156.97384643554688
2014-06-03,156.89247131347656
2014-06-04,157.20980834960938
2014-06-05,158.23516845703125
2014-06-06,158.99192810058594
2014-06-09,159.15472412109375
2014-06-10,159.17100524902344
2014-06-11,158.6176300048828
2014-06-12,157.49462890625
2014-06-13,157.97476196289062
2014-06-16,158.10499572753906
2014-06-17,158.54440307617188
2014-06-18,159.70811462402344
2014-06-19,159.88706970214844
2014-06-20,160.21170043945312
2014-06-23,160.16259765625
2014-06-24,159.1977996826172
2014-06-25,159.9173583984375
2014-06-26,159.80287170410156
2014-06-27,160.1136016845703
2014-06-30,160.03189086914062
2014-07-01,161.10296630859375
2014-07-02,161.26644897460938
2014-07-03,162.05960083007812
2014-07-07,161.49546813964844
2014-07-08,160.45703125
2014-07-09,161.17654418945312
2014-07-10,160.5387725830078
2014-07-11,160.75953674316406
2014-07-14,161.56903076171875
2014-07-15,161.26644897460938
2014-07-16,161.8633575439453
2014-07-17,160.02366638183594
2014-07-18,161.65899658203125
2014-07-21,161.35641479492188
2014-07-22,162.05960083007812
2014-07-23,162.41941833496094
2014-07-24,162.4275360107422
2014-07-25,161.66717529296875
2014-07-28,161.7324981689453
2014-07-29,161.0375213623047
2014-07-30,161.06207275390625
2014-07-31,157.8813934326172
2014-08-01,157.39892578125
2014-08-04,158.5355224609375
2014-08-05,156.99835205078125
2014-08-06,157.0474090576172
2014-08-07,156.197021484375
2014-08-08,158.00401306152344
2014-08-11,158.4619140625
2014-08-12,158.24110412597656
2014-08-13,159.3123321533203
2014-08-14,160.06455993652344
2014-08-15,160.03189086914062
2014-08-18,161.37278747558594
2014-08-19,162.21498107910156
2014-08-20,162.64834594726562
2014-08-21,163.12257385253906
2014-08-22,162.8690948486328
2014-08-25,163.69496154785156
2014-08-26,163.80125427246094
2014-08-27,163.73585510253906
2014-08-28,163.6459197998047
2014-08-29,164.1119384765625
2014-09-02,164.0301513671875
2014-09-03,163.94024658203125
2014-09-04,163.7030792236328
2014-09-05,164.43898010253906
2014-09-08,164.01380920410156
2014-09-09,162.9753875732422
2014-09-10,163.58863830566406
2014-09-11,163.77671813964844
2014-09-12,162.82003784179688
2014-09-15,162.6973876953125
2014-09-16,163.923828125
2014-09-17,164.14466857910156
2014-09-18,165.01953125
2014-09-19,164.870849609375
2014-09-22,163.59754943847656
2014-09-23,162.66104125976562
2014-09-24,163.9343719482422
2014-09-25,161.28916931152344
2014-09-26,162.5707550048828
2014-09-29,162.2749786376953
2014-09-30,161.84780883789062
2014-10-01,159.65444946289062
2014-10-02,159.67910766601562
2014-10-03,161.4370574951172
2014-10-06,161.24813842773438
2014-10-07,158.759033203125
2014-10-08,161.53561401367188
2014-10-09,158.33189392089844
2014-10-10,156.52459716796875
2014-10-13,153.95343017578125
2014-10-14,154.19161987304688
2014-10-15,153.1483154296875
2014-10-16,153.01690673828125
2014-10-17,154.8241729736328
2014-10-20,156.32748413085938
2014-10-21,159.42442321777344
2014-10-22,158.29080200195312
2014-10-23,160.13087463378906
2014-10-24,161.36305236816406
2014-10-27,161.14137268066406
2014-10-28,162.98963928222656
2014-10-29,162.74325561523438
2014-10-30,163.78646850585938
2014-10-31,165.65948486328125
2014-11-03,165.7498016357422
2014-11-04,165.17477416992188
2014-11-05,166.21804809570312
2014-11-06,166.8834686279297
2014-11-07,167.03953552246094
2014-11-10,167.56529235839844
2014-11-11,167.7296142578125
2014-11-12,167.5488739013672
2014-11-13,167.73779296875
2014-11-14,167.7789306640625
2014-11-17,167.88568115234375
2014-11-18,168.85501098632812
2014-11-19,168.58392333984375
2014-11-20,168.8796844482422
2014-11-21,169.7832794189453
2014-11-24,170.25975036621094
2014-11-25,170.1365509033203
2014-11-26,170.5719451904297
2014-11-28,170.2104949951172
2014-12-01,169.0275115966797
2014-12-02,170.12010192871094
2014-12-03,170.7772674560547
2014-12-04,170.58831787109375
2014-12-05,170.8676300048828
2014-12-08,169.7257843017578
2014-12-09,169.6107635498047
2014-12-10,166.89170837402344
2014-12-11,167.73779296875
2014-12-12,165.0269012451172
2014-12-15,163.89332580566406
2014-12-16,162.5789337158203
2014-12-17,165.76629638671875
2014-12-18,169.8654327392578
2014-12-19,170.5882110595703
2014-12-22,171.37294006347656
2014-12-23,171.60423278808594
2014-12-24,171.62069702148438
2014-12-26,172.17410278320312
2014-12-29,172.40542602539062
2014-12-30,171.48033142089844
2014-12-31,169.77874755859375
2015-01-02,169.6878204345703
2015-01-05,166.6233673095703
2015-01-06,165.05389404296875
2015-01-07,167.11068725585938
2015-01-08,170.07611083984375
2015-01-09,168.7131805419922
2015-01-12,167.39151000976562
2015-01-13,166.9207000732422
2015-01-14,165.9130096435547
2015-01-15,164.39312744140625
2015-01-16,166.54901123046875
2015-01-20,166.90415954589844
2015-01-21,167.74673461914062
2015-01-22,170.24127197265625
2015-01-23,169.30789184570312
2015-01-26,169.7043914794922
2015-01-27,167.4658660888672
2015-01-28,165.31826782226562
2015-01-29,166.84634399414062
2015-01-30,164.74832153320312
2015-02-02,166.78857421875
2015-02-03,169.20054626464844
2015-02-04,168.5561981201172
2015-02-05,170.25782775878906
2015-02-06,169.78695678710938
2015-02-09,169.0270233154297
2015-02-10,170.82774353027344
2015-02-11,170.92686462402344
2015-02-12,172.57061767578125
2015-02-13,173.28102111816406
2015-02-17,173.5535430908203
2015-02-18,173.57009887695312
2015-02-19,173.44625854492188
2015-02-20,174.48699951171875
2015-02-23,174.46217346191406
2015-02-24,174.95779418945312
2015-02-25,174.80909729003906
2015-02-26,174.60267639160156
2015-02-27,174.0078887939453
2015-03-02,175.1064910888672
2015-03-03,174.38783264160156
2015-03-04,173.6527099609375
2015-03-05,173.84271240234375
2015-03-06,171.39773559570312
2015-03-09,172.1080780029297
2015-03-10,169.3161163330078
2015-03-11,168.9196319580078
2015-03-12,171.06729125976562
2015-03-13,170.0182647705078
2015-03-16,172.28977966308594
2015-03-17,171.77764892578125
2015-03-18,173.84271240234375
2015-03-19,173.04969787597656
2015-03-20,174.57720947265625
2015-03-23,174.23704528808594
2015-03-24,173.2579345703125
2015-03-25,170.7191162109375
2015-03-26,170.31256103515625
2015-03-27,170.70249938964844
2015-03-30,172.78501892089844
2015-03-31,171.27496337890625
2015-04-01,170.66932678222656
2015-04-02,171.2832794189453
2015-04-06,172.4365997314453
2015-04-07,171.98025512695312
2015-04-08,172.56103515625
2015-04-09,173.3243408203125
2015-04-10,174.27020263671875
2015-04-13,173.4820098876953
2015-04-14,173.8138885498047
2015-04-15,174.5937957763672
2015-04-16,174.54400634765625
2015-04-17,172.53611755371094
2015-04-20,174.1125946044922
2015-04-21,173.9051513671875
2015-04-22,174.75975036621094
2015-04-23,175.19947814941406
2015-04-24,175.6060333251953
2015-04-27,174.87591552734375
2015-04-28,175.4318084716797
2015-04-29,174.70994567871094
2015-04-30,172.95932006835938
2015-05-01,174.8343963623047
2015-05-04,175.33226013183594
2015-05-05,173.3243408203125
2015-05-06,172.6107940673828
2015-05-07,173.2994842529297
2015-05-08,175.58114624023438
2015-05-11,174.74317932128906
2015-05-12,174.220458984375
2015-05-13,174.25364685058594
2015-05-14,176.0707244873047
2015-05-15,176.2615203857422
2015-05-18,176.80911254882812
2015-05-19,176.75100708007812
2015-05-20,176.6265411376953
2015-05-21,177.1409912109375
2015-05-22,176.71778869628906
2015-05-26,174.8177947998047
2015-05-27,176.4771728515625
2015-05-28,176.27810668945312
2015-05-29,175.18289184570312
2015-06-01,175.53964233398438
2015-06-02,175.36541748046875
2015-06-03,175.83004760742188
2015-06-04,174.3448944091797
2015-06-05,174.0461883544922
2015-06-08,172.97586059570312
2015-06-09,172.95101928710938
2015-06-10,175.0252685546875
2015-06-11,175.58941650390625
2015-06-12,174.2453155517578
2015-06-15,173.49855041503906
2015-06-16,174.4444580078125
2015-06-17,174.7265167236328
2015-06-18,176.5436248779297
2015-06-19,175.75987243652344
2015-06-22,176.66030883789062
2015-06-23,176.78536987304688
2015-06-24,175.5014190673828
2015-06-25,174.9678192138672
2015-06-26,174.93455505371094
2015-06-29,171.26608276367188
2015-06-30,171.62457275390625
2015-07-01,173.00021362304688
2015-07-02,172.84182739257812
2015-07-06,172.34991455078125
2015-07-07,173.43373107910156
2015-07-08,170.5240020751953
2015-07-09,170.83245849609375
2015-07-10,172.98353576660156
2015-07-13,174.89279174804688
2015-07-14,175.6515350341797
2015-07-15,175.5931396484375
2015-07-16,177.00213623046875
2015-07-17,177.15219116210938
2015-07-20,177.2439422607422
2015-07-21,176.54360961914062
2015-07-22,176.2267303466797
2015-07-23,175.23463439941406
2015-07-24,173.41705322265625
2015-07-27,172.40826416015625
2015-07-28,174.5259552001953
2015-07-29,175.72654724121094
2015-07-30,175.76815795898438
2015-07-31,175.5014190673828
2015-08-03,174.9094696044922
2015-08-04,174.5675811767578
2015-08-05,175.1429443359375
2015-08-06,173.7089080810547
2015-08-07,173.37535095214844
2015-08-10,175.55984497070312
2015-08-11,173.9756622314453
2015-08-12,174.18409729003906
2015-08-13,173.96737670898438
2015-08-14,174.60098266601562
2015-08-17,175.57650756835938
2015-08-18,175.06785583496094
2015-08-19,173.68382263183594
2015-08-20,170.05712890625
2015-08-21,164.93800354003906
2015-08-24,157.9929656982422
2015-08-25,156.13369750976562
2015-08-26,162.12832641601562
2015-08-27,166.13856506347656
2015-08-28,166.14686584472656
2015-08-31,164.8045654296875
2015-09-01,159.88551330566406
2015-09-02,162.9203643798828
2015-09-03,163.0370635986328
2015-09-04,160.56924438476562
2015-09-08,164.60446166992188
2015-09-09,162.4033966064453
2015-09-10,163.28720092773438
2015-09-11,164.02923583984375
2015-09-14,163.4206085205078
2015-09-15,165.46327209472656
2015-09-16,166.8972625732422
2015-09-17,166.5220947265625
2015-09-18,163.8008575439453
2015-09-21,164.64732360839844
2015-09-22,162.51025390625
2015-09-23,162.25047302246094
2015-09-24,161.66375732421875
2015-09-25,161.62188720703125
2015-09-28,157.565673828125
2015-09-29,157.65780639648438
2015-09-30,160.59939575195312
2015-10-01,161.01846313476562
2015-10-02,163.42373657226562
2015-10-05,166.33187866210938
2015-10-06,165.76197814941406
2015-10-07,167.11959838867188
2015-10-08,168.62820434570312
2015-10-09,168.7287139892578
2015-10-12,168.88800048828125
2015-10-13,167.82357788085938
2015-10-14,167.01905822753906
2015-10-15,169.58352661132812
2015-10-16,170.35458374023438
2015-10-19,170.43836975097656
2015-10-20,170.22044372558594
2015-10-21,169.1645050048828
2015-10-22,172.02230834960938
2015-10-23,173.90797424316406
2015-10-26,173.48056030273438
2015-10-27,173.14535522460938
2015-10-28,175.1148223876953
2015-10-29,175.01426696777344
2015-10-30,174.260009765625
2015-11-02,176.32164001464844
2015-11-03,176.8328857421875
2015-11-04,176.2965087890625
2015-11-05,176.12049865722656
2015-11-06,176.0282745361328
2015-11-09,174.3856964111328
2015-11-10,174.7879638671875
2015-11-11,174.1007080078125
2015-11-12,171.67031860351562
2015-11-13,169.74273681640625
2015-11-16,172.3240203857422
2015-11-17,172.19834899902344
2015-11-18,174.93038940429688
2015-11-19,174.7795867919922
2015-11-20,175.41650390625
2015-11-23,175.21534729003906
2015-11-24,175.45004272460938
2015-11-25,175.42495727539062
2015-11-27,175.62606811523438
2015-11-30,174.89695739746094
2015-12-01,176.56468200683594
2015-12-02,174.76280212402344
2015-12-03,172.315673828125
2015-12-04,175.67633056640625
2015-12-07,174.6119842529297
2015-12-08,173.43870544433594
2015-12-09,172.08938598632812
2015-12-10,172.5335693359375
2015-12-11,169.18968200683594
2015-12-14,170.0445098876953
2015-12-15,171.82957458496094
2015-12-16,174.34376525878906
2015-12-17,171.6871337890625
2015-12-18,168.62852478027344
2015-12-21,170.01959228515625
2015-12-22,171.56234741210938
2015-12-23,173.68679809570312
2015-12-24,173.4001922607422
2015-12-28,173.0039825439453
2015-12-29,174.85032653808594
2015-12-30,173.6109619140625
2015-12-31,171.87425231933594
2016-01-04,169.4715576171875
2016-01-05,169.7581787109375
2016-01-06,167.61685180664062
2016-01-07,163.5954132080078
2016-01-08,161.79971313476562
2016-01-11,161.95993041992188
2016-01-12,163.26663208007812
2016-01-13,159.1946563720703
2016-01-14,161.80812072753906
2016-01-15,158.33473205566406
2016-01-19,158.54551696777344
2016-01-20,156.51370239257812
2016-01-21,157.3905029296875
2016-01-22,160.6194610595703
2016-01-25,158.19139099121094
2016-01-26,160.34963989257812
2016-01-27,158.60452270507812
2016-01-28,159.4307403564453
2016-01-29,163.31715393066406
2016-02-01,163.25819396972656
2016-02-02,160.31591796875
2016-02-03,161.27706909179688
2016-02-04,161.5299835205078
2016-02-05,158.45277404785156
2016-02-08,156.31983947753906
2016-02-09,156.3282470703125
2016-02-10,156.19332885742188
2016-02-11,154.16160583496094
2016-02-12,157.3399658203125
2016-02-16,159.99557495117188
2016-02-17,162.6090545654297
2016-02-18,161.94308471679688
2016-02-19,161.86712646484375
2016-02-22,164.21083068847656
2016-02-23,162.13697814941406
2016-02-24,162.8788299560547
2016-02-25,164.85157775878906
2016-02-26,164.4722137451172
2016-02-29,163.18235778808594
2016-03-01,167.0182647705078
2016-03-02,167.7685546875
2016-03-03,168.42616271972656
2016-03-04,168.97412109375
2016-03-07,169.10906982421875
2016-03-08,167.26280212402344
2016-03-09,168.0889434814453
2016-03-10,168.22381591796875
2016-03-11,170.93849182128906
2016-03-14,170.71925354003906
2016-03-15,170.4410858154297
2016-03-16,171.4274444580078
2016-03-17,172.51498413085938
2016-03-18,173.19293212890625
2016-03-21,173.43865966796875
2016-03-22,173.3454132080078
2016-03-23,172.20144653320312
2016-03-24,172.12515258789062
2016-03-28,172.22691345214844
2016-03-29,173.8199920654297
2016-03-30,174.58261108398438
2016-03-31,174.158935546875
2016-04-01,175.34539794921875
2016-04-04,174.77757263183594
2016-04-05,173.03196716308594
2016-04-06,174.92156982421875
2016-04-07,172.82852172851562
2016-04-08,173.2946014404297
2016-04-11,172.88787841796875
2016-04-12,174.49794006347656
2016-04-13,176.260498046875
2016-04-14,176.2689971923828
2016-04-15,176.07411193847656
2016-04-18,177.3113250732422
2016-04-19,177.87059020996094
2016-04-20,178.0401153564453
2016-04-21,177.08250427246094
2016-04-22,177.08250427246094
2016-04-25,176.7774658203125
2016-04-26,177.04013061523438
2016-04-27,177.40451049804688
2016-04-28,175.79444885253906
2016-04-29,174.8453826904297
2016-05-02,176.23507690429688
2016-05-03,174.70127868652344
2016-05-04,173.7267303466797
2016-05-05,173.69287109375
2016-05-06,174.3284149169922
2016-05-09,174.47247314453125
2016-05-10,176.641845703125
2016-05-11,174.98941040039062
2016-05-12,175.04022216796875
2016-05-13,173.51492309570312
2016-05-16,175.22666931152344
2016-05-17,173.59121704101562
2016-05-18,173.64202880859375
2016-05-19,173.04037475585938
2016-05-20,174.133544921875
2016-05-23,173.89627075195312
2016-05-24,176.1503448486328
2016-05-25,177.34524536132812
2016-05-26,177.39608764648438
2016-05-27,178.1587371826172
2016-05-31,177.81971740722656
2016-06-01,178.18418884277344
2016-06-02,178.7264862060547
2016-06-03,178.1925811767578
2016-06-06,179.09934997558594
2016-06-07,179.3789825439453
2016-06-08,179.96368408203125
2016-06-09,179.71792602539062
2016-06-10,178.01467895507812
2016-06-13,176.641845703125
2016-06-14,176.29443359375
2016-06-15,176.0486602783203
2016-06-16,176.57403564453125
2016-06-17,175.9164276123047
2016-06-20,177.04934692382812
2016-06-21,177.55191040039062
2016-06-22,177.2623291015625
2016-06-23,179.5706787109375
2016-06-24,173.12255859375
2016-06-27,170.02194213867188
2016-06-28,173.0884552001953
2016-06-29,176.03570556640625
2016-06-30,178.4378204345703
2016-07-01,178.81265258789062
2016-07-05,177.52635192871094
2016-07-06,178.59115600585938
2016-07-07,178.4804229736328
2016-07-08,181.13807678222656
2016-07-11,181.77694702148438
2016-07-12,183.09727478027344
2016-07-13,183.0717315673828
2016-07-14,184.09388732910156
2016-07-15,183.8468475341797
2016-07-18,184.34092712402344
2016-07-19,184.1535186767578
2016-07-20,184.92010498046875
2016-07-21,184.2216796875
2016-07-22,185.04794311523438
2016-07-25,184.54530334472656
2016-07-26,184.63055419921875
2016-07-27,184.43463134765625
2016-07-28,184.6475830078125
2016-07-29,184.94564819335938
2016-08-01,184.79232788085938
2016-08-02,183.6083221435547
2016-08-03,184.1449432373047
2016-08-04,184.34092712402344
2016-08-05,185.84860229492188
2016-08-08,185.73789978027344
2016-08-09,185.84860229492188
2016-08-10,185.3885955810547
2016-08-11,186.24893188476562
2016-08-12,186.08709716796875
2016-08-15,186.62376403808594
2016-08-16,185.6612091064453
2016-08-17,186.0104522705078
2016-08-18,186.42782592773438
2016-08-19,186.15530395507812
2016-08-22,186.1467742919922
2016-08-23,186.52154541015625
2016-08-24,185.56747436523438
2016-08-25,185.4397430419922
2016-08-26,185.09046936035156
2016-08-29,186.00196838378906
2016-08-30,185.69529724121094
2016-08-31,185.16714477539062
2016-09-01,185.1757049560547
2016-09-02,186.0104522705078
2016-09-06,186.57264709472656
2016-09-07,186.55560302734375
2016-09-08,186.1297149658203
2016-09-09,181.67469787597656
2016-09-12,184.28125
2016-09-13,181.63214111328125
2016-09-14,181.56399536132812
2016-09-15,183.37832641601562
2016-09-16,182.6694793701172
2016-09-19,182.70372009277344
2016-09-20,182.7122802734375
2016-09-21,184.7669677734375
2016-09-22,185.9313201904297
2016-09-23,184.9125213623047
2016-09-26,183.414306640625
2016-09-27,184.55294799804688
2016-09-28,185.46897888183594
2016-09-29,183.79100036621094
2016-09-30,185.17788696289062
2016-10-03,184.73265075683594
2016-10-04,183.79100036621094
2016-10-05,184.6042938232422
2016-10-06,184.73265075683594
2016-10-07,184.09915161132812
2016-10-10,185.0580596923828
2016-10-11,182.7208251953125
2016-10-12,182.96054077148438
2016-10-13,182.36123657226562
2016-10-14,182.45545959472656
2016-10-17,181.8219451904297
2016-10-18,182.96054077148438
2016-10-19,183.44851684570312
2016-10-20,183.10609436035156
2016-10-21,183.19168090820312
2016-10-24,183.97079467773438
2016-10-25,183.3544158935547
2016-10-26,182.98626708984375
2016-10-27,182.498291015625
2016-10-28,181.95889282226562
2016-10-31,181.9674072265625
2016-11-01,180.64903259277344
2016-11-02,179.56178283691406
2016-11-03,178.7399139404297
2016-11-04,178.54299926757812
2016-11-07,182.4811248779297
2016-11-08,183.302978515625
2016-11-09,185.2464141845703
2016-11-10,185.7086944580078
2016-11-11,185.2806396484375
2016-11-14,185.42617797851562
2016-11-15,186.87298583984375
2016-11-16,186.52200317382812
2016-11-17,187.4808807373047
2016-11-18,187.0613250732422
2016-11-21,188.47398376464844
2016-11-22,188.8420867919922
2016-11-23,188.94480895996094
2016-11-25,189.64682006835938
2016-11-28,188.75648498535156
2016-11-29,189.1245574951172
2016-11-30,188.6708984375
2016-12-01,187.97744750976562
2016-12-02,188.0715789794922
2016-12-05,189.20166015625
2016-12-06,189.8009796142578
2016-12-07,192.28366088867188
2016-12-08,192.75454711914062
2016-12-09,193.91883850097656
2016-12-12,193.69622802734375
2016-12-13,194.98898315429688
2016-12-14,193.3794708251953
2016-12-15,194.1756591796875
2016-12-16,193.79591369628906
2016-12-19,194.21788024902344
2016-12-20,194.96710205078125
2016-12-21,194.42454528808594
2016-12-22,194.08868408203125
2016-12-23,194.37289428710938
2016-12-27,194.8551025390625
2016-12-28,193.24473571777344
2016-12-29,193.20175170898438
2016-12-30,192.4955596923828
2017-01-03,193.96820068359375
2017-01-04,195.1221160888672
2017-01-05,194.96710205078125
2017-01-06,195.6646728515625
2017-01-09,195.0187225341797
2017-01-10,195.0187225341797
2017-01-11,195.56988525390625
2017-01-12,195.0790557861328
2017-01-13,195.52687072753906
2017-01-17,194.83790588378906
2017-01-18,195.26853942871094
2017-01-19,194.545166015625
2017-01-20,195.25994873046875
2017-01-23,194.75180053710938
2017-01-24,196.00050354003906
2017-01-25,197.69696044921875
2017-01-26,197.4902801513672
2017-01-27,197.18028259277344
2017-01-30,195.95742797851562
2017-01-31,195.94020080566406
2017-02-01,196.0177001953125
2017-02-02,196.14686584472656
2017-02-03,197.49893188476562
2017-02-06,197.1458740234375
2017-02-07,197.1544189453125
2017-02-08,197.41281127929688
2017-02-09,198.58395385742188
2017-02-10,199.36764526367188
2017-02-13,200.45277404785156
2017-02-14,201.2535858154297
2017-02-15,202.3041534423828
2017-02-16,202.13197326660156
2017-02-17,202.45059204101562
2017-02-21,203.65625
2017-02-22,203.475341796875
2017-02-23,203.61318969726562
2017-02-24,203.8715057373047
2017-02-27,204.19020080566406
2017-02-28,203.6389617919922
2017-03-01,206.48941040039062
2017-03-02,205.18905639648438
2017-03-03,205.31826782226562
2017-03-06,204.70684814453125
2017-03-07,204.0954132080078
2017-03-08,203.7164764404297
2017-03-09,203.97482299804688
2017-03-10,204.68960571289062
2017-03-13,204.79296875
2017-03-14,204.00927734375
2017-03-15,205.77468872070312
2017-03-16,205.36993408203125
2017-03-17,205.00930786132812
2017-03-20,204.78440856933594
2017-03-21,202.1550750732422
2017-03-22,202.63075256347656
2017-03-23,202.41453552246094
2017-03-24,202.26748657226562
2017-03-27,202.0599365234375
2017-03-28,203.53028869628906
2017-03-29,203.7205352783203
2017-03-30,204.3691864013672
2017-03-31,203.89353942871094
2017-04-03,203.5389404296875
2017-04-04,203.6686248779297
2017-04-05,203.06321716308594
2017-04-06,203.63404846191406
2017-04-07,203.42648315429688
2017-04-10,203.54757690429688
2017-04-11,203.30543518066406
2017-04-12,202.41453552246094
2017-04-13,201.099853515625
2017-04-17,202.881591796875
2017-04-18,202.27615356445312
2017-04-19,201.9042205810547
2017-04-20,203.54757690429688
2017-04-21,202.8988800048828
2017-04-24,205.13035583496094
2017-04-25,206.32395935058594
2017-04-26,206.19419860839844
2017-04-27,206.36720275878906
2017-04-28,205.91741943359375
2017-05-01,206.43638610839844
2017-05-02,206.5142364501953
2017-05-03,206.2633819580078
2017-05-04,206.50558471679688
2017-05-05,207.31857299804688
2017-05-08,207.28395080566406
2017-05-09,207.09368896484375
2017-05-10,207.46554565429688
2017-05-11,207.0418243408203
2017-05-12,206.69583129882812
2017-05-15,207.83753967285156
2017-05-16,207.64723205566406
2017-05-17,203.96273803710938
2017-05-18,204.78440856933594
2017-05-19,206.11634826660156
2017-05-22,207.16290283203125
2017-05-23,207.6212921142578
2017-05-24,208.10568237304688
2017-05-25,209.10032653808594
2017-05-26,209.05703735351562
2017-05-30,208.87538146972656
2017-05-31,208.82350158691406
2017-06-01,210.48411560058594
2017-06-02,211.18470764160156
2017-06-05,211.02902221679688
2017-06-06,210.3544158935547
2017-06-07,210.74359130859375
2017-06-08,210.847412109375
2017-06-09,210.52735900878906
2017-06-12,210.48411560058594
2017-06-13,211.5133819580078
2017-06-14,211.24526977539062
2017-06-15,210.8387451171875
2017-06-16,210.88479614257812
2017-06-19,212.64048767089844
2017-06-20,211.2063751220703
2017-06-21,211.15426635742188
2017-06-22,211.0586395263672
2017-06-23,211.31069946289062
2017-06-26,211.44972229003906
2017-06-27,209.7462921142578
2017-06-28,211.62356567382812
2017-06-29,209.7636260986328
2017-06-30,210.1547393798828
2017-07-03,210.51113891601562
2017-07-05,210.99781799316406
2017-07-06,209.06837463378906
2017-07-07,210.4241943359375
2017-07-10,210.6501007080078
2017-07-11,210.49375915527344
2017-07-12,212.07553100585938
2017-07-13,212.43186950683594
2017-07-14,213.42266845703125
2017-07-17,213.3965606689453
2017-07-18,213.5095672607422
2017-07-19,214.66552734375
2017-07-20,214.76113891601562
2017-07-21,214.5699005126953
2017-07-24,214.51776123046875
2017-07-25,215.03927612304688
2017-07-26,215.04794311523438
2017-07-27,214.8480224609375
2017-07-28,214.59596252441406
2017-07-31,214.47433471679688
2017-08-01,214.95236206054688
2017-08-02,215.056640625
2017-08-03,214.6394805908203
2017-08-04,215.03054809570312
2017-08-07,215.4303436279297
2017-08-08,214.90016174316406
2017-08-09,214.89151000976562
2017-08-10,211.8582305908203
2017-08-11,212.17112731933594
2017-08-14,214.27438354492188
2017-08-15,214.24832153320312
2017-08-16,214.62205505371094
2017-08-17,211.27589416503906
2017-08-18,210.94564819335938
2017-08-21,211.11074829101562
2017-08-22,213.31837463378906
2017-08-23,212.5535125732422
2017-08-24,212.05813598632812
2017-08-25,212.5535125732422
2017-08-28,212.56222534179688
2017-08-29,212.8056182861328
2017-08-30,213.81378173828125
2017-08-31,215.10006713867188
2017-09-01,215.4042510986328
2017-09-05,213.85719299316406
2017-09-06,214.5872802734375
2017-09-07,214.56118774414062
2017-09-08,214.30921936035156
2017-09-11,216.59500122070312
2017-09-12,217.32504272460938
2017-09-13,217.4293670654297
2017-09-14,217.35980224609375
2017-09-15,217.65240478515625
2017-09-18,218.11534118652344
2017-09-19,218.33372497558594
2017-09-20,218.41233825683594
2017-09-21,217.8270721435547
2017-09-22,217.87075805664062
2017-09-25,217.42530822753906
2017-09-26,217.55633544921875
2017-09-27,218.40359497070312
2017-09-28,218.66558837890625
2017-09-29,219.4342803955078
2017-10-02,220.38624572753906
2017-10-03,220.85794067382812
2017-10-04,221.11996459960938
2017-10-05,222.43014526367188
2017-10-06,222.17681884765625
2017-10-09,221.8099822998047
2017-10-10,222.3951873779297
2017-10-11,222.74459838867188
2017-10-12,222.41268920898438
2017-10-13,222.68344116210938
2017-10-16,222.9803924560547
2017-10-17,223.1376495361328
2017-10-18,223.3560333251953
2017-10-19,223.4171142578125
2017-10-20,224.57003784179688
2017-10-23,223.69662475585938
2017-10-24,224.08961486816406
2017-10-25,222.9803924560547
2017-10-26,223.2686004638672
2017-10-27,225.09413146972656
2017-10-30,224.25564575195312
2017-10-31,224.60496520996094
2017-11-01,224.90194702148438
2017-11-02,224.98927307128906
2017-11-03,225.740478515625
2017-11-06,226.08982849121094
2017-11-07,225.9326629638672
2017-11-08,226.31689453125
2017-11-09,225.49595642089844
2017-11-10,225.426025390625
2017-11-13,225.6356658935547
2017-11-14,225.1116180419922
2017-11-15,223.98489379882812
2017-11-16,225.88894653320312
2017-11-17,225.22509765625
2017-11-20,225.60940551757812
2017-11-21,227.08551025390625
2017-11-22,226.88465881347656
2017-11-24,227.40870666503906
2017-11-27,227.29519653320312
2017-11-28,229.60108947753906
2017-11-29,229.4613037109375
2017-11-30,231.47024536132812
2017-12-01,230.9898223876953
2017-12-04,230.7103729248047
2017-12-05,229.88055419921875
2017-12-06,229.92416381835938
2017-12-07,230.64913940429688
2017-12-08,231.90695190429688
2017-12-11,232.60572814941406
2017-12-12,233.01622009277344
2017-12-13,232.989990234375
2017-12-14,232.03793334960938
2017-12-15,233.97027587890625
2017-12-18,235.45388793945312
2017-12-19,234.5496368408203
2017-12-20,234.4267120361328
2017-12-21,234.9095458984375
2017-12-22,234.84817504882812
2017-12-26,234.5672149658203
2017-12-27,234.68125915527344
2017-12-28,235.16416931152344
2017-12-29,234.27749633789062
2018-01-02,235.9542999267578
2018-01-03,237.4467010498047
2018-01-04,238.4475555419922
2018-01-05,240.03648376464844
2018-01-08,240.47552490234375
2018-01-09,241.01980590820312
2018-01-10,240.65109252929688
2018-01-11,242.40684509277344
2018-01-12,243.98712158203125
2018-01-16,243.15310668945312
2018-01-17,245.47080993652344
2018-01-18,245.05813598632812
2018-01-19,246.17311096191406
2018-01-22,248.17465209960938
2018-01-23,248.70144653320312
2018-01-24,248.60496520996094
2018-01-25,248.7101593017578
2018-01-26,251.58973693847656
2018-01-29,249.9216766357422
2018-01-30,247.35821533203125
2018-01-31,247.481201171875
2018-02-01,247.2002410888672
2018-02-02,241.81869506835938
2018-02-05,231.7052459716797
2018-02-06,236.27032470703125
2018-02-07,234.98866271972656
2018-02-08,226.1744384765625
2018-02-09,229.57192993164062
2018-02-12,232.9430694580078
2018-02-13,233.52252197265625
2018-02-14,236.6741180419922
2018-02-15,239.69419860839844
2018-02-16,239.764404296875
2018-02-20,238.26318359375
2018-02-21,237.0780487060547
2018-02-22,237.38526916503906
2018-02-23,241.16903686523438
2018-02-26,243.96951293945312
2018-02-27,240.92320251464844
2018-02-28,238.48269653320312
2018-03-01,235.014892578125
2018-03-02,236.22642517089844
2018-03-05,238.9566650390625
2018-03-06,239.5624542236328
2018-03-07,239.47470092773438
2018-03-08,240.63352966308594
2018-03-09,244.82115173339844
2018-03-12,244.5138397216797
2018-03-13,242.93365478515625
2018-03-14,241.68701171875
2018-03-15,241.42372131347656
2018-03-16,241.68533325195312
2018-03-19,238.4153289794922
2018-03-20,238.82078552246094
2018-03-21,238.36244201660156
2018-03-22,232.40406799316406
2018-03-23,227.45042419433594
2018-03-26,233.67330932617188
2018-03-27,229.6980743408203
2018-03-28,229.01937866210938
2018-03-29,231.94577026367188
2018-04-02,226.93923950195312
2018-04-03,229.84793090820312
2018-04-04,232.30709838867188
2018-04-05,234.14051818847656
2018-04-06,228.92245483398438
2018-04-09,230.05067443847656
2018-04-10,233.7085723876953
2018-04-11,232.4834442138672
2018-04-12,234.39608764648438
2018-04-13,233.7085723876953
2018-04-16,235.63009643554688
2018-04-17,238.15093994140625
2018-04-18,238.32717895507812
2018-04-19,237.00509643554688
2018-04-20,234.99539184570312
2018-04-23,234.96017456054688
2018-04-24,231.7958984375
2018-04-25,232.36880493164062
2018-04-26,234.73101806640625
2018-04-27,234.95143127441406
2018-04-30,233.1444854736328
2018-05-01,233.55868530273438
2018-05-02,231.98983764648438
2018-05-03,231.4785919189453
2018-05-04,234.47535705566406
2018-05-07,235.2686767578125
2018-05-08,235.2686767578125
2018-05-09,237.54273986816406
2018-05-10,239.76390075683594
2018-05-11,240.49554443359375
2018-05-14,240.6101531982422
2018-05-15,238.95298767089844
2018-05-16,239.9578399658203
2018-05-17,239.75509643554688
2018-05-18,239.15573120117188
2018-05-21,240.95382690429688
2018-05-22,240.28395080566406
2018-05-23,240.94496154785156
2018-05-24,240.45144653320312
2018-05-25,239.87855529785156
2018-05-29,237.11962890625
2018-05-30,240.28395080566406
2018-05-31,238.81198120117188
2018-06-01,241.15663146972656
2018-06-04,242.3024444580078
2018-06-05,242.47872924804688
2018-06-06,244.50587463378906
2018-06-07,244.4795379638672
2018-06-08,245.20225524902344
2018-06-11,245.52842712402344
2018-06-12,245.84571838378906
2018-06-13,245.0612335205078
2018-06-14,245.6782684326172
2018-06-15,245.3648681640625
2018-06-18,244.86021423339844
2018-06-19,243.9216766357422
2018-06-20,244.33779907226562
2018-06-21,242.80612182617188
2018-06-22,243.24879455566406
2018-06-25,239.93748474121094
2018-06-26,240.46873474121094
2018-06-27,238.47662353515625
2018-06-28,239.84005737304688
2018-06-29,240.18533325195312
2018-07-02,240.69883728027344
2018-07-03,239.84893798828125
2018-07-05,241.80563354492188
2018-07-06,243.85089111328125
2018-07-09,246.04656982421875
2018-07-10,246.93194580078125
2018-07-11,245.12579345703125
2018-07-12,247.3480682373047
2018-07-13,247.54281616210938
2018-07-16,247.321533203125
2018-07-17,248.3219757080078
2018-07-18,248.84439086914062
2018-07-19,247.90586853027344
2018-07-20,247.62255859375
2018-07-23,248.08291625976562
2018-07-24,249.33135986328125
2018-07-25,251.45623779296875
2018-07-26,250.8630828857422
2018-07-27,249.16307067871094
2018-07-30,247.86158752441406
2018-07-31,249.08338928222656
2018-08-01,248.66732788085938
2018-08-02,250.02188110351562
2018-08-03,251.09326171875
2018-08-06,252.01406860351562
2018-08-07,252.8462371826172
2018-08-08,252.74000549316406
2018-08-09,252.39476013183594
2018-08-10,250.7036895751953
2018-08-13,249.76515197753906
2018-08-14,251.3588104248047
2018-08-15,249.48184204101562
2018-08-16,251.50048828125
2018-08-17,252.38592529296875
2018-08-20,252.92601013183594
2018-08-21,253.5192413330078
2018-08-22,253.36863708496094
2018-08-23,253.03221130371094
2018-08-24,254.55506896972656
2018-08-27,256.5648498535156
2018-08-28,256.688720703125
2018-08-29,258.070068359375
2018-08-30,257.0252380371094
2018-08-31,257.0342102050781
2018-09-04,256.591552734375
2018-09-05,255.90078735351562
2018-09-06,255.13059997558594
2018-09-07,254.63473510742188
2018-09-10,255.07748413085938
2018-09-11,255.9185791015625
2018-09-12,255.9804229736328
2018-09-13,257.4944763183594
2018-09-14,257.53875732421875
2018-09-17,256.17535400390625
2018-09-18,257.5652770996094
2018-09-19,257.8398742675781
2018-09-20,259.9293212890625
2018-09-21,259.69189453125
2018-09-24,258.8291931152344
2018-09-25,258.58905029296875
2018-09-26,257.81512451171875
2018-09-27,258.53558349609375
2018-09-28,258.56231689453125
2018-10-01,259.46063232421875
2018-10-02,259.3094482421875
2018-10-03,259.45166015625
2018-10-04,257.4238586425781
2018-10-05,255.98316955566406
2018-10-08,255.98316955566406
2018-10-09,255.60948181152344
2018-10-10,247.51608276367188
2018-10-11,242.06422424316406
2018-10-12,245.42608642578125
2018-10-15,244.04747009277344
2018-10-16,249.3837890625
2018-10-17,249.4283447265625
2018-10-18,245.82632446289062
2018-10-19,245.69293212890625
2018-10-22,244.59005737304688
2018-10-23,243.3449249267578
2018-10-24,235.97193908691406
2018-10-25,240.20533752441406
2018-10-26,235.98080444335938
2018-10-29,234.67340087890625
2018-10-30,238.15087890625
2018-10-31,240.69459533691406
2018-11-01,243.2560577392578
2018-11-02,241.81524658203125
2018-11-05,243.1492462158203
2018-11-06,244.68795776367188
2018-11-07,249.92645263671875
2018-11-08,249.4727783203125
2018-11-09,247.03591918945312
2018-11-12,242.4199676513672
2018-11-13,241.96632385253906
2018-11-14,240.3121795654297
2018-11-15,242.8201141357422
2018-11-16,243.4515838623047
2018-11-19,239.3337860107422
2018-11-20,234.90464782714844
2018-11-21,235.70509338378906
2018-11-23,234.13092041015625
2018-11-26,237.91070556640625
2018-11-27,238.71119689941406
2018-11-28,244.20762634277344
2018-11-29,243.6740264892578
2018-11-30,245.15916442871094
2018-12-03,248.40554809570312
2018-12-04,240.35658264160156
2018-12-06,239.991943359375
2018-12-07,234.41549682617188
2018-12-10,234.8601837158203
2018-12-11,234.9135284423828
2018-12-12,236.09637451171875
2018-12-13,236.01634216308594
2018-12-14,231.6583709716797
2018-12-17,227.11363220214844
2018-12-18,226.86459350585938
2018-12-19,223.46714782714844
2018-12-20,219.82949829101562
2018-12-21,215.3253173828125
2018-12-24,209.6358184814453
2018-12-26,220.22763061523438
2018-12-27,221.9183807373047
2018-12-28,221.6321258544922
2018-12-31,223.57339477539062
2019-01-02,223.8059844970703
2019-01-03,218.46531677246094
2019-01-04,225.78297424316406
2019-01-07,227.5631866455078
2019-01-08,229.70123291015625
2019-01-09,230.7747344970703
2019-01-10,231.58880615234375
2019-01-11,231.67828369140625
2019-01-14,230.2648468017578
2019-01-15,232.90390014648438
2019-01-16,233.4674530029297
2019-01-17,235.2386474609375
2019-01-18,238.3697509765625
2019-01-22,235.1492156982422
2019-01-23,235.6412353515625
2019-01-24,235.76654052734375
2019-01-25,237.76136779785156
2019-01-28,235.9543914794922
2019-01-29,235.6412353515625
2019-01-30,239.37161254882812
2019-01-31,241.47390747070312
2019-02-01,241.5902099609375
2019-02-04,243.2898712158203
2019-02-05,244.3097686767578
2019-02-06,243.9877166748047
2019-02-07,241.66177368164062
2019-02-08,241.95700073242188
2019-02-11,242.09117126464844
2019-02-12,245.20428466796875
2019-02-13,246.00045776367188
2019-02-14,245.4547882080078
2019-02-15,248.12954711914062
2019-02-19,248.55897521972656
2019-02-20,249.0600128173828
2019-02-21,248.17428588867188
2019-02-22,249.7129669189453
2019-02-25,250.05291748046875
2019-02-26,249.8739471435547
2019-02-27,249.76675415039062
2019-02-28,249.3014678955078
2019-03-01,250.85801696777344
2019-03-04,249.9456329345703
2019-03-05,249.60565185546875
2019-03-06,248.0937957763672
2019-03-07,246.01841735839844
2019-03-08,245.52635192871094
2019-03-11,249.08676147460938
2019-03-12,250.0260467529297
2019-03-13,251.68115234375
2019-03-14,251.5200653076172
2019-03-15,252.76268005371094
2019-03-18,253.67918395996094
2019-03-19,253.74203491210938
2019-03-20,252.97830200195312
2019-03-21,255.835693359375
2019-03-22,250.9117431640625
2019-03-25,250.72305297851562
2019-03-26,252.59194946289062
2019-03-27,251.27117919921875
2019-03-28,252.2235870361328
2019-03-29,253.81393432617188
2019-04-01,256.82403564453125
2019-04-02,256.9498596191406
2019-04-03,257.3541259765625
2019-04-04,258.03704833984375
2019-04-05,259.2860107421875
2019-04-08,259.4836730957031
2019-04-09,258.1538391113281
2019-04-10,259.0343017578125
2019-04-11,258.9624938964844
2019-04-12,260.7146301269531
2019-04-15,260.5439758300781
2019-04-16,260.7146301269531
2019-04-17,260.0766296386719
2019-04-18,260.58880615234375
2019-04-22,260.8133850097656
2019-04-23,263.1585693359375
2019-04-24,262.57452392578125
2019-04-25,262.4127197265625
2019-04-26,263.6348571777344
2019-04-29,264.04815673828125
2019-04-30,264.182861328125
2019-05-01,262.1971740722656
2019-05-02,261.6310729980469
2019-05-03,264.19189453125
2019-05-06,263.10467529296875
2019-05-07,258.7108459472656
2019-05-08,258.3514709472656
2019-05-09,257.5697937011719
2019-05-10,258.8636779785156
2019-05-13,252.35836791992188
2019-05-14,254.640625
2019-05-15,256.1321105957031
2019-05-16,258.50433349609375
2019-05-17,256.83294677734375
2019-05-20,255.1348114013672
2019-05-21,257.43505859375
2019-05-22,256.6443176269531
2019-05-23,253.5084686279297
2019-05-24,254.08346557617188
2019-05-28,251.7203826904297
2019-05-29,250.03111267089844
2019-05-30,250.71409606933594
2019-05-31,247.3356170654297
2019-06-03,246.70669555664062
2019-06-04,252.0618438720703
2019-06-05,254.2451934814453
2019-06-06,255.8986358642578
2019-06-07,258.4593200683594
2019-06-10,259.6453857421875
2019-06-11,259.58251953125
2019-06-12,259.12420654296875
2019-06-13,260.1934509277344
2019-06-14,259.9059753417969
2019-06-17,260.0047607421875
2019-06-18,262.7273254394531
2019-06-19,263.3203430175781
2019-06-20,265.8361511230469
2019-06-21,265.4496765136719
2019-06-24,265.12469482421875
2019-06-25,262.52435302734375
2019-06-26,262.2624816894531
2019-06-27,263.19256591796875
2019-06-28,264.5467224121094
2019-07-01,266.9485168457031
2019-07-02,267.64373779296875
2019-07-03,269.7835998535156
2019-07-05,269.4765319824219
2019-07-08,267.995849609375
2019-07-09,268.3299255371094
2019-07-10,269.6120300292969
2019-07-11,270.2440490722656
2019-07-12,271.45391845703125
2019-07-15,271.5442199707031
2019-07-16,270.6684265136719
2019-07-17,268.82659912109375
2019-07-18,269.8106689453125
2019-07-19,268.3118896484375
2019-07-22,268.9709777832031
2019-07-23,270.8941345214844
2019-07-24,272.1672668457031
2019-07-25,270.8670654296875
2019-07-26,272.6818542480469
2019-07-29,272.185302734375
2019-07-30,271.5171813964844
2019-07-31,268.54669189453125
2019-08-01,266.20819091796875
2019-08-02,264.2037353515625
2019-08-05,256.25836181640625
2019-08-06,259.851806640625
2019-08-07,260.0053405761719
2019-08-08,265.106689453125
2019-08-09,263.3008728027344
2019-08-12,260.0956115722656
2019-08-13,264.1405334472656
2019-08-14,256.33050537109375
2019-08-15,257.00775146484375
2019-08-16,260.79986572265625
2019-08-19,263.94189453125
2019-08-20,261.91937255859375
2019-08-21,264.0502014160156
2019-08-22,263.96905517578125
2019-08-23,257.1883239746094
2019-08-26,260.03240966796875
2019-08-27,259.0120544433594
2019-08-28,260.8360290527344
2019-08-29,264.1676025390625
2019-08-30,264.0502014160156
2019-09-03,262.5063171386719
2019-09-04,265.4859313964844
2019-09-05,268.8988342285156
2019-09-06,269.1064453125
2019-09-09,269.24188232421875
2019-09-10,269.1786804199219
2019-09-11,271.09271240234375
2019-09-12,272.03173828125
2019-09-13,271.8512268066406
2019-09-16,271.01153564453125
2019-09-17,271.6977844238281
2019-09-18,271.8602600097656
2019-09-19,271.8421936035156
2019-09-20,270.55780029296875
2019-09-23,270.49432373046875
2019-09-24,268.3717956542969
2019-09-25,269.9591369628906
2019-09-26,269.3968200683594
2019-09-27,267.9455261230469
2019-09-30,269.1881103515625
2019-10-01,265.9862060546875
2019-10-02,261.2876281738281
2019-10-03,263.4283142089844
2019-10-04,266.9930114746094
2019-10-07,265.84112548828125
2019-10-08,261.7139892578125
2019-10-09,264.1993408203125
2019-10-10,265.9862060546875
2019-10-11,268.74371337890625
2019-10-14,268.4443359375
2019-10-15,271.1020202636719
2019-10-16,270.66668701171875
2019-10-17,271.46478271484375
2019-10-18,270.27667236328125
2019-10-21,272.10894775390625
2019-10-22,271.2200012207031
2019-10-23,272.0090637207031
2019-10-24,272.45361328125
2019-10-25,273.5692138671875
2019-10-28,275.1112365722656
2019-10-29,275.0295104980469
2019-10-30,275.8731689453125
2019-10-31,275.13848876953125
2019-11-01,277.6872863769531
2019-11-04,278.802978515625
2019-11-05,278.4945983886719
2019-11-06,278.55804443359375
2019-11-07,279.53765869140625
2019-11-08,280.22705078125
2019-11-11,279.69189453125
2019-11-12,280.2814025878906
2019-11-13,280.3721618652344
2019-11-14,280.78033447265625
2019-11-15,282.8122253417969
2019-11-18,283.0207824707031
2019-11-19,282.93927001953125
2019-11-20,281.8869934082031
2019-11-21,281.4335021972656
2019-11-22,282.0592956542969
2019-11-25,284.2453918457031
2019-11-26,284.8893127441406
2019-11-27,286.15924072265625
2019-11-29,285.09796142578125
2019-12-02,282.6761169433594
2019-12-03,280.78033447265625
2019-12-04,282.5127868652344
2019-12-05,283.0207824707031
2019-12-06,285.6059265136719
2019-12-09,284.7079162597656
2019-12-10,284.390380859375
2019-12-11,285.1977844238281
2019-12-12,287.6558837890625
2019-12-13,287.82818603515625
2019-12-16,289.8056335449219
2019-12-17,289.86907958984375
2019-12-18,289.88714599609375
2019-12-19,291.0754699707031
2019-12-20,292.3516540527344
2019-12-23,292.7983093261719
2019-12-24,292.8074035644531
2019-12-26,294.3661193847656
2019-12-27,294.2929992675781
2019-12-30,292.6706237792969
2019-12-31,293.3816833496094
2020-01-02,296.12530517578125
2020-01-03,293.8829650878906
2020-01-06,295.0041198730469
2020-01-07,294.174560546875
2020-01-08,295.7425231933594
2020-01-09,297.7477722167969
2020-01-10,296.8908996582031
2020-01-13,298.9327392578125
2020-01-14,298.47698974609375
2020-01-15,299.1514892578125
2020-01-16,301.6399230957031
2020-01-17,302.57879638671875
2020-01-21,301.9863586425781
2020-01-22,302.0228576660156
2020-01-23,302.3691711425781
2020-01-24,299.6802062988281
2020-01-27,294.8764953613281
2020-01-28,297.966552734375
2020-01-29,297.7204895019531
2020-01-30,298.6866149902344
2020-01-31,293.26312255859375
2020-02-03,295.441650390625
2020-02-04,299.9444885253906
2020-02-05,303.4083251953125
2020-02-06,304.42926025390625
2020-02-07,302.80670166015625
2020-02-10,305.0672912597656
2020-02-11,305.5959777832031
2020-02-12,307.56488037109375
2020-02-13,307.2367248535156
2020-02-14,307.72894287109375
2020-02-18,306.9359130859375
2020-02-19,308.4034423828125
2020-02-20,307.136474609375
2020-02-21,303.9734802246094
2020-02-24,293.89215087890625
2020-02-25,284.9864807128906
2020-02-26,283.93829345703125
2020-02-27,271.1860656738281
2020-02-28,270.04669189453125
2020-03-02,281.74151611328125
2020-03-03,273.674560546875
2020-03-04,285.177978515625
2020-03-05,275.69818115234375
2020-03-06,271.1405029296875
2020-03-09,249.96600341796875
2020-03-10,262.9004211425781
2020-03-11,250.08441162109375
2020-03-12,226.1571044921875
2020-03-13,245.4904022216797
2020-03-16,218.62794494628906
2020-03-17,230.43211364746094
2020-03-18,218.76467895507812
2020-03-19,219.2295684814453
2020-03-20,209.7820281982422
2020-03-23,204.41824340820312
2020-03-24,222.93922424316406
2020-03-25,226.27664184570312
2020-03-26,239.48890686035156
2020-03-27,232.3555908203125
2020-03-30,239.90147399902344
2020-03-31,236.32566833496094
2020-04-01,225.68984985351562
2020-04-02,230.89776611328125
2020-04-03,227.560302734375
2020-04-06,242.8446502685547
2020-04-07,243.09225463867188
2020-04-08,251.25245666503906
2020-04-09,255.0757598876953
2020-04-13,252.74708557128906
2020-04-14,260.20123291015625
2020-04-15,254.67247009277344
2020-04-16,255.90103149414062
2020-04-17,262.8142395019531
2020-04-20,258.18402099609375
2020-04-21,250.34469604492188
2020-04-22,255.90103149414062
2020-04-23,255.88265991210938
2020-04-24,259.4493103027344
2020-04-27,263.1902160644531
2020-04-28,261.97991943359375
2020-04-29,268.838134765625
2020-04-30,266.33514404296875
2020-05-01,259.2843322753906
2020-05-04,259.9994812011719
2020-05-05,262.40167236328125
2020-05-06,260.62298583984375
2020-05-07,263.76788330078125
2020-05-08,268.1322021484375
2020-05-11,268.1872253417969
2020-05-12,262.8417663574219
2020-05-13,258.1932067871094
2020-05-14,261.2831115722656
2020-05-15,262.4842224121094
2020-05-18,270.4793701171875
2020-05-19,267.70123291015625
2020-05-20,272.2489929199219
2020-05-21,270.3693542480469
2020-05-22,270.8828430175781
2020-05-26,274.2203063964844
2020-05-27,278.30035400390625
2020-05-28,277.7869873046875
2020-05-29,279.0247802734375
2020-06-01,280.1524963378906
2020-06-02,282.4721984863281
2020-06-03,286.2313537597656
2020-06-04,285.47955322265625
2020-06-05,292.7962341308594
2020-06-08,296.33544921875
2020-06-09,294.125732421875
2020-06-10,292.48455810546875
2020-06-11,275.6230773925781
2020-06-12,278.92388916015625
2020-06-15,281.52789306640625
2020-06-16,286.94659423828125
2020-06-17,285.7546081542969
2020-06-18,285.86474609375
2020-06-19,284.23089599609375
2020-06-22,286.0543518066406
2020-06-23,287.3711853027344
2020-06-24,280.04071044921875
2020-06-25,283.0430908203125
2020-06-26,276.3202819824219
2020-06-29,280.38153076171875
2020-06-30,283.9730529785156
2020-07-01,285.9621887207031
2020-07-02,287.53704833984375
2020-07-06,291.9757995605469
2020-07-07,288.9643859863281
2020-07-08,291.1746520996094
2020-07-09,289.5169372558594
2020-07-10,292.47308349609375
2020-07-13,289.94061279296875
2020-07-14,293.697998046875
2020-07-15,296.396240234375
2020-07-16,295.42010498046875
2020-07-17,296.27655029296875
2020-07-20,298.6708679199219
2020-07-21,299.3063049316406
2020-07-22,301.0099792480469
2020-07-23,297.4184875488281
2020-07-24,295.5029602050781
2020-07-27,297.65789794921875
2020-07-28,295.7700500488281
2020-07-29,299.4075622558594
2020-07-30,298.3393249511719
2020-07-31,300.6968688964844
2020-08-03,302.787353515625
2020-08-04,303.9569091796875
2020-08-05,305.8447570800781
2020-08-06,307.88922119140625
2020-08-07,308.1102600097656
2020-08-10,309.0312194824219
2020-08-11,306.48016357421875
2020-08-12,310.75335693359375
2020-08-13,310.1914367675781
2020-08-14,310.20068359375
2020-08-17,311.1860656738281
2020-08-18,311.8584289550781
2020-08-19,310.5599060058594
2020-08-20,311.52685546875
2020-08-21,312.6319580078125
2020-08-24,315.7998962402344
2020-08-25,316.90496826171875
2020-08-26,320.0821533203125
2020-08-27,320.78204345703125
2020-08-28,322.8540954589844
2020-08-31,321.68450927734375
2020-09-01,324.7143249511719
2020-09-02,329.4110107421875
2020-09-03,318.0744934082031
2020-09-04,315.4775390625
2020-09-08,306.85784912109375
2020-09-09,312.9174499511719
2020-09-10,307.4839782714844
2020-09-11,307.6405334472656
2020-09-14,311.692626953125
2020-09-15,313.26739501953125
2020-09-16,312.02410888671875
2020-09-17,309.2798156738281
2020-09-18,305.7191467285156
2020-09-21,302.31658935546875
2020-09-22,305.39556884765625
2020-09-23,298.31317138671875
2020-09-24,299.1082458496094
2020-09-25,303.9439697265625
2020-09-28,308.9922790527344
2020-09-29,307.3094787597656
2020-09-30,309.63946533203125
2020-10-01,311.6273193359375
2020-10-02,308.6687316894531
2020-10-05,314.142333984375
2020-10-06,309.6764221191406
2020-10-07,315.06695556640625
2020-10-08,317.8591613769531
2020-10-09,320.6976318359375
2020-10-12,325.85693359375
2020-10-13,323.7303771972656
2020-10-14,321.6962890625
2020-10-15,321.2986755371094
2020-10-16,321.1045837402344
2020-10-19,316.2226867675781
2020-10-20,317.4893798828125
2020-10-21,316.88836669921875
2020-10-22,318.6266174316406
2020-10-23,319.7083435058594
2020-10-26,313.8002624511719
2020-10-27,312.7184143066406
2020-10-28,302.0300598144531
2020-10-29,305.0997009277344
2020-10-30,301.9190673828125
2020-11-02,305.3030700683594
2020-11-03,310.69354248046875
2020-11-04,317.63720703125
2020-11-05,323.8320617675781
2020-11-06,323.7581787109375
2020-11-09,327.82635498046875
2020-11-10,327.3456115722656
2020-11-11,329.7773132324219
2020-11-12,326.57818603515625
2020-11-13,331.0994567871094
2020-11-16,335.23236083984375
2020-11-17,333.4294128417969
2020-11-18,329.41668701171875
2020-11-19,330.8036193847656
2020-11-20,328.538330078125
2020-11-23,330.50762939453125
2020-11-24,335.8333740234375
2020-11-25,335.315673828125
2020-11-27,336.24951171875
2020-11-30,334.7608337402344
2020-12-01,338.42230224609375
2020-12-02,339.1341857910156
2020-12-03,339.0417785644531
2020-12-04,341.9634704589844
2020-12-07,341.26080322265625
2020-12-08,342.2593994140625
2020-12-09,339.189697265625
2020-12-10,339.0787048339844
2020-12-11,338.6811218261719
2020-12-14,337.1648254394531
2020-12-15,341.7231750488281
2020-12-16,342.2593994140625
2020-12-17,344.17333984375
2020-12-18,342.799072265625
2020-12-21,341.5733642578125
2020-12-22,340.99774169921875
2020-12-23,341.3040771484375
2020-12-24,342.6318664550781
2020-12-28,345.57537841796875
2020-12-29,344.91607666015625
2020-12-30,345.408203125
2020-12-31,347.1632080078125
2021-01-04,342.43701171875
2021-01-05,344.79534912109375
2021-01-06,346.8567199707031
2021-01-07,352.0101623535156
2021-01-08,354.015869140625
2021-01-11,351.62945556640625
2021-01-12,351.7037658691406
2021-01-13,352.6509094238281
2021-01-14,351.4158630371094
2021-01-15,348.8531799316406
2021-01-19,351.59234619140625
2021-01-20,356.45794677734375
2021-01-21,356.78289794921875
2021-01-22,355.5200500488281
2021-01-25,356.92218017578125
2021-01-26,356.3650817871094
2021-01-27,347.6553955078125
2021-01-28,350.6452331542969
2021-01-29,343.62542724609375
2021-02-01,349.34527587890625
2021-02-02,354.28515625
2021-02-03,354.563720703125
2021-02-04,358.59356689453125
2021-02-05,360.0048828125
2021-02-08,362.6048889160156
2021-02-09,362.36346435546875
2021-02-10,362.20556640625
2021-02-11,362.7906494140625
2021-02-12,364.5826416015625
2021-02-16,364.2669982910156
2021-02-17,364.3505554199219
2021-02-18,362.7999267578125
2021-02-19,362.1591491699219
2021-02-22,359.3735046386719
2021-02-23,359.8099365234375
2021-02-24,363.77484130859375
2021-02-25,355.0093994140625
2021-02-26,353.18017578125
2021-03-01,361.7413024902344
2021-03-02,358.9185485839844
2021-03-03,354.1644287109375
2021-03-04,349.78167724609375
2021-03-05,356.21649169921875
2021-03-08,354.44293212890625
2021-03-09,359.5035400390625
2021-03-10,361.7413024902344
2021-03-11,365.4090270996094
2021-03-12,365.90118408203125
2021-03-15,368.083251953125
2021-03-16,367.6189880371094
2021-03-17,368.8725280761719
2021-03-18,363.5055847167969
2021-03-19,362.8329162597656
2021-03-22,365.73016357421875
2021-03-23,362.8515930175781
2021-03-24,361.0070495605469
2021-03-25,363.03790283203125
2021-03-26,368.88824462890625
2021-03-29,368.70184326171875
2021-03-30,367.7237854003906
2021-03-31,369.2142639160156
2021-04-01,373.2014465332031
2021-04-05,378.55810546875
2021-04-06,378.33441162109375
2021-04-07,378.7723083496094
2021-04-08,380.5702819824219
2021-04-09,383.3370666503906
2021-04-12,383.4768981933594
2021-04-13,384.6133117675781
2021-04-14,383.2998352050781
2021-04-15,387.4174499511719
2021-04-16,388.7123107910156
2021-04-19,386.8025207519531
2021-04-20,383.9704895019531
2021-04-21,387.6037292480469
2021-04-22,384.063720703125
2021-04-23,388.2278747558594
2021-04-26,389.0383605957031
2021-04-27,388.9546203613281
2021-04-28,388.84271240234375
2021-04-29,391.3207702636719
2021-04-30,388.7496337890625
2021-05-03,389.5880126953125
2021-05-04,387.1845703125
2021-05-05,387.3056335449219
2021-05-06,390.39849853515625
2021-05-07,393.23980712890625
2021-05-10,389.3458251953125
2021-05-11,385.8709716796875
2021-05-12,377.67303466796875
2021-05-13,382.20977783203125
2021-05-14,388.0788879394531
2021-05-17,387.09130859375
2021-05-18,383.7563171386719
2021-05-19,382.75018310546875
2021-05-20,386.86773681640625
2021-05-21,386.5510559082031
2021-05-24,390.4917297363281
2021-05-25,389.625244140625
2021-05-26,390.39849853515625
2021-05-27,390.6033935546875
2021-05-28,391.3021545410156
2021-06-01,390.95745849609375
2021-06-02,391.5722961425781
2021-06-03,390.1189270019531
2021-06-04,393.6870422363281
2021-06-07,393.3050231933594
2021-06-08,393.38885498046875
2021-06-09,392.8019714355469
2021-06-10,394.6278381347656
2021-06-11,395.27996826171875
2021-06-14,396.16497802734375
2021-06-15,395.4383544921875
2021-06-16,393.23040771484375
2021-06-17,393.1000061035156
2021-06-18,387.7969970703125
2021-06-21,393.3487548828125
2021-06-22,395.45159912109375
2021-06-23,394.9750061035156
2021-06-24,397.3115234375
2021-06-25,398.7228088378906
2021-06-28,399.5265808105469
2021-06-29,399.7414855957031
2021-06-30,400.0780334472656
2021-07-01,402.29315185546875
2021-07-02,405.3680419921875
2021-07-06,404.6297302246094
2021-07-07,406.0596618652344
2021-07-08,402.7510681152344
2021-07-09,407.0504150390625
2021-07-12,408.5084533691406
2021-07-13,407.1158447265625
2021-07-14,407.7232971191406
2021-07-15,406.3307189941406
2021-07-16,403.1436462402344
2021-07-19,397.1900634765625
2021-07-20,402.8819274902344
2021-07-21,406.1438293457031
2021-07-22,406.99432373046875
2021-07-23,411.18145751953125
2021-07-26,412.1907958984375
2021-07-27,410.312255859375
2021-07-28,410.1440124511719
2021-07-29,411.84503173828125
2021-07-30,409.844970703125
2021-08-02,408.98504638671875
2021-08-03,412.3123779296875
2021-08-04,410.2841491699219
2021-08-05,412.8824768066406
2021-08-06,413.56475830078125
2021-08-09,413.2282409667969
2021-08-10,413.7423400878906
2021-08-11,414.7705078125
2021-08-12,416.013427734375
2021-08-13,416.7705383300781
2021-08-16,417.75189208984375
2021-08-17,415.0133972167969
2021-08-18,410.4711608886719
2021-08-19,411.106689453125
2021-08-20,414.3778991699219
2021-08-23,418.02294921875
2021-08-24,418.6864929199219
2021-08-25,419.565185546875
2021-08-26,417.08831787109375
2021-08-27,420.8174743652344
2021-08-30,422.6680908203125
2021-08-31,422.04180908203125
2021-09-01,422.26611328125
2021-09-02,423.5653076171875
2021-09-03,423.4624938964844
2021-09-07,421.9483947753906
2021-09-08,421.4342956542969
2021-09-09,419.6304626464844
2021-09-10,416.3218994140625
2021-09-13,417.38739013671875
2021-09-14,415.1349182128906
2021-09-15,418.6024169921875
2021-09-16,417.9388427734375
2021-09-17,413.8677673339844
2021-09-20,406.96673583984375
2021-09-21,406.5823669433594
2021-09-22,410.54852294921875
2021-09-23,415.5365905761719
2021-09-24,416.2210693359375
2021-09-27,415.0302429199219
2021-09-28,406.6667175292969
2021-09-29,407.3511962890625
2021-09-30,402.3724060058594
2021-10-01,407.1542053222656
2021-10-04,401.903564453125
2021-10-05,406.0853576660156
2021-10-06,407.7730712890625
2021-10-07,411.2985534667969
2021-10-08,410.54852294921875
2021-10-11,407.5762634277344
2021-10-12,406.5729675292969
2021-10-13,408.03564453125
2021-10-14,414.8990478515625
2021-10-15,418.058837890625
2021-10-18,419.2965087890625
2021-10-19,422.5312805175781
2021-10-20,424.19091796875
2021-10-21,425.2972717285156
2021-10-22,424.8566589355469
2021-10-25,427.1349792480469
2021-10-26,427.51947021484375
2021-10-27,425.6255187988281
2021-10-28,429.7322998046875
2021-10-29,430.604248046875
2021-11-01,431.344970703125
2021-11-02,433.0889892578125
2021-11-03,435.7330017089844
2021-11-04,437.7864685058594
2021-11-05,439.30548095703125
2021-11-08,439.68048095703125
2021-11-09,438.2271423339844
2021-11-10,434.7016906738281
2021-11-11,434.8422546386719
2021-11-12,438.1240539550781
2021-11-15,438.27410888671875
2021-11-16,440.0086364746094
2021-11-17,438.9398498535156
2021-11-18,440.4305725097656
2021-11-19,439.64300537109375
2021-11-22,438.4053039550781
2021-11-23,438.9866943359375
2021-11-24,440.15863037109375
2021-11-26,430.341796875
2021-11-29,435.62066650390625
2021-11-30,427.14447021484375
2021-12-01,422.40008544921875
2021-12-02,428.86962890625
2021-12-03,425.137939453125
2021-12-06,430.1730041503906
2021-12-07,439.0710754394531
2021-12-08,440.2336120605469
2021-12-09,437.26141357421875
2021-12-10,441.3775634765625
2021-12-13,437.4676208496094
2021-12-14,434.4579162597656
2021-12-15,441.2463073730469
2021-12-16,437.3552551269531
2021-12-17,432.7004699707031
2021-12-20,428.09942626953125
2021-12-21,435.7020263671875
2021-12-22,440.0584411621094
2021-12-23,442.7965393066406
2021-12-27,449.0630187988281
2021-12-28,448.696044921875
2021-12-29,449.2701110839844
2021-12-30,448.0281066894531
2021-12-31,446.8988952636719
2022-01-03,449.4864501953125
2022-01-04,449.33587646484375
2022-01-05,440.7076416015625
2022-01-06,440.2936706542969
2022-01-07,438.5529479980469
2022-01-10,438.0072326660156
2022-01-11,441.99676513671875
2022-01-12,443.191650390625
2022-01-13,437.0851135253906
2022-01-14,437.26385498046875
2022-01-18,429.5201416015625
2022-01-19,425.06024169921875
2022-01-20,420.3555603027344
2022-01-21,412.10369873046875
2022-01-24,413.8538513183594
2022-01-25,408.8011169433594
2022-01-26,407.7755126953125
2022-01-27,405.7619323730469
2022-01-28,415.8392333984375
2022-01-31,423.328857421875
2022-02-01,426.1893310546875
2022-02-02,430.3293762207031
2022-02-03,420.2144775390625
2022-02-04,422.1904296875
2022-02-07,420.8354797363281
2022-02-08,424.298095703125
2022-02-09,430.50811767578125
2022-02-10,422.7738342285156
2022-02-11,414.4372253417969
2022-02-14,413.082275390625
2022-02-15,419.7440185546875
2022-02-16,420.2144775390625
2022-02-17,411.2380676269531
2022-02-18,408.5753173828125
2022-02-22,404.1906433105469
2022-02-23,397.0208740234375
2022-02-24,402.99566650390625
2022-02-25,411.88739013671875
2022-02-28,410.8334655761719
2022-03-01,404.576416015625
2022-03-02,412.0190734863281
2022-03-03,409.9678649902344
2022-03-04,406.63702392578125
2022-03-07,394.64971923828125
2022-03-08,391.6575927734375
2022-03-09,402.1581726074219
2022-03-10,400.3423156738281
2022-03-11,395.25189208984375
2022-03-14,392.3631896972656
2022-03-15,400.991455078125
2022-03-16,409.8831787109375
2022-03-17,415.0111083984375
2022-03-18,419.55670166015625
2022-03-21,419.4340515136719
2022-03-22,424.34197998046875
2022-03-23,418.8771057128906
2022-03-24,425.1914978027344
2022-03-25,427.2679443359375
2022-03-28,430.30706787109375
2022-03-29,435.63037109375
2022-03-30,432.9404296875
2022-03-31,426.27685546875
2022-04-01,427.4850158691406
2022-04-04,431.1471252441406
2022-04-05,425.701171875
2022-04-06,421.4444274902344
2022-04-07,423.5680236816406
2022-04-08,422.4353942871094
2022-04-11,415.2150573730469
2022-04-12,413.6766357421875
2022-04-13,418.4146423339844
2022-04-14,413.2047119140625
2022-04-18,413.3746032714844
2022-04-19,420.0474853515625
2022-04-20,419.73602294921875
2022-04-21,413.45947265625
2022-04-22,402.11456298828125
2022-04-25,404.4457702636719
2022-04-26,392.73272705078125
2022-04-27,393.8370056152344
2022-04-28,403.78515625
2022-04-29,388.8630676269531
2022-05-02,391.2036437988281
2022-05-03,392.9969787597656
2022-05-04,404.9649353027344
2022-05-05,390.57135009765625
2022-05-06,388.2401123046875
2022-05-09,375.8096618652344
2022-05-10,376.6779479980469
2022-05-11,370.69403076171875
2022-05-12,370.30706787109375
2022-05-13,379.1602783203125
2022-05-16,377.6217956542969
2022-05-17,385.3896484375
2022-05-18,369.8539123535156
2022-05-19,367.5887756347656
2022-05-20,367.74920654296875
2022-05-23,374.62982177734375
2022-05-24,371.7699890136719
2022-05-25,375.0545654296875
2022-05-26,382.5487060546875
2022-05-27,391.9399108886719
2022-05-31,389.74078369140625
2022-06-01,386.58831787109375
2022-06-02,393.9503173828125
2022-06-03,387.4849853515625
2022-06-06,388.66473388671875
2022-06-07,392.3929443359375
2022-06-08,388.12677001953125
2022-06-09,378.8960266113281
2022-06-10,367.9096984863281
2022-06-13,353.94085693359375
2022-06-14,352.8742370605469
2022-06-15,357.905029296875
2022-06-16,346.0597229003906
2022-06-17,346.8056945800781
2022-06-21,355.53607177734375
2022-06-22,354.8915100097656
2022-06-23,358.3703918457031
2022-06-24,369.76434326171875
2022-06-27,368.3519592285156
2022-06-28,360.825439453125
2022-06-29,360.5315856933594
2022-06-30,357.6025695800781
2022-07-01,361.384765625
2022-07-05,362.0672302246094
2022-07-06,363.2900390625
2022-07-07,368.73114013671875
2022-07-08,368.4278564453125
2022-07-11,364.21905517578125
2022-07-12,360.99615478515625
2022-07-13,359.10028076171875
2022-07-14,358.22821044921875
2022-07-15,365.07220458984375
2022-07-18,362.05780029296875
2022-07-19,371.84027099609375
2022-07-20,374.2101135253906
2022-07-21,378.020751953125
2022-07-22,374.5134582519531
2022-07-25,374.9683532714844
2022-07-26,370.53216552734375
2022-07-27,380.15362548828125
2022-07-28,384.921630859375
2022-07-29,390.53326416015625
2022-08-01,389.3767395019531
2022-08-02,386.8079833984375
2022-08-03,392.86517333984375
2022-08-04,392.59979248046875
2022-08-05,391.9361267089844
2022-08-08,391.4811706542969
2022-08-09,389.9266357421875
2022-08-10,398.1166076660156
2022-08-11,398.1166076660156
2022-08-12,404.8563232421875
2022-08-15,406.524658203125
2022-08-16,407.3209533691406
2022-08-17,404.4297790527344
2022-08-18,405.60516357421875
2022-08-19,400.15472412109375
2022-08-22,391.82244873046875
2022-08-23,390.8745422363281
2022-08-24,392.125732421875
2022-08-25,397.6615905761719
2022-08-26,384.2012023925781
2022-08-29,381.6607666015625
2022-08-30,377.4709167480469
2022-08-31,374.5987243652344
2022-09-01,375.7742004394531
2022-09-02,371.8118591308594
2022-09-06,370.4089660644531
2022-09-07,377.06341552734375
2022-09-08,379.5279846191406
2022-09-09,385.4239807128906
2022-09-12,389.5664367675781
2022-09-13,372.6270751953125
2022-09-14,374.0489501953125
2022-09-15,369.80224609375
2022-09-16,366.98101806640625
2022-09-19,369.82696533203125
2022-09-20,365.5819396972656
2022-09-21,359.2047424316406
2022-09-22,356.1875305175781
2022-09-23,350.2196350097656
2022-09-26,346.7550964355469
2022-09-27,345.869873046875
2022-09-28,352.67535400390625
2022-09-29,345.3082580566406
2022-09-30,339.9685974121094
2022-10-03,348.9442138671875
2022-10-04,359.7568359375
2022-10-05,358.91925048828125
2022-10-06,355.2165832519531
2022-10-07,345.3082580566406
2022-10-10,342.6717529296875
2022-10-11,340.50164794921875
2022-10-12,339.3784484863281
2022-10-13,348.3350830078125
2022-10-14,340.39691162109375
2022-10-17,349.1441650390625
2022-10-18,353.2463684082031
2022-10-19,350.7431335449219
2022-10-20,347.8021240234375
2022-10-21,356.25421142578125
2022-10-24,360.6134033203125
2022-10-25,366.3719787597656
2022-10-26,363.6116943359375
2022-10-27,361.66998291015625
2022-10-28,370.2743835449219
2022-10-31,367.59979248046875
2022-11-01,365.9911804199219
2022-11-02,356.80621337890625
2022-11-03,353.13226318359375
2022-11-04,358.2149353027344
2022-11-07,361.6414489746094
2022-11-08,363.5926208496094
2022-11-09,356.101806640625
2022-11-10,375.6711120605469
2022-11-11,379.3070983886719
2022-11-14,376.08038330078125
2022-11-15,379.2879638671875
2022-11-16,376.39459228515625
2022-11-17,375.2428283691406
2022-11-18,376.94659423828125
2022-11-21,375.57598876953125
2022-11-22,380.6300964355469
2022-11-23,383.0286560058594
2022-11-25,382.9429626464844
2022-11-28,376.8323059082031
2022-11-29,376.1851806640625
2022-11-30,388.0351257324219
2022-12-01,387.7496337890625
2022-12-02,387.3023376464844
2022-12-05,380.3349914550781
2022-12-06,374.8525390625
2022-12-07,374.21490478515625
2022-12-08,377.1464538574219
2022-12-09,374.3291320800781
2022-12-12,379.7258605957031
2022-12-13,382.60040283203125
2022-12-14,380.1541748046875
2022-12-15,370.8549499511719
2022-12-16,366.47662353515625
2022-12-19,363.3689880371094
2022-12-20,363.8662109375
2022-12-21,369.30694580078125
2022-12-22,364.038330078125
2022-12-23,366.1323547363281
2022-12-27,364.6886291503906
2022-12-28,360.1562805175781
2022-12-29,366.6391296386719
2022-12-30,365.6734619140625
2023-01-03,364.13397216796875
2023-01-04,366.94512939453125
2023-01-05,362.75701904296875
2023-01-06,371.0757751464844
2023-01-09,370.8654479980469
2023-01-10,373.4662780761719
2023-01-11,378.1898498535156
2023-01-12,379.5667419433594
2023-01-13,381.03924560546875
2023-01-17,380.3413391113281
2023-01-18,374.33636474609375
2023-01-19,371.61138916015625
2023-01-20,378.53411865234375
2023-01-23,383.075927734375
2023-01-24,382.66485595703125
2023-01-25,382.8082275390625
2023-01-26,387.0154724121094
2023-01-27,387.9046630859375
2023-01-30,383.0376892089844
2023-01-31,388.669677734375
2023-02-01,392.8003234863281
2023-02-02,398.518310546875
2023-02-03,394.2823791503906
2023-02-06,391.8728332519531
2023-02-07,396.9979248046875
2023-02-08,392.6568908691406
2023-02-09,389.2528991699219
2023-02-10,390.1612854003906
2023-02-13,394.74139404296875
2023-02-14,394.55975341796875
2023-02-15,395.841064453125
2023-02-16,390.3907775878906
2023-02-17,389.41546630859375
2023-02-21,381.60345458984375
2023-02-22,381.0775146484375
2023-02-23,383.1046142578125
2023-02-24,379.0121765136719
2023-02-27,380.30303955078125
2023-02-28,378.8974609375
2023-03-01,377.44403076171875
2023-03-02,380.3795166015625
2023-03-03,386.47998046875
2023-03-06,386.74774169921875
2023-03-07,380.8193359375
2023-03-08,381.44091796875
2023-03-09,374.40338134765625
2023-03-10,369.0008850097656
2023-03-13,368.4749755859375
2023-03-14,374.56597900390625
2023-03-15,372.2232360839844
2023-03-16,378.7539978027344
2023-03-17,374.3253479003906
2023-03-20,377.9247131347656
2023-03-21,382.88702392578125
2023-03-22,376.3601989746094
2023-03-23,377.3775939941406
2023-03-24,379.8539733886719
2023-03-27,380.5643005371094
2023-03-28,379.7100524902344
2023-03-29,385.2290954589844
2023-03-30,387.484619140625
2023-03-31,392.9461364746094
2023-04-03,394.4435119628906
2023-04-04,392.25506591796875
2023-04-05,391.22796630859375
2023-04-06,392.7541809082031
2023-04-10,393.1572570800781
2023-04-11,393.2628479003906
2023-04-12,391.6598815917969
2023-04-13,396.86224365234375
2023-04-14,395.89276123046875
2023-04-17,397.3133239746094
2023-04-18,397.5724792480469
2023-04-19,397.5053405761719
2023-04-20,395.3360900878906
2023-04-21,395.6432800292969
2023-04-24,396.0559997558594
2023-04-25,389.76898193359375
2023-04-26,388.11810302734375
2023-04-27,395.84478759765625
2023-04-28,399.22344970703125
2023-05-01,398.8203430175781
2023-05-02,394.337890625
2023-05-03,391.6311340332031
2023-05-04,388.85723876953125
2023-05-05,396.0559997558594
2023-05-08,396.1615905761719
2023-05-09,394.42425537109375
2023-05-10,396.2671203613281
2023-05-11,395.5760498046875
2023-05-12,395.05780029296875
2023-05-15,396.4206848144531
2023-05-16,393.7716064453125
2023-05-17,398.551513671875
2023-05-18,402.3908386230469
2023-05-19,401.80535888671875
2023-05-22,401.96856689453125
2023-05-23,397.457275390625
2023-05-24,394.5777893066406
2023-05-25,397.9948425292969
2023-05-26,403.1490478515625
2023-05-30,403.3027038574219
2023-05-31,401.0663146972656
2023-06-01,404.8768005371094
2023-06-02,410.7318420410156
2023-06-05,409.9447937011719
2023-06-06,410.83740234375
2023-06-07,409.4168395996094
2023-06-08,411.89324951171875
2023-06-09,412.63226318359375
2023-06-12,416.3756408691406
2023-06-13,419.12078857421875
2023-06-14,419.6199035644531
2023-06-15,424.8221740722656
2023-06-16,423.37518310546875
2023-06-20,421.1785583496094
2023-06-21,419.0205383300781
2023-06-22,420.5331115722656
2023-06-23,417.3539123535156
2023-06-26,415.6487121582031
2023-06-27,420.2055969238281
2023-06-28,420.4175109863281
2023-06-29,422.07452392578125
2023-06-30,427.05535888671875
2023-07-03,427.5466003417969
2023-07-05,426.9107666015625
2023-07-06,423.56781005859375
2023-07-07,422.4984436035156
2023-07-10,423.56781005859375
2023-07-11,426.26531982421875
2023-07-12,429.6950378417969
2023-07-13,433.1054992675781
2023-07-14,432.835693359375
2023-07-17,434.3385925292969
2023-07-18,437.56597900390625
2023-07-19,438.5390319824219
2023-07-20,435.62957763671875
2023-07-21,435.62957763671875
2023-07-24,437.57562255859375
2023-07-25,438.7702331542969
2023-07-26,438.83770751953125
2023-07-27,435.9282531738281
2023-07-28,440.1960754394531
2023-07-31,441.0343017578125
2023-08-01,439.7721862792969
2023-08-02,433.65460205078125
2023-08-03,432.4118347167969
2023-08-04,430.4560546875
2023-08-07,434.2134094238281
2023-08-08,432.3251037597656
2023-08-09,429.4349365234375
2023-08-10,429.5890197753906
2023-08-11,429.33856201171875
2023-08-14,431.7085266113281
2023-08-15,426.6796569824219
2023-08-16,423.5486145019531
2023-08-17,420.3211975097656
2023-08-18,420.5234680175781
2023-08-21,423.259521484375
2023-08-22,422.1130676269531
2023-08-23,426.814453125
2023-08-24,420.8992004394531
2023-08-25,423.86651611328125
2023-08-28,426.5543518066406
2023-08-29,432.7201232910156
2023-08-30,434.5023498535156
2023-08-31,433.8665466308594
2023-09-01,434.67578125
2023-09-05,432.7972106933594
2023-09-06,429.8877258300781
2023-09-07,428.56787109375
2023-09-08,429.21331787109375
2023-09-11,432.0361328125
2023-09-12,429.6661376953125
2023-09-13,430.16717529296875
2023-09-14,433.8761901855469
2023-09-15,428.6487121582031
2023-09-18,428.9000549316406
2023-09-19,428.0106201171875
2023-09-20,424.07574462890625
2023-09-21,417.0664978027344
2023-09-22,416.1286926269531
2023-09-25,417.8786315917969
2023-09-26,411.73944091796875
2023-09-27,411.9037780761719
2023-09-28,414.291748046875
2023-09-29,413.28631591796875
2023-10-02,413.1219482421875
2023-10-03,407.5918884277344
2023-10-04,410.5599670410156
2023-10-05,410.4052429199219
2023-10-06,415.2779541015625
2023-10-09,417.93658447265625
2023-10-10,420.1119384765625
2023-10-11,421.83282470703125
2023-10-12,419.2611083984375
2023-10-13,417.1728210449219
2023-10-16,421.5621643066406
2023-10-17,421.54278564453125
2023-10-18,415.9256591796875
2023-10-19,412.2711486816406
2023-10-20,407.20513916015625
2023-10-23,406.4994201660156
2023-10-24,409.56414794921875
2023-10-25,403.6860046386719
2023-10-26,398.85205078125
2023-10-27,397.0440673828125
2023-10-30,401.7910461425781
2023-10-31,404.314453125
2023-11-01,408.6263427734375
2023-11-02,416.4574279785156
2023-11-03,420.2569274902344
2023-11-06,421.22369384765625
2023-11-07,422.42254638671875
2023-11-08,422.7319030761719
2023-11-09,419.43511962890625
2023-11-10,425.9803161621094
2023-11-13,425.5743103027344
2023-11-14,433.83074951171875
2023-11-15,434.7491760253906
2023-11-16,435.28094482421875
2023-11-17,435.8223571777344
2023-11-20,439.1771240234375
2023-11-21,438.2199401855469
2023-11-22,439.9118957519531
2023-11-24,440.1826171875
2023-11-27,439.3898010253906
2023-11-28,439.82489013671875
2023-11-29,439.5155029296875
2023-11-30,441.2460632324219
2023-12-01,443.8564147949219
2023-12-04,441.5264587402344
2023-12-05,441.4394226074219
2023-12-06,439.6605224609375
2023-12-07,443.0152893066406
2023-12-08,444.919921875
2023-12-11,446.6504821777344
2023-12-12,448.6904602050781
2023-12-13,454.8778991699219
2023-12-14,456.3377380371094
2023-12-15,455.58642578125
2023-12-18,458.149169921875
2023-12-19,460.93499755859375
2023-12-20,454.5477600097656
2023-12-21,458.8577575683594
2023-12-22,459.77996826171875
2023-12-26,461.72137451171875
2023-12-27,462.5561828613281
2023-12-28,462.73089599609375
2023-12-29,461.391357421875
2024-01-02,458.8092346191406
2024-01-03,455.062255859375
2024-01-04,453.5964660644531
2024-01-05,454.21771240234375
2024-01-08,460.70208740234375
2024-01-09,460.0032043457031
2024-01-10,462.6047058105469
2024-01-11,462.40087890625
2024-01-12,462.72119140625
2024-01-16,461.0224609375
2024-01-17,458.4597473144531
2024-01-18,462.5367736816406
2024-01-19,468.30279541015625
2024-01-22,469.29296875
2024-01-23,470.6616516113281
2024-01-24,471.1761779785156
2024-01-25,473.7388610839844
2024-01-26,473.13702392578125
2024-01-29,476.8839111328125
2024-01-30,476.51507568359375
2024-01-31,468.7396240234375
2024-02-01,474.8746337890625
2024-02-02,479.873779296875
2024-02-05,478.1264343261719
2024-02-06,479.51458740234375
2024-02-07,483.51397705078125
2024-02-08,483.7275390625
2024-02-09,486.523193359375
2024-02-12,486.3096008300781
2024-02-13,479.6116638183594
2024-02-14,483.9701843261719
2024-02-15,487.30950927734375
2024-02-16,484.8826599121094
2024-02-20,482.2132263183594
2024-02-21,482.64996337890625
2024-02-22,492.63873291015625
2024-02-23,492.9783935546875
2024-02-26,491.1728820800781
2024-02-27,492.08538818359375
2024-02-28,491.43499755859375
2024-02-29,493.20172119140625
2024-03-01,497.83203125
2024-03-04,497.298095703125
2024-03-05,492.3280334472656
2024-03-06,494.82281494140625
2024-03-07,499.7346496582031
2024-03-08,496.735107421875
2024-03-11,496.3079833984375
2024-03-12,501.6470031738281
2024-03-13,500.860595703125
2024-03-14,499.8704833984375
2024-03-15,496.4381408691406
2024-03-18,499.3885498046875
2024-03-19,502.1636962890625
2024-03-20,506.808349609375
2024-03-21,508.48321533203125
2024-03-22,507.5191955566406
2024-03-25,506.1169738769531
2024-03-26,505.1822204589844
2024-03-27,509.4277038574219
2024-03-28,509.3304138183594
2024-04-01,508.4443054199219
2024-04-02,505.2115478515625
2024-04-03,505.7664489746094
2024-04-04,499.593017578125
2024-04-05,504.8122253417969
2024-04-08,505.0946350097656
2024-04-09,505.6788024902344
2024-04-10,500.61541748046875
2024-04-11,504.3935241699219
2024-04-12,497.4313659667969
2024-04-15,491.1994934082031
2024-04-16,490.3035888671875
2024-04-17,487.4018859863281
2024-04-18,486.39892578125
2024-04-19,482.1534729003906
2024-04-22,486.59368896484375
2024-04-23,492.3679504394531
2024-04-24,492.13427734375
2024-04-25,490.2646484375
2024-04-26,494.9093322753906
2024-04-29,496.6620788574219
2024-04-30,488.7943420410156
2024-05-01,487.2071533203125
2024-05-02,491.7641906738281
2024-05-03,497.8597717285156
2024-05-06,503.00115966796875
2024-05-07,503.5561218261719
2024-05-08,503.6047668457031
2024-05-09,506.50653076171875
2024-05-10,507.1589050292969
2024-05-13,507.22711181640625
2024-05-14,509.5544128417969
2024-05-15,515.8641967773438
2024-05-16,514.802734375
2024-05-17,515.542724609375
2024-05-20,516.13671875
2024-05-21,517.402587890625
2024-05-22,515.912841796875
2024-05-23,512.1444091796875
2024-05-24,515.5331420898438
2024-05-28,515.8931884765625
2024-05-29,512.2806396484375
2024-05-30,508.8824157714844
2024-05-31,513.517333984375
2024-06-03,513.9360961914062
2024-06-04,514.5106811523438
2024-06-05,520.6256713867188
2024-06-06,520.6158447265625
2024-06-07,519.9829711914062
2024-06-10,521.5897216796875
2024-06-11,522.8458251953125
2024-06-12,527.1398315429688
2024-06-13,528.2012939453125
2024-06-14,528.522705078125
2024-06-17,532.7291259765625
2024-06-18,534.0826416015625
2024-06-20,532.6317138671875
2024-06-21,531.917724609375
2024-06-24,530.1885375976562
2024-06-25,532.230224609375
2024-06-26,532.8945922851562
2024-06-27,533.734619140625
2024-06-28,531.6343994140625
2024-07-01,532.7284545898438
2024-07-02,536.3136596679688
2024-07-03,538.7068481445312
2024-07-05,541.8134765625
2024-07-08,542.4386596679688
2024-07-09,542.9661254882812
2024-07-10,548.3389892578125
2024-07-11,543.61083984375
2024-07-12,547.039794921875
2024-07-15,548.5441284179688
2024-07-16,551.7970581054688
2024-07-17,544.0602416992188
2024-07-18,539.8792114257812
2024-07-19,536.2940063476562
2024-07-22,541.8232421875
2024-07-23,540.973388671875
2024-07-24,528.7135009765625
2024-07-25,525.958740234375
2024-07-26,531.8492431640625
2024-07-29,532.1619262695312
2024-07-30,529.4658203125
2024-07-31,538.0719604492188
2024-08-01,530.452392578125
2024-08-02,520.576171875
2024-08-05,505.4151306152344
2024-08-06,510.0748291015625
2024-08-07,506.6654357910156
2024-08-08,518.3782348632812
2024-08-09,520.6640625
2024-08-12,520.9376220703125
2024-08-13,529.5048828125
2024-08-14,531.1751708984375
2024-08-15,540.2797241210938
2024-08-16,541.4910278320312
2024-08-19,546.66845703125
2024-08-20,545.7796020507812
2024-08-21,547.6550903320312
2024-08-22,543.3568725585938
2024-08-23,549.1301879882812
2024-08-26,547.8212280273438
2024-08-27,548.5733642578125
2024-08-28,545.3887939453125
2024-08-29,545.4376220703125
2024-08-30,550.6443481445312
2024-09-03,539.312744140625
2024-09-04,538.2088012695312
2024-09-05,536.8997802734375
2024-09-06,527.8636474609375
2024-09-09,533.773681640625
2024-09-10,536.0987548828125
2024-09-11,541.5985107421875
2024-09-12,546.1605224609375
2024-09-13,549.0130004882812
2024-09-16,549.82373046875
2024-09-17,550.0484619140625
2024-09-18,548.417236328125
2024-09-19,557.775634765625
2024-09-20,556.8113403320312
2024-09-23,558.2028198242188
2024-09-24,559.7999877929688
2024-09-25,558.5653076171875
2024-09-26,560.77978515625
2024-09-27,559.966552734375
2024-09-30,562.2105102539062
2024-10-01,557.1738891601562
2024-10-02,557.4091186523438
2024-10-03,556.3899536132812
2024-10-04,561.446044921875
2024-10-07,556.370361328125
2024-10-08,561.6322631835938
2024-10-09,565.5223388671875
2024-10-10,564.5326538085938
2024-10-11,567.9132690429688
2024-10-14,572.557861328125
2024-10-15,568.1093139648438
2024-10-16,570.5785522460938
2024-10-17,570.6275024414062
2024-10-18,572.8224487304688
2024-10-21,571.8818359375
2024-10-22,571.5779418945312
2024-10-23,566.3551635742188
2024-10-24,567.5801391601562
2024-10-25,567.3841552734375
2024-10-28,569.1380615234375
2024-10-29,570.0591430664062
2024-10-30,568.3345947265625
2024-10-31,557.1935424804688
2024-11-01,559.545166015625
2024-11-04,558.3399047851562
2024-11-05,565.0912475585938
2024-11-06,579.1426391601562
2024-11-07,583.6205444335938
2024-11-08,586.148681640625
2024-11-11,586.7071533203125
2024-11-12,584.8846435546875
2024-11-13,585.1687622070312
2024-11-14,581.4061279296875
2024-11-15,573.9591064453125
2024-11-18,576.3108520507812
2024-11-19,578.41748046875
2024-11-20,578.613525390625
2024-11-21,581.7196655273438
2024-11-22,583.522705078125
2024-11-25,585.5018920898438
2024-11-26,588.5592041015625
2024-11-27,586.7757568359375
2024-11-29,590.4208374023438
2024-12-02,591.4791259765625
2024-12-03,591.7535400390625
2024-12-04,595.427978515625
2024-12-05,594.4480590820312
2024-12-06,595.5750732421875
2024-12-09,592.5079956054688
2024-12-10,590.6658935546875
2024-12-11,595.2320556640625
2024-12-12,592.1650390625
2024-12-13,592.0474853515625
2024-12-16,594.5755615234375
2024-12-17,592.1258544921875
2024-12-18,574.4784545898438
2024-12-19,574.302001953125
2024-12-20,581.199951171875
2024-12-23,584.6802978515625
2024-12-24,591.1790161132812
2024-12-26,591.2184448242188
2024-12-27,584.9950561523438
2024-12-30,578.3192749023438
2024-12-31,576.21533203125
2025-01-02,574.7994995117188
2025-01-03,581.9864501953125
2025-01-06,585.3389892578125
2025-01-07,578.722412109375
2025-01-08,579.56787109375
2025-01-10,570.7193603515625
2025-01-13,571.604248046875
2025-01-14,572.3907470703125
2025-01-15,582.8024291992188
2025-01-16,581.6817016601562
2025-01-17,587.521728515625
2025-01-21,592.899658203125
2025-01-22,596.2326049804688
2025-01-23,599.48681640625
2025-01-24,597.73681640625
2025-01-27,589.2816162109375
2025-01-28,594.3448486328125
2025-01-29,591.6804809570312
2025-01-30,594.8560791015625
2025-01-31,591.6903686523438
2025-02-03,587.70849609375
2025-02-04,591.6510620117188
2025-02-05,594.0499877929688
2025-02-06,596.1146240234375
2025-02-07,590.6580810546875
2025-02-10,594.6693115234375
2025-02-11,595.1215209960938
2025-02-12,593.2044067382812
2025-02-13,599.4671630859375
2025-02-14,599.4376831054688
2025-02-18,601.197509765625
2025-02-19,602.6133422851562
2025-02-20,600.1063232421875
2025-02-21,589.8419799804688
2025-02-24,587.1580200195312
2025-02-25,584.2379150390625
2025-02-26,584.5328369140625
2025-02-27,575.2025146484375
2025-02-28,584.1788940429688
2025-03-03,573.9441528320312
2025-03-04,567.1505126953125
2025-03-05,573.24609375
2025-03-06,563.0703125
2025-03-07,566.226318359375
2025-03-10,551.14453125
2025-03-11,546.5628662109375
2025-03-12,549.4633178710938
2025-03-13,542.1386108398438
2025-03-14,553.3369750976562
2025-03-17,557.6038818359375
2025-03-18,551.5770874023438
2025-03-19,557.584228515625
2025-03-20,555.9718627929688
2025-03-21,556.1552124023438
2025-03-24,566.1151733398438
2025-03-25,567.4760131835938
2025-03-26,560.7013549804688
2025-03-27,559.2122192382812
2025-03-28,547.95068359375
2025-03-31,551.6289672851562
2025-04-01,553.18701171875
2025-04-02,556.6878051757812
2025-04-03,529.2538452148438
2025-04-04,498.2696838378906
2025-04-07,497.3821716308594
2025-04-08,489.5918273925781
2025-04-09,541.0084228515625
2025-04-10,517.3019409179688
2025-04-11,526.5320434570312
2025-04-14,531.6401977539062
2025-04-15,530.151123046875
2025-04-16,518.3668212890625
2025-04-17,519.1065063476562
2025-04-21,506.7503662109375
2025-04-22,519.9348754882812
2025-04-23,527.991455078125
2025-04-24,539.1051635742188
2025-04-25,543.0004272460938
2025-04-28,543.2073974609375
2025-04-29,546.6293334960938
2025-04-30,546.84619140625
2025-05-01,550.7217407226562
2025-05-02,558.896728515625
2025-05-05,555.6918334960938
2025-05-06,551.0471801757812
2025-05-07,553.3646240234375
2025-05-08,557.2202758789062
2025-05-09,556.51025390625
2025-05-12,574.9014892578125
2025-05-13,578.6981201171875
2025-05-14,579.4376831054688
2025-05-15,582.2678833007812
2025-05-16,585.9559936523438
2025-05-19,586.596923828125
2025-05-20,584.624755859375
2025-05-21,574.7733154296875
2025-05-22,575.0001831054688
2025-05-23,571.0752563476562
2025-05-27,582.9483032226562
2025-05-28,579.5757446289062
2025-05-29,581.8635864257812
2025-05-30,581.2127685546875
2025-06-02,584.4866333007812
2025-06-03,587.81982421875
2025-06-04,587.6620483398438
2025-06-05,584.8218994140625
2025-06-06,590.8275146484375
2025-06-09,591.3599243164062
2025-06-10,594.7128295898438
2025-06-11,593.0166015625
2025-06-12,595.3734741210938
2025-06-13,588.7171630859375
2025-06-16,594.318359375
2025-06-17,589.2398071289062
2025-06-18,589.1510009765625
2025-06-20,587.7673950195312
2025-06-23,593.572998046875
2025-06-24,600.1304321289062
2025-06-25,600.4666137695312
2025-06-26,605.1646118164062
2025-06-27,608.1713256835938
2025-06-30,611.0790405273438
2025-07-01,610.8812866210938
2025-07-02,613.6505737304688
2025-07-03,618.4869995117188
2025-07-07,613.8780517578125
2025-07-08,613.5418090820312
2025-07-09,617.2210083007812
2025-07-10,618.9617309570312
2025-07-11,616.7858276367188
2025-07-14,617.9627685546875
2025-07-15,615.3220825195312
2025-07-16,617.3792114257812
2025-07-17,621.1574096679688
2025-07-18,620.7024536132812
2025-07-21,621.87939453125
2025-07-22,621.9683227539062
2025-07-23,627.2598266601562
2025-07-24,627.4674682617188
2025-07-25,630.1181030273438
2025-07-28,629.9598388671875
2025-07-29,628.2982788085938
2025-07-30,627.507080078125
2025-07-31,625.1531372070312
2025-08-01,614.9066162109375
2025-08-04,624.2530517578125
2025-08-05,621.0880737304688
2025-08-06,625.8455200195312
2025-08-07,625.3212890625
2025-08-08,630.197265625
2025-08-11,628.9509887695312
2025-08-12,635.6468505859375
2025-08-13,637.82275390625
2025-08-14,637.8821411132812
2025-08-15,636.388671875
2025-08-18,636.2501220703125
2025-08-19,632.7984008789062
2025-08-20,631.1170654296875
2025-08-21,628.5850830078125
2025-08-22,638.2380981445312
2025-08-25,635.42919921875
2025-08-26,638.0897827148438
2025-08-27,639.5436401367188
2025-08-28,641.80859375
2025-08-29,637.98095703125
2025-09-02,633.2533569335938
2025-09-03,636.685302734375
2025-09-04,642.0064086914062
2025-09-05,640.1469116210938
2025-09-08,641.7196044921875
2025-09-09,643.203125
2025-09-10,645.0625610351562
2025-09-11,650.423095703125
2025-09-12,650.2054443359375
2025-09-15,653.6671142578125
2025-09-16,652.7671508789062
2025-09-17,651.9561767578125
2025-09-18,655.0023803710938
2025-09-19,658.2465209960938
2025-09-22,661.3607788085938
2025-09-23,657.7606201171875
2025-09-24,655.6678466796875
2025-09-25,652.6429443359375
2025-09-26,656.3820190429688
2025-09-29,658.2266845703125
2025-09-30,660.7061157226562
2025-10-01,662.9574584960938
2025-10-02,663.7210693359375
2025-10-03,663.7112426757812
2025-10-06,666.0914916992188
2025-10-07,663.6219482421875
2025-10-08,667.5791625976562
2025-10-09,665.6452026367188
2025-10-10,647.6542358398438
2025-10-13,657.5919189453125
2025-10-14,656.78857421875
2025-10-15,659.7044067382812
2025-10-16,655.2116088867188
2025-10-17,658.9308471679688
2025-10-20,665.7840576171875
2025-10-21,665.7741088867188
2025-10-22,662.3128051757812
2025-10-23,666.2402954101562
2025-10-24,671.6851806640625
2025-10-27,679.6094970703125
2025-10-28,681.41455078125
2025-10-29,681.7418823242188
2025-10-30,674.2440185546875
2025-10-31,676.45556640625
2025-11-03,677.7251586914062
2025-11-04,669.6917114257812
2025-11-05,672.012451171875
2025-11-06,664.8021850585938
2025-11-07,665.4567260742188
2025-11-10,675.8406982421875
2025-11-11,677.3878784179688
2025-11-12,677.7648315429688
2025-11-13,666.5180053710938
2025-11-14,666.4088745117188
2025-11-17,660.2003173828125
2025-11-18,654.65625
2025-11-19,657.185302734375
2025-11-20,647.1683349609375
2025-11-21,653.6149291992188
2025-11-24,663.235107421875
2025-11-25,669.4735107421875
2025-11-26,674.09521484375
2025-11-28,677.7747192382812
2025-12-01,674.6802978515625
2025-12-02,675.9300537109375
2025-12-03,678.2706298828125
2025-12-04,678.7664794921875
2025-12-05,680.0557861328125
2025-12-08,678.0127563476562
2025-12-09,677.4275512695312
2025-12-10,681.92041015625
2025-12-11,683.5072021484375
2025-12-12,676.1581420898438
2025-12-15,675.1365356445312
2025-12-16,673.2918701171875
2025-12-17,665.8832397460938
2025-12-18,670.9114990234375
2025-12-19,676.9923095703125
2025-12-22,681.2098999023438
2025-12-23,684.3233032226562
2025-12-24,686.7305297851562
2025-12-26,686.660888671875
2025-12-29,684.2138671875
2025-12-30,683.3783569335938
2025-12-31,678.3152465820312
2026-01-02,679.55859375
2026-01-05,684.0845336914062
2026-01-06,688.1529541015625
2026-01-07,685.9347534179688
2026-01-08,685.8651123046875
2026-01-09,690.4010009765625
2026-01-12,691.4852294921875
2026-01-13,690.1026000976562
2026-01-14,686.7106323242188
2026-01-15,688.5806884765625
2026-01-16,688.0037231445312
2026-01-20,673.9981689453125
2026-01-21,681.77685546875
2026-01-22,685.3379516601562
2026-01-23,685.5865478515625
2026-01-26,689.0680541992188
2026-01-27,691.8134765625
2026-01-28,691.7438354492188
2026-01-29,690.3711547851562
2026-01-30,688.3120727539062
2026-02-02,691.7339477539062
2026-02-03,685.885009765625
2026-02-04,682.5626831054688
2026-02-05,674.0379638671875
2026-02-06,686.96923828125
2026-02-09,690.2816772460938
2026-02-10,688.4613037109375
2026-02-11,688.3021850585938
2026-02-12,677.668701171875
2026-02-13,678.1461181640625
2026-02-17,679.2402954101562
2026-02-18,682.662109375
2026-02-19,680.8616333007812
2026-02-20,685.7855834960938
2026-02-23,678.7827758789062
2026-02-24,683.7164916992188
2026-02-25,689.4859008789062
2026-02-26,685.6561889648438
2026-02-27,682.3637084960938
2026-03-02,682.751708984375
2026-03-03,676.7337036132812
2026-03-04,681.5082397460938
2026-03-05,677.70849609375
2026-03-06,668.82568359375
2026-03-09,674.6845703125
2026-03-10,673.6002807617188
2026-03-11,672.7548217773438
2026-03-12,662.5390625
2026-03-13,658.7890014648438
2026-03-16,665.493408203125
2026-03-17,667.2440185546875
2026-03-18,657.9335327148438
2026-03-19,656.3121948242188
2026-03-20,646.9034423828125
2026-03-23,653.6959228515625
2026-03-24,651.5015869140625
2026-03-25,655.1322021484375
2026-03-26,643.432373046875
2026-03-27,632.4606323242188
2026-03-30,630.3460693359375
2026-03-31,648.6688842773438
2026-04-01,653.5562744140625
2026-04-02,654.144775390625
2026-04-06,657.23681640625
2026-04-07,657.5260009765625
2026-04-08,674.27294921875
2026-04-09,678.162841796875
2026-04-10,677.7140502929688
2026-04-13,684.3369750976562
2026-04-14,692.675537109375
2026-04-15,698.1414184570312
2026-04-16,699.8569946289062
2026-04-17,708.3152465820312
2026-04-20,706.8988037109375
2026-04-21,702.2708129882812
2026-04-22,709.3825073242188
2026-04-23,706.6295776367188
2026-04-24,712.10546875
2026-04-27,713.332275390625
2026-04-28,709.8612060546875
2026-04-29,709.7515258789062
2026-04-30,716.8132934570312
2026-05-01,718.7982177734375
2026-05-04,716.1649780273438
2026-05-05,721.9102172851562
2026-05-06,731.9443359375
2026-05-07,729.7001342773438
2026-05-08,735.724609375
2026-05-11,737.4002685546875
2026-05-12,736.2831420898438
2026-05-13,740.4025268554688
2026-05-14,746.2474975585938
2026-05-15,737.2706298828125
2026-05-18,736.751953125
2026-05-19,731.8446044921875
2026-05-20,739.3452758789062
2026-05-21,740.8114624023438
2026-05-22,743.7239990234375
2026-05-26,748.6613159179688
2026-05-27,748.5316162109375
2026-05-28,752.6609497070312
2026-05-29,754.5361328125
2026-06-01,756.5908203125
2026-06-02,757.6182250976562
2026-06-03,752.3018798828125
2026-06-04,755.1445922851562
2026-06-05,735.65478515625
2026-06-08,737.3204345703125
2026-06-09,735.1560668945312
2026-06-10,723.56591796875
2026-06-11,735.8642578125
2026-06-12,739.843994140625
2026-06-15,752.890380859375
2026-06-16,748.4019775390625
2026-06-17,739.0560302734375
2026-06-18,746.739990234375
2026-06-22,744.3900146484375
2026-06-23,733.5800170898438
2026-06-24,733.239990234375
2026-06-25,734.2999877929688
2026-06-26,728.989990234375
2026-06-29,741.0
2026-06-30,746.77001953125
2026-07-01,745.760009765625
2026-07-02,744.780029296875
2026-07-06,751.280029296875
2026-07-07,747.7100219726562
2026-07-08,745.4000244140625
2026-07-09,751.7100219726562
2026-07-10,754.9500122070312
2026-07-13,749.1699829101562
2026-07-14,751.8300170898438
2026-07-15,754.8099975585938
2026-07-16,750.719970703125
2026-07-17,743.2899780273438
2026-07-20,742.0900268554688
2026-07-21,748.280029296875
2026-07-22,747.4099731445312
2026-07-23,738.1799926757812
2026-07-24,738.9299926757812
2026-07-27,739.0900268554688
2026-07-28,740.8599853515625
2026-07-29,729.4600219726562
2026-07-30,741.739990234375
